2026-02-11 08:56:25,355 - INFO - Task Started
2026-02-11 09:03:19,683 - INFO - --- New Download Session ---
2026-02-11 09:03:19,683 - INFO - Downloading sector data...
2026-02-11 09:43:59,330 - INFO - --- Force Download Session (Skipping Sector Sync) ---
2026-02-11 09:43:59,346 - INFO - Targeting 5190 stocks.
2026-02-11 09:43:59,346 - INFO - [1] Downloading: ['600051.SH', '605090.SH', '600025.SH', '601222.SH', '688031.SH', '603335.SH', '688045.SH', '603341.SH', '600967.SH', '603237.SH']
2026-02-11 09:44:04,752 - INFO - Batch done. Sleeping 5s...
2026-02-11 09:44:09,752 - INFO - [2] Downloading: ['688528.SH', '688133.SH', '603658.SH', '600865.SH', '688147.SH', '605589.SH', '600153.SH', '600548.SH', '688805.SH', '600127.SH']
2026-02-11 09:44:13,752 - INFO - Batch done. Sleeping 5s...
2026-02-11 09:44:18,768 - INFO - [3] Downloading: ['688343.SH', '688758.SH', '603033.SH', '603999.SH', '688337.SH', '600738.SH', '600323.SH', '601866.SH', '600221.SH', '600255.SH']
2026-02-11 09:44:22,799 - INFO - Batch done. Sleeping 5s...
2026-02-11 09:44:27,800 - INFO - [4] Downloading: ['605208.SH', '601026.SH', '688235.SH', '603131.SH', '601801.SH', '603916.SH', '600330.SH', '605319.SH', '688350.SH', '603020.SH']
2026-02-11 09:44:33,205 - INFO - Batch done. Sleeping 5s...
2026-02-11 09:44:38,206 - INFO - [5] Downloading: ['601137.SH', '688252.SH', '603156.SH', '603888.SH', '688226.SH', '603122.SH', '600629.SH', '600232.SH', '603860.SH', '600246.SH']
2026-02-11 09:44:42,596 - INFO - Batch done. Sleeping 5s...
2026-02-11 09:44:47,596 - INFO - [6] Downloading: ['605287.SH', '688439.SH', '601231.SH', '688022.SH', '603326.SH', '600900.SH', '688056.SH', '603352.SH', '600459.SH', '600036.SH']
2026-02-11 09:44:51,611 - INFO - Batch done. Sleeping 5s...
2026-02-11 09:44:56,614 - INFO - [7] Downloading: ['688816.SH', '605169.SH', '600802.SH', '601333.SH', '688120.SH', '601728.SH', '600876.SH', '603170.SH', '600693.SH', '600288.SH']
2026-02-11 09:45:01,127 - INFO - Batch done. Sleeping 5s...
2026-02-11 09:45:06,129 - INFO - [8] Downloading: ['688200.SH', '688687.SH', '603198.SH', '603583.SH', '601827.SH', '688785.SH', '600316.SH', '600362.SH', '600779.SH', '603072.SH']
2026-02-11 09:45:10,439 - INFO - Batch done. Sleeping 5s...
2026-02-11 09:45:15,455 - INFO - [9] Downloading: ['688376.SH', '603006.SH', '600791.SH', '601111.SH', '688719.SH', '688302.SH', '600166.SH', '603685.SH', '688581.SH', '600509.SH']
2026-02-11 09:45:20,158 - INFO - Batch done. Sleeping 5s...
2026-02-11 09:45:25,174 - INFO - [10] Downloading: ['603202.SH', '603619.SH', '600824.SH', '600595.SH', '688106.SH', '603276.SH', '600850.SH', '688172.SH', '688569.SH', '600497.SH']
2026-02-11 09:45:29,221 - INFO - Batch done. Sleeping 5s...
2026-02-11 09:45:34,222 - INFO - [11] Downloading: ['688004.SH', '603300.SH', '600926.SH', '601678.SH', '688070.SH', '600064.SH', '688098.SH', '600010.SH', '603787.SH', '603211.SH']
2026-02-11 09:45:38,596 - INFO - Batch done. Sleeping 5s...
2026-02-11 09:45:43,612 - INFO - [12] Downloading: ['600586.SH', '688115.SH', '600843.SH', '605128.SH', '688161.SH', '603696.SH', '688592.SH', '688189.SH', '600101.SH', '601298.SH']
2026-02-11 09:45:47,721 - INFO - Batch done. Sleeping 5s...
2026-02-11 09:45:52,723 - INFO - [13] Downloading: ['600418.SH', '688017.SH', '603313.SH', '603708.SH', '600935.SH', '688063.SH', '688478.SH', '603367.SH', '600941.SH', '600207.SH']
2026-02-11 09:45:56,971 - INFO - Batch done. Sleeping 5s...
2026-02-11 09:46:01,971 - INFO - [14] Downloading: ['603590.SH', '603855.SH', '600273.SH', '600668.SH', '688267.SH', '603578.SH', '603163.SH', '601000.SH', '688608.SH', '688213.SH']
2026-02-11 09:46:06,861 - INFO - Batch done. Sleeping 5s...
2026-02-11 09:46:11,879 - INFO - [15] Downloading: ['603117.SH', '603061.SH', '688365.SH', '603015.SH', '605358.SH', '600782.SH', '600399.SH', '601519.SH', '688311.SH', '603089.SH']
2026-02-11 09:46:16,174 - INFO - Batch done. Sleeping 5s...
2026-02-11 09:46:21,176 - INFO - [16] Downloading: ['688796.SH', '600305.SH', '600371.SH', '600880.SH', '600531.SH', '600545.SH', '603655.SH', '600868.SH', '688551.SH', '605177.SH']
2026-02-11 09:46:25,471 - INFO - Batch done. Sleeping 5s...
2026-02-11 09:46:30,473 - INFO - [17] Downloading: ['688525.SH', '688048.SH', '603757.SH', '605001.SH', '603338.SH', '600028.SH', '600433.SH', '600982.SH', '688238.SH', '688623.SH']
2026-02-11 09:46:34,642 - INFO - Batch done. Sleeping 5s...
2026-02-11 09:46:39,646 - INFO - [18] Downloading: ['603896.SH', '603527.SH', '688657.SH', '600643.SH', '600258.SH', '605299.SH', '601969.SH', '600637.SH', '600741.SH', '603908.SH']
2026-02-11 09:46:43,658 - INFO - Batch done. Sleeping 5s...
2026-02-11 09:46:48,660 - INFO - [19] Downloading: ['600735.SH', '688721.SH', '688755.SH', '600650.SH', '603819.SH', '600624.SH', '601038.SH', '688630.SH', '603885.SH', '601992.SH']
2026-02-11 09:46:52,674 - INFO - Batch done. Sleeping 5s...
2026-02-11 09:46:57,691 - INFO - [20] Downloading: ['601890.SH', '688329.SH', '603987.SH', '603059.SH', '601555.SH', '605388.SH', '601878.SH', '600726.SH', '688159.SH', '603229.SH']
2026-02-11 09:47:01,736 - INFO - Batch done. Sleeping 5s...
2026-02-11 09:47:06,739 - INFO - [21] Downloading: ['688536.SH', '600893.SH', '600522.SH', '600556.SH', '600420.SH', '600979.SH', '603730.SH', '605066.SH', '601168.SH', '603949.SH']
2026-02-11 09:47:11,033 - INFO - Batch done. Sleeping 5s...
2026-02-11 09:47:16,037 - INFO - [22] Downloading: ['600774.SH', '603097.SH', '688393.SH', '688788.SH', '600676.SH', '688291.SH', '600219.SH', '600602.SH', '603195.SH', '601928.SH']
2026-02-11 09:47:20,299 - INFO - Batch done. Sleeping 5s...
2026-02-11 09:47:25,299 - INFO - [23] Downloading: ['600285.SH', '688616.SH', '603109.SH', '688662.SH', '688279.SH', '603566.SH', '688095.SH', '600406.SH', '603391.SH', '688466.SH']
2026-02-11 09:47:29,580 - INFO - Batch done. Sleeping 5s...
2026-02-11 09:47:34,580 - INFO - [24] Downloading: ['603379.SH', '600081.SH', '688009.SH', '601601.SH', '603716.SH', '603660.SH', '605136.SH', '601777.SH', '600829.SH', '600183.SH']
2026-02-11 09:47:38,768 - INFO - Batch done. Sleeping 5s...
2026-02-11 09:47:43,867 - INFO - [25] Downloading: ['600598.SH', '688510.SH', '601318.SH', '603688.SH', '688197.SH', '600570.SH', '688475.SH', '601666.SH', '600489.SH', '688401.SH']
2026-02-11 09:47:50,840 - INFO - Batch done. Sleeping 5s...
2026-02-11 09:47:55,850 - INFO - [26] Downloading: ['600938.SH', '600415.SH', '603799.SH', '603382.SH', '600461.SH', '603280.SH', '688184.SH', '600517.SH', '600563.SH', '600178.SH']
2026-02-11 09:48:00,293 - INFO - Batch done. Sleeping 5s...
2026-02-11 09:48:05,294 - INFO - [27] Downloading: ['603268.SH', '688577.SH', '603607.SH', '605151.SH', '688118.SH', '688503.SH', '601588.SH', '688380.SH', '600308.SH', '600713.SH']
2026-02-11 09:48:09,633 - INFO - Batch done. Sleeping 5s...
2026-02-11 09:48:14,650 - INFO - [28] Downloading: ['603018.SH', '688707.SH', '603477.SH', '688368.SH', '688605.SH', '603501.SH', '688671.SH', '603858.SH', '600665.SH', '688282.SH']
2026-02-11 09:48:18,868 - INFO - Batch done. Sleeping 5s...
2026-02-11 09:48:23,883 - INFO - [29] Downloading: ['688699.SH', '600611.SH', '603186.SH', '603969.SH', '600754.SH', '600720.SH', '605366.SH', '603444.SH', '688636.SH', '603883.SH']
2026-02-11 09:48:28,713 - INFO - Batch done. Sleeping 5s...
2026-02-11 09:48:33,715 - INFO - [30] Downloading: ['603129.SH', '688259.SH', '600622.SH', '600239.SH', '601908.SH', '603359.SH', '688432.SH', '688029.SH', '605060.SH', '600426.SH']
2026-02-11 09:48:37,993 - INFO - Batch done. Sleeping 5s...
2026-02-11 09:48:42,993 - INFO - [31] Downloading: ['600997.SH', '600452.SH', '605088.SH', '600895.SH', '600550.SH', '605116.SH', '605162.SH', '600809.SH', '688530.SH', '600435.SH']
2026-02-11 09:48:47,243 - INFO - Batch done. Sleeping 5s...
2026-02-11 09:48:52,243 - INFO - [32] Downloading: ['600984.SH', '688455.SH', '605007.SH', '601229.SH', '603725.SH', '600918.SH', '603248.SH', '688557.SH', '688523.SH', '688138.SH']
2026-02-11 09:48:58,627 - INFO - Batch done. Sleeping 5s...
2026-02-11 09:49:03,628 - INFO - [33] Downloading: ['600886.SH', '600537.SH', '605199.SH', '600158.SH', '600543.SH', '603038.SH', '603992.SH', '688727.SH', '688348.SH', '600733.SH']
2026-02-11 09:49:07,830 - INFO - Batch done. Sleeping 5s...
2026-02-11 09:49:12,831 - INFO - [34] Downloading: ['600328.SH', '603878.SH', '600645.SH', '688625.SH', '603890.SH', '605277.SH', '688651.SH', '601059.SH', '600848.SH', '605123.SH']
2026-02-11 09:49:17,726 - INFO - Batch done. Sleeping 5s...
2026-02-11 09:49:22,727 - INFO - [35] Downloading: ['688571.SH', '603601.SH', '600196.SH', '688505.SH', '603286.SH', '688599.SH', '688182.SH', '600511.SH', '688080.SH', '601688.SH']
2026-02-11 09:49:27,806 - INFO - Batch done. Sleeping 5s...
2026-02-11 09:49:32,833 - INFO - [36] Downloading: ['600008.SH', '600467.SH', '688068.SH', '603777.SH', '600094.SH', '603318.SH', '603703.SH', '605055.SH', '600278.SH', '600663.SH']
2026-02-11 09:49:36,959 - INFO - Batch done. Sleeping 5s...
2026-02-11 09:49:41,960 - INFO - [37] Downloading: ['601949.SH', '600617.SH', '603180.SH', '688603.SH', '688218.SH', '603507.SH', '688677.SH', '603168.SH', '600789.SH', '600392.SH']
2026-02-11 09:49:46,620 - INFO - Batch done. Sleeping 5s...
2026-02-11 09:49:51,645 - INFO - [38] Downloading: ['688701.SH', '601512.SH', '601566.SH', '688775.SH', '600761.SH', '603082.SH', '603499.SH', '603928.SH', '688386.SH', '600715.SH']
2026-02-11 09:49:55,913 - INFO - Batch done. Sleeping 5s...
2026-02-11 09:50:00,925 - INFO - [39] Downloading: ['600698.SH', '600283.SH', '601018.SH', '688610.SH', '603839.SH', '688297.SH', '600604.SH', '603193.SH', '603588.SH', '601858.SH']
2026-02-11 09:50:05,490 - INFO - Batch done. Sleeping 5s...
2026-02-11 09:50:10,513 - INFO - [40] Downloading: ['600369.SH', '603091.SH', '601186.SH', '688395.SH', '600706.SH', '603416.SH', '600381.SH', '688712.SH', '688309.SH', '603079.SH']
2026-02-11 09:50:14,647 - INFO - Batch done. Sleeping 5s...
2026-02-11 09:50:19,660 - INFO - [41] Downloading: ['688766.SH', '688191.SH', '601799.SH', '600502.SH', '600119.SH', '600576.SH', '603666.SH', '688179.SH', '688562.SH', '603209.SH']
2026-02-11 09:50:26,040 - INFO - Batch done. Sleeping 5s...
2026-02-11 09:50:31,058 - INFO - [42] Downloading: ['603612.SH', '600185.SH', '688516.SH', '600959.SH', '601607.SH', '688488.SH', '688093.SH', '600400.SH', '600234.SH', '603866.SH']
2026-02-11 09:50:35,915 - INFO - Batch done. Sleeping 5s...
2026-02-11 09:50:40,921 - INFO - [43] Downloading: ['603150.SH', '688220.SH', '601033.SH', '603124.SH', '601999.SH', '603052.SH', '688356.SH', '603026.SH', '688322.SH', '688739.SH']
2026-02-11 09:50:45,066 - INFO - Batch done. Sleeping 5s...
2026-02-11 09:50:50,069 - INFO - [44] Downloading: ['600336.SH', '600759.SH', '603639.SH', '603222.SH', '688126.SH', '603256.SH', '605500.SH', '688549.SH', '688152.SH', '600132.SH']
2026-02-11 09:50:54,175 - INFO - Batch done. Sleeping 5s...
2026-02-11 09:50:59,178 - INFO - [45] Downloading: ['600529.SH', '600030.SH', '603320.SH', '600906.SH', '601658.SH', '688050.SH', '600155.SH', '600121.SH', '603231.SH', '600817.SH']
2026-02-11 09:51:04,422 - INFO - Batch done. Sleeping 5s...
2026-02-11 09:51:09,444 - INFO - [46] Downloading: ['605567.SH', '688135.SH', '601326.SH', '600863.SH', '605108.SH', '688141.SH', '688037.SH', '603728.SH', '603333.SH', '688458.SH']
2026-02-11 09:51:13,935 - INFO - Batch done. Sleeping 5s...
2026-02-11 09:51:18,949 - INFO - [47] Downloading: ['600961.SH', '600057.SH', '600023.SH', '600438.SH', '600989.SH', '688247.SH', '603558.SH', '688233.SH', '601020.SH', '688628.SH']
2026-02-11 09:51:23,254 - INFO - Batch done. Sleeping 5s...
2026-02-11 09:51:28,254 - INFO - [48] Downloading: ['603137.SH', '603801.SH', '600227.SH', '601916.SH', '600648.SH', '603903.SH', '600325.SH', '601860.SH', '603977.SH', '600351.SH']
2026-02-11 09:51:32,313 - INFO - Batch done. Sleeping 5s...
2026-02-11 09:51:37,334 - INFO - [49] Downloading: ['603041.SH', '601156.SH', '688345.SH', '603035.SH', '601888.SH', '605378.SH', '688331.SH', '600099.SH', '600482.SH', '688011.SH']
2026-02-11 09:51:41,763 - INFO - Batch done. Sleeping 5s...
2026-02-11 09:51:46,787 - INFO - [50] Downloading: ['601619.SH', '603315.SH', '605058.SH', '600933.SH', '688065.SH', '600071.SH', '688496.SH', '603389.SH', '600568.SH', '600173.SH']
2026-02-11 09:51:52,159 - INFO - Batch done. Sleeping 5s...
2026-02-11 09:51:57,160 - INFO - [51] Downloading: ['603690.SH', '600107.SH', '603217.SH', '600831.SH', '600580.SH', '688113.SH', '688508.SH', '603678.SH', '600845.SH', '688167.SH']
2026-02-11 09:52:01,634 - INFO - Batch done. Sleeping 5s...
2026-02-11 09:52:06,644 - INFO - [52] Downloading: ['601198.SH', '688790.SH', '600303.SH', '600718.SH', '600377.SH', '603067.SH', '688778.SH', '688363.SH', '603408.SH', '603013.SH']
2026-02-11 09:52:10,717 - INFO - Batch done. Sleeping 5s...
2026-02-11 09:52:15,719 - INFO - [53] Downloading: ['600784.SH', '688317.SH', '688261.SH', '603165.SH', '605228.SH', '600686.SH', '688215.SH', '601006.SH', '603111.SH', '688289.SH']
2026-02-11 09:52:19,896 - INFO - Batch done. Sleeping 5s...
2026-02-11 09:52:24,923 - INFO - [54] Downloading: ['688692.SH', '600201.SH', '603596.SH', '605339.SH', '601163.SH', '688370.SH', '603000.SH', '600797.SH', '601117.SH', '688398.SH']
2026-02-11 09:52:29,077 - INFO - Batch done. Sleeping 5s...
2026-02-11 09:52:34,084 - INFO - [55] Downloading: ['688783.SH', '603936.SH', '600310.SH', '601089.SH', '688681.SH', '600212.SH', '600609.SH', '603585.SH', '600266.SH', '688669.SH']
2026-02-11 09:52:39,802 - INFO - Batch done. Sleeping 5s...
2026-02-11 09:52:44,810 - INFO - [56] Downloading: ['601061.SH', '688272.SH', '603176.SH', '688206.SH', '601015.SH', '603519.SH', '603102.SH', '600479.SH', '600062.SH', '601696.SH']
2026-02-11 09:52:48,937 - INFO - Batch done. Sleeping 5s...
2026-02-11 09:52:53,937 - INFO - [57] Downloading: ['688485.SH', '600016.SH', '600491.SH', '688002.SH', '688419.SH', '601211.SH', '603306.SH', '688076.SH', '600822.SH', '600188.SH']
2026-02-11 09:52:58,119 - INFO - Batch done. Sleeping 5s...
2026-02-11 09:53:03,121 - INFO - [58] Downloading: ['600593.SH', '688100.SH', '603270.SH', '600160.SH', '603683.SH', '603298.SH', '600114.SH', '603012.SH', '603409.SH', '688316.SH']
2026-02-11 09:53:07,482 - INFO - Batch done. Sleeping 5s...
2026-02-11 09:53:12,483 - INFO - [59] Downloading: ['600785.SH', '603066.SH', '688362.SH', '688779.SH', '600376.SH', '603950.SH', '600719.SH', '600302.SH', '601199.SH', '603826.SH']
2026-02-11 09:53:16,882 - INFO - Batch done. Sleeping 5s...
2026-02-11 09:53:21,896 - INFO - [60] Downloading: ['688693.SH', '688288.SH', '601007.SH', '603110.SH', '688260.SH', '600004.SH', '603360.SH', '688010.SH', '601618.SH', '600483.SH']
2026-02-11 09:53:25,961 - INFO - Batch done. Sleeping 5s...
2026-02-11 09:53:30,962 - INFO - [61] Downloading: ['600098.SH', '600844.SH', '603679.SH', '603262.SH', '688166.SH', '601375.SH', '600830.SH', '603216.SH', '688509.SH', '688112.SH']
2026-02-11 09:53:35,078 - INFO - Batch done. Sleeping 5s...
2026-02-11 09:53:40,079 - INFO - [62] Downloading: ['600581.SH', '600106.SH', '688595.SH', '600172.SH', '600569.SH', '688077.SH', '600955.SH', '603768.SH', '603373.SH', '688418.SH']
2026-02-11 09:53:44,314 - INFO - Batch done. Sleeping 5s...
2026-02-11 09:53:49,314 - INFO - [63] Downloading: ['688003.SH', '600490.SH', '603307.SH', '600017.SH', '688484.SH', '600063.SH', '600478.SH', '603299.SH', '603682.SH', '600115.SH']
2026-02-11 09:53:53,833 - INFO - Batch done. Sleeping 5s...
2026-02-11 09:53:58,835 - INFO - [64] Downloading: ['688586.SH', '600161.SH', '600857.SH', '603271.SH', '688175.SH', '601366.SH', '603205.SH', '688101.SH', '600592.SH', '600189.SH']
2026-02-11 09:54:03,110 - INFO - Batch done. Sleeping 5s...
2026-02-11 09:54:08,113 - INFO - [65] Downloading: ['600365.SH', '603486.SH', '603937.SH', '688399.SH', '603001.SH', '601116.SH', '688305.SH', '600796.SH', '605338.SH', '603075.SH']
2026-02-11 09:54:12,383 - INFO - Batch done. Sleeping 5s...
2026-02-11 09:54:17,389 - INFO - [66] Downloading: ['688371.SH', '601579.SH', '601162.SH', '688207.SH', '600694.SH', '603103.SH', '603518.SH', '688273.SH', '688668.SH', '603177.SH']
2026-02-11 09:54:21,711 - INFO - Batch done. Sleeping 5s...
2026-02-11 09:54:26,712 - INFO - [67] Downloading: ['600267.SH', '601956.SH', '600608.SH', '601088.SH', '688680.SH', '600528.SH', '600133.SH', '605186.SH', '600871.SH', '603257.SH']
2026-02-11 09:54:31,320 - INFO - Batch done. Sleeping 5s...
2026-02-11 09:54:36,321 - INFO - [68] Downloading: ['688153.SH', '688548.SH', '600805.SH', '603223.SH', '603638.SH', '688127.SH', '688051.SH', '600973.SH', '605018.SH', '603355.SH']
2026-02-11 09:54:40,414 - INFO - Batch done. Sleeping 5s...
2026-02-11 09:54:45,414 - INFO - [69] Downloading: ['601236.SH', '688025.SH', '603321.SH', '600031.SH', '688221.SH', '605268.SH', '603125.SH', '601998.SH', '688255.SH', '603151.SH']
2026-02-11 09:54:49,633 - INFO - Batch done. Sleeping 5s...
2026-02-11 09:54:54,634 - INFO - [70] Downloading: ['600241.SH', '603867.SH', '600235.SH', '603813.SH', '601872.SH', '600343.SH', '600758.SH', '600337.SH', '603027.SH', '688323.SH']
2026-02-11 09:54:58,821 - INFO - Batch done. Sleeping 5s...
2026-02-11 09:55:03,836 - INFO - [71] Downloading: ['603053.SH', '688357.SH', '600252.SH', '600649.SH', '601963.SH', '600226.SH', '603800.SH', '601021.SH', '688629.SH', '688232.SH']
2026-02-11 09:55:08,477 - INFO - Batch done. Sleeping 5s...
2026-02-11 09:55:13,493 - INFO - [72] Downloading: ['603136.SH', '688246.SH', '603559.SH', '688330.SH', '603040.SH', '600350.SH', '603976.SH', '600862.SH', '605566.SH', '600816.SH']
2026-02-11 09:55:18,023 - INFO - Batch done. Sleeping 5s...
2026-02-11 09:55:23,023 - INFO - [73] Downloading: ['603230.SH', '688802.SH', '600120.SH', '600439.SH', '600022.SH', '600988.SH', '600056.SH', '688459.SH', '600960.SH', '601225.SH']
2026-02-11 09:55:27,383 - INFO - Batch done. Sleeping 5s...
2026-02-11 09:55:32,383 - INFO - [74] Downloading: ['688036.SH', '603332.SH', '603729.SH', '688676.SH', '603169.SH', '688219.SH', '688602.SH', '603506.SH', '600616.SH', '688285.SH']
2026-02-11 09:55:36,914 - INFO - Batch done. Sleeping 5s...
2026-02-11 09:55:41,932 - INFO - [75] Downloading: ['601096.SH', '603181.SH', '600662.SH', '600279.SH', '603083.SH', '600714.SH', '688387.SH', '603929.SH', '600760.SH', '601567.SH']
2026-02-11 09:55:46,165 - INFO - Batch done. Sleeping 5s...
2026-02-11 09:55:51,166 - INFO - [76] Downloading: ['601108.SH', '688700.SH', '600510.SH', '688183.SH', '688598.SH', '601390.SH', '603600.SH', '601717.SH', '600197.SH', '605122.SH']
2026-02-11 09:55:55,211 - INFO - Batch done. Sleeping 5s...
2026-02-11 09:56:00,230 - INFO - [77] Downloading: ['688570.SH', '601615.SH', '600095.SH', '603319.SH', '688472.SH', '688069.SH', '605020.SH', '603776.SH', '600009.SH', '688081.SH']
2026-02-11 09:56:05,336 - INFO - Batch done. Sleeping 5s...
2026-02-11 09:56:10,352 - INFO - [78] Downloading: ['601689.SH', '603385.SH', '603613.SH', '603208.SH', '688517.SH', '600184.SH', '603667.SH', '688563.SH', '688178.SH', '600577.SH']
2026-02-11 09:56:15,321 - INFO - Batch done. Sleeping 5s...
2026-02-11 09:56:20,323 - INFO - [79] Downloading: ['600118.SH', '600503.SH', '688190.SH', '601798.SH', '600475.SH', '688092.SH', '688489.SH', '603396.SH', '601606.SH', '603711.SH']
2026-02-11 09:56:24,930 - INFO - Batch done. Sleeping 5s...
2026-02-11 09:56:29,932 - INFO - [80] Downloading: ['600958.SH', '605033.SH', '600605.SH', '688296.SH', '603838.SH', '603589.SH', '603192.SH', '600671.SH', '688665.SH', '601019.SH']
2026-02-11 09:56:34,742 - INFO - Batch done. Sleeping 5s...
2026-02-11 09:56:39,742 - INFO - [81] Downloading: ['688611.SH', '600282.SH', '600699.SH', '603515.SH', '603078.SH', '688767.SH', '601500.SH', '688308.SH', '600380.SH', '603090.SH']
2026-02-11 09:56:44,008 - INFO - Batch done. Sleeping 5s...
2026-02-11 09:56:49,009 - INFO - [82] Downloading: ['600707.SH', '601187.SH', '600773.SH', '600368.SH', '600048.SH', '605089.SH', '600996.SH', '688028.SH', '688433.SH', '603737.SH']
2026-02-11 09:56:53,180 - INFO - Batch done. Sleeping 5s...
2026-02-11 09:56:58,181 - INFO - [83] Downloading: ['603358.SH', '600808.SH', '688531.SH', '601339.SH', '605117.SH', '688545.SH', '600551.SH', '600894.SH', '600525.SH', '603980.SH']
2026-02-11 09:57:02,570 - INFO - Batch done. Sleeping 5s...
2026-02-11 09:57:07,588 - INFO - [84] Downloading: ['600721.SH', '600755.SH', '603968.SH', '600238.SH', '600623.SH', '600657.SH', '688258.SH', '603882.SH', '603533.SH', '603128.SH']
2026-02-11 09:57:11,742 - INFO - Batch done. Sleeping 5s...
2026-02-11 09:57:16,745 - INFO - [85] Downloading: ['601995.SH', '601818.SH', '600329.SH', '600732.SH', '600746.SH', '605300.SH', '603456.SH', '688349.SH', '603039.SH', '603993.SH']
2026-02-11 09:57:21,398 - INFO - Batch done. Sleeping 5s...
2026-02-11 09:57:26,400 - INFO - [86] Downloading: ['688726.SH', '601058.SH', '603520.SH', '600630.SH', '600644.SH', '603879.SH', '601633.SH', '688420.SH', '601228.SH', '600919.SH']
2026-02-11 09:57:31,305 - INFO - Batch done. Sleeping 5s...
2026-02-11 09:57:36,320 - INFO - [87] Downloading: ['605006.SH', '600985.SH', '605198.SH', '600159.SH', '600887.SH', '600536.SH', '603626.SH', '688139.SH', '688522.SH', '688556.SH']
2026-02-11 09:57:40,680 - INFO - Batch done. Sleeping 5s...
2026-02-11 09:57:45,681 - INFO - [88] Downloading: ['688008.SH', '601600.SH', '600080.SH', '603717.SH', '603378.SH', '603390.SH', '600571.SH', '603689.SH', '600505.SH', '688196.SH']
2026-02-11 09:57:50,195 - INFO - Batch done. Sleeping 5s...
2026-02-11 09:57:55,211 - INFO - [89] Downloading: ['600828.SH', '603615.SH', '688511.SH', '601319.SH', '601702.SH', '600599.SH', '600182.SH', '603661.SH', '688565.SH', '603096.SH']
2026-02-11 09:57:59,352 - INFO - Batch done. Sleeping 5s...
2026-02-11 09:58:04,353 - INFO - [90] Downloading: ['688789.SH', '688392.SH', '600775.SH', '603948.SH', '605333.SH', '601169.SH', '600386.SH', '688278.SH', '688663.SH', '603567.SH']
2026-02-11 09:58:08,664 - INFO - Batch done. Sleeping 5s...
2026-02-11 09:58:13,680 - INFO - [91] Downloading: ['688617.SH', '600284.SH', '603108.SH', '600603.SH', '600218.SH', '601083.SH', '688290.SH', '603194.SH', '601929.SH', '688369.SH']
2026-02-11 09:58:22,532 - INFO - Batch done. Sleeping 5s...
2026-02-11 09:58:27,533 - INFO - [92] Downloading: ['688772.SH', '603019.SH', '603402.SH', '601515.SH', '600395.SH', '603085.SH', '601838.SH', '600712.SH', '600309.SH', '688381.SH']
2026-02-11 09:58:32,818 - INFO - Batch done. Sleeping 5s...
2026-02-11 09:58:37,819 - INFO - [93] Downloading: ['600610.SH', '688698.SH', '688283.SH', '603187.SH', '600664.SH', '603859.SH', '688670.SH', '605222.SH', '603500.SH', '600460.SH']
2026-02-11 09:58:41,975 - INFO - Batch done. Sleeping 5s...
2026-02-11 09:58:46,977 - INFO - [94] Downloading: ['688087.SH', '603383.SH', '603798.SH', '688400.SH', '601208.SH', '600488.SH', '600939.SH', '603606.SH', '688502.SH', '688119.SH']
2026-02-11 09:58:51,084 - INFO - Batch done. Sleeping 5s...
2026-02-11 09:58:56,087 - INFO - [95] Downloading: ['600191.SH', '603269.SH', '688576.SH', '600179.SH', '600562.SH', '603281.SH', '600516.SH', '688185.SH', '600636.SH', '600259.SH']
2026-02-11 09:59:00,725 - INFO - Batch done. Sleeping 5s...
2026-02-11 09:59:05,727 - INFO - [96] Downloading: ['600642.SH', '601968.SH', '605298.SH', '688656.SH', '688622.SH', '603897.SH', '688239.SH', '601882.SH', '601128.SH', '603995.SH']
2026-02-11 09:59:10,256 - INFO - Batch done. Sleeping 5s...
2026-02-11 09:59:15,257 - INFO - [97] Downloading: ['688720.SH', '600734.SH', '603909.SH', '600740.SH', '600869.SH', '688550.SH', '688809.SH', '600881.SH', '600530.SH', '600446.SH']
2026-02-11 09:59:19,537 - INFO - Batch done. Sleeping 5s...
2026-02-11 09:59:24,538 - INFO - [98] Downloading: ['600029.SH', '600983.SH', '688426.SH', '603339.SH', '603722.SH', '688049.SH', '600557.SH', '600892.SH', '600523.SH', '600138.SH']
2026-02-11 09:59:28,740 - INFO - Batch done. Sleeping 5s...
2026-02-11 09:59:33,740 - INFO - [99] Downloading: ['603228.SH', '603633.SH', '605111.SH', '688158.SH', '688543.SH', '688435.SH', '600455.SH', '600421.SH', '600990.SH', '601456.SH']
2026-02-11 09:59:40,273 - INFO - Batch done. Sleeping 5s...
2026-02-11 09:59:45,275 - INFO - [100] Downloading: ['688631.SH', '603535.SH', '603818.SH', '600651.SH', '600727.SH', '605389.SH', '600348.SH', '600753.SH', '603058.SH', '603986.SH']
2026-02-11 09:59:49,472 - INFO - Batch done. Sleeping 5s...
2026-02-11 09:59:54,483 - INFO - [101] Downloading: ['688733.SH', '688328.SH', '600851.SH', '603277.SH', '601360.SH', '688568.SH', '688173.SH', '600825.SH', '605555.SH', '603618.SH']
2026-02-11 09:59:58,922 - INFO - Batch done. Sleeping 5s...
2026-02-11 10:00:03,946 - INFO - [102] Downloading: ['603203.SH', '688107.SH', '600594.SH', '600113.SH', '600508.SH', '688580.SH', '601388.SH', '600167.SH', '600011.SH', '688099.SH']
2026-02-11 10:00:08,780 - INFO - Batch done. Sleeping 5s...
2026-02-11 10:00:13,790 - INFO - [103] Downloading: ['603786.SH', '688071.SH', '603375.SH', '688005.SH', '601216.SH', '600496.SH', '600927.SH', '603301.SH', '600261.SH', '600215.SH']
2026-02-11 10:00:18,105 - INFO - Batch done. Sleeping 5s...
2026-02-11 10:00:23,109 - INFO - [104] Downloading: ['603833.SH', '688686.SH', '603199.SH', '688201.SH', '601012.SH', '600289.SH', '600692.SH', '603105.SH', '601066.SH', '688275.SH']
2026-02-11 10:00:27,654 - INFO - Batch done. Sleeping 5s...
2026-02-11 10:00:32,663 - INFO - [105] Downloading: ['603171.SH', '603007.SH', '688303.SH', '688718.SH', '600790.SH', '603073.SH', '688377.SH', '600778.SH', '600363.SH', '603931.SH']
2026-02-11 10:00:36,868 - INFO - Batch done. Sleeping 5s...
2026-02-11 10:00:41,881 - INFO - [106] Downloading: ['688212.SH', '601001.SH', '688609.SH', '600681.SH', '603116.SH', '688266.SH', '603162.SH', '603579.SH', '600272.SH', '600206.SH']
2026-02-11 10:00:46,073 - INFO - Batch done. Sleeping 5s...
2026-02-11 10:00:51,083 - INFO - [107] Downloading: ['688695.SH', '600370.SH', '603956.SH', '603088.SH', '603922.SH', '603014.SH', '601518.SH', '688310.SH', '600398.SH', '600783.SH']
2026-02-11 10:00:55,317 - INFO - Batch done. Sleeping 5s...
2026-02-11 10:01:00,333 - INFO - [108] Downloading: ['603060.SH', '601177.SH', '603697.SH', '600100.SH', '688188.SH', '688593.SH', '688160.SH', '603210.SH', '688114.SH', '600587.SH']
2026-02-11 10:01:04,806 - INFO - Batch done. Sleeping 5s...
2026-02-11 10:01:09,818 - INFO - [109] Downloading: ['688479.SH', '688062.SH', '603366.SH', '688016.SH', '603709.SH', '603312.SH', '600419.SH', '600076.SH', '600356.SH', '603970.SH']
2026-02-11 10:01:14,090 - INFO - Batch done. Sleeping 5s...
2026-02-11 10:01:19,093 - INFO - [110] Downloading: ['600322.SH', '600739.SH', '603429.SH', '603032.SH', '688336.SH', '603998.SH', '688759.SH', '688234.SH', '603130.SH', '601965.SH']
2026-02-11 10:01:23,618 - INFO - Batch done. Sleeping 5s...
2026-02-11 10:01:28,633 - INFO - [111] Downloading: ['603806.SH', '600966.SH', '688030.SH', '603334.SH', '600050.SH', '600126.SH', '605588.SH', '600549.SH', '600152.SH', '600864.SH']
2026-02-11 10:01:32,975 - INFO - Batch done. Sleeping 5s...
2026-02-11 10:01:37,986 - INFO - [112] Downloading: ['603659.SH', '688146.SH', '600810.SH', '603236.SH', '688132.SH', '688529.SH', '600037.SH', '600458.SH', '605499.SH', '688057.SH']
2026-02-11 10:01:42,204 - INFO - Batch done. Sleeping 5s...
2026-02-11 10:01:47,208 - INFO - [113] Downloading: ['600975.SH', '603353.SH', '688023.SH', '600901.SH', '603327.SH', '605507.SH', '600877.SH', '688155.SH', '605168.SH', '600803.SH']
2026-02-11 10:01:51,569 - INFO - Batch done. Sleeping 5s...
2026-02-11 10:01:56,598 - INFO - [114] Downloading: ['603225.SH', '688121.SH', '600135.SH', '605180.SH', '600141.SH', '603021.SH', '688325.SH', '601136.SH', '605318.SH', '603055.SH']
2026-02-11 10:02:01,024 - INFO - Batch done. Sleeping 5s...
2026-02-11 10:02:06,033 - INFO - [115] Downloading: ['688351.SH', '600345.SH', '601800.SH', '600331.SH', '603917.SH', '603861.SH', '605286.SH', '600233.SH', '600628.SH', '603815.SH']
2026-02-11 10:02:10,765 - INFO - Batch done. Sleeping 5s...
2026-02-11 10:02:15,771 - INFO - [116] Downloading: ['688227.SH', '603889.SH', '603538.SH', '603123.SH', '688648.SH', '688253.SH', '688312.SH', '601101.SH', '688709.SH', '603016.SH']
2026-02-11 10:02:20,093 - INFO - Batch done. Sleeping 5s...
2026-02-11 10:02:25,098 - INFO - [117] Downloading: ['688366.SH', '603062.SH', '600769.SH', '600372.SH', '688795.SH', '603920.SH', '603856.SH', '603188.SH', '603822.SH', '688697.SH']
2026-02-11 10:02:29,213 - INFO - Batch done. Sleeping 5s...
2026-02-11 10:02:34,222 - INFO - [118] Downloading: ['605259.SH', '600298.SH', '600683.SH', '688210.SH', '601003.SH', '603160.SH', '601077.SH', '603797.SH', '688088.SH', '600000.SH']
2026-02-11 10:02:38,246 - INFO - Batch done. Sleeping 5s...
2026-02-11 10:02:43,252 - INFO - [119] Downloading: ['601668.SH', '688060.SH', '603310.SH', '600936.SH', '600487.SH', '688579.SH', '688162.SH', '603266.SH', '600585.SH', '688116.SH']
2026-02-11 10:02:47,587 - INFO - Batch done. Sleeping 5s...
2026-02-11 10:02:52,607 - INFO - [120] Downloading: ['603609.SH', '603212.SH', '600834.SH', '688591.SH', '601399.SH', '600519.SH', '600176.SH', '603377.SH', '688468.SH', '688073.SH']
2026-02-11 10:02:56,925 - INFO - Batch done. Sleeping 5s...
2026-02-11 10:03:01,926 - INFO - [121] Downloading: ['603718.SH', '603303.SH', '600925.SH', '688007.SH', '688480.SH', '601288.SH', '600408.SH', '600067.SH', '688199.SH', '688582.SH']
2026-02-11 10:03:06,237 - INFO - Batch done. Sleeping 5s...
2026-02-11 10:03:11,270 - INFO - [122] Downloading: ['600111.SH', '603686.SH', '600165.SH', '688171.SH', '603275.SH', '600853.SH', '605138.SH', '600596.SH', '688105.SH', '603201.SH']
2026-02-11 10:03:15,808 - INFO - Batch done. Sleeping 5s...
2026-02-11 10:03:20,809 - INFO - [123] Downloading: ['600827.SH', '600361.SH', '601595.SH', '688786.SH', '603933.SH', '600315.SH', '603099.SH', '600389.SH', '600792.SH', '688301.SH']
2026-02-11 10:03:24,982 - INFO - Batch done. Sleeping 5s...
2026-02-11 10:03:29,987 - INFO - [124] Downloading: ['601112.SH', '603005.SH', '601166.SH', '688375.SH', '603071.SH', '603107.SH', '600690.SH', '688203.SH', '601010.SH', '688618.SH']
2026-02-11 10:03:34,171 - INFO - Batch done. Sleeping 5s...
2026-02-11 10:03:39,172 - INFO - [125] Downloading: ['603173.SH', '603568.SH', '688277.SH', '601952.SH', '600678.SH', '603580.SH', '600217.SH', '600137.SH', '600558.SH', '600143.SH']
2026-02-11 10:03:43,343 - INFO - Batch done. Sleeping 5s...
2026-02-11 10:03:48,351 - INFO - [126] Downloading: ['605599.SH', '688157.SH', '603648.SH', '600875.SH', '688123.SH', '688538.SH', '601330.SH', '603227.SH', '600801.SH', '603351.SH']
2026-02-11 10:03:52,520 - INFO - Batch done. Sleeping 5s...
2026-02-11 10:03:57,521 - INFO - [127] Downloading: ['600977.SH', '688055.SH', '603325.SH', '605068.SH', '600903.SH', '688021.SH', '600035.SH', '605080.SH', '603121.SH', '688225.SH']
2026-02-11 10:04:01,790 - INFO - Batch done. Sleeping 5s...
2026-02-11 10:04:06,793 - INFO - [128] Downloading: ['603155.SH', '605218.SH', '688251.SH', '603863.SH', '601900.SH', '603817.SH', '600231.SH', '603915.SH', '600333.SH', '600728.SH']
2026-02-11 10:04:11,634 - INFO - Batch done. Sleeping 5s...
2026-02-11 10:04:16,647 - INFO - [129] Downloading: ['688327.SH', '603989.SH', '603023.SH', '688353.SH', '603057.SH', '600256.SH', '600222.SH', '600639.SH', '603529.SH', '603132.SH']
2026-02-11 10:04:21,725 - INFO - Batch done. Sleeping 5s...
2026-02-11 10:04:26,741 - INFO - [130] Downloading: ['688236.SH', '603898.SH', '688659.SH', '688334.SH', '601127.SH', '603030.SH', '600354.SH', '601865.SH', '603906.SH', '600320.SH']
2026-02-11 10:04:31,287 - INFO - Batch done. Sleeping 5s...
2026-02-11 10:04:36,305 - INFO - [131] Downloading: ['601811.SH', '600866.SH', '688130.SH', '605179.SH', '600812.SH', '600150.SH', '600026.SH', '605488.SH', '600449.SH', '600052.SH']
2026-02-11 10:04:40,443 - INFO - Batch done. Sleeping 5s...
2026-02-11 10:04:45,445 - INFO - [132] Downloading: ['603759.SH', '688046.SH', '603336.SH', '688032.SH', '688429.SH', '688269.SH', '603119.SH', '600295.SH', '688606.SH', '603185.SH']
2026-02-11 10:04:49,584 - INFO - Batch done. Sleeping 5s...
2026-02-11 10:04:54,584 - INFO - [133] Downloading: ['688281.SH', '600612.SH', '600666.SH', '688798.SH', '688383.SH', '600710.SH', '603087.SH', '603959.SH', '600764.SH', '600397.SH']
2026-02-11 10:04:58,756 - INFO - Batch done. Sleeping 5s...
2026-02-11 10:05:03,758 - INFO - [134] Downloading: ['603400.SH', '600560.SH', '688187.SH', '603283.SH', '603698.SH', '600588.SH', '600193.SH', '688500.SH', '600839.SH', '603706.SH']
2026-02-11 10:05:08,287 - INFO - Batch done. Sleeping 5s...
2026-02-11 10:05:13,304 - INFO - [135] Downloading: ['605050.SH', '688019.SH', '601611.SH', '603369.SH', '601665.SH', '600079.SH', '603381.SH', '688085.SH', '600416.SH', '600180.SH']
2026-02-11 10:05:18,428 - INFO - Batch done. Sleeping 5s...
2026-02-11 10:05:23,444 - INFO - [136] Downloading: ['688513.SH', '688108.SH', '601700.SH', '603617.SH', '688567.SH', '603663.SH', '603278.SH', '600168.SH', '600573.SH', '600507.SH']
2026-02-11 10:05:27,897 - INFO - Batch done. Sleeping 5s...
2026-02-11 10:05:32,928 - INFO - [137] Downloading: ['603290.SH', '603392.SH', '603789.SH', '688096.SH', '600405.SH', '600928.SH', '600499.SH', '600082.SH', '688411.SH', '603196.SH']
2026-02-11 10:05:36,962 - INFO - Batch done. Sleeping 5s...
2026-02-11 10:05:41,976 - INFO - [138] Downloading: ['688689.SH', '688292.SH', '689009.SH', '600601.SH', '603848.SH', '600675.SH', '603565.SH', '688661.SH', '601069.SH', '603511.SH']
2026-02-11 10:05:46,225 - INFO - Batch done. Sleeping 5s...
2026-02-11 10:05:51,242 - INFO - [139] Downloading: ['688615.SH', '688378.SH', '688717.SH', '603008.SH', '601598.SH', '688390.SH', '600703.SH', '600318.SH', '600777.SH', '600992.SH']
2026-02-11 10:05:55,647 - INFO - Batch done. Sleeping 5s...
2026-02-11 10:06:00,662 - INFO - [140] Downloading: ['600423.SH', '600038.SH', '603328.SH', '603733.SH', '605011.SH', '688058.SH', '688443.SH', '688535.SH', '605167.SH', '600521.SH']
2026-02-11 10:06:04,881 - INFO - Batch done. Sleeping 5s...
2026-02-11 10:06:09,882 - INFO - [141] Downloading: ['688818.SH', '601139.SH', '603918.SH', '600725.SH', '600751.SH', '605289.SH', '600248.SH', '600653.SH', '603158.SH', '601991.SH']
2026-02-11 10:06:13,897 - INFO - Batch done. Sleeping 5s...
2026-02-11 10:06:18,899 - INFO - [142] Downloading: ['688633.SH', '603886.SH', '688228.SH', '600736.SH', '600359.SH', '600742.SH', '605398.SH', '601868.SH', '603049.SH', '603997.SH']
2026-02-11 10:06:23,506 - INFO - Batch done. Sleeping 5s...
2026-02-11 10:06:28,522 - INFO - [143] Downloading: ['688722.SH', '688339.SH', '601880.SH', '688620.SH', '603895.SH', '603809.SH', '600640.SH', '600969.SH', '688450.SH', '600444.SH']
2026-02-11 10:06:32,615 - INFO - Batch done. Sleeping 5s...
2026-02-11 10:06:37,634 - INFO - [144] Downloading: ['600981.SH', '600546.SH', '600129.SH', '600883.SH', '688526.SH', '603239.SH', '688552.SH', '603656.SH', '605100.SH', '603713.SH']
2026-02-11 10:06:42,678 - INFO - Batch done. Sleeping 5s...
2026-02-11 10:06:47,694 - INFO - [145] Downloading: ['603308.SH', '600084.SH', '603767.SH', '688078.SH', '600477.SH', '688090.SH', '601698.SH', '600018.SH', '600403.SH', '600575.SH']
2026-02-11 10:06:51,850 - INFO - Batch done. Sleeping 5s...
2026-02-11 10:06:56,851 - INFO - [146] Downloading: ['688192.SH', '688589.SH', '600501.SH', '603296.SH', '600186.SH', '688515.SH', '603611.SH', '601369.SH', '688561.SH', '603665.SH']
2026-02-11 10:07:01,209 - INFO - Batch done. Sleeping 5s...
2026-02-11 10:07:06,209 - INFO - [147] Downloading: ['600858.SH', '605133.SH', '688396.SH', '603938.SH', '603489.SH', '603092.SH', '600771.SH', '688765.SH', '605337.SH', '600382.SH']
2026-02-11 10:07:10,537 - INFO - Batch done. Sleeping 5s...
2026-02-11 10:07:15,538 - INFO - [148] Downloading: ['688711.SH', '603178.SH', '688667.SH', '603517.SH', '600280.SH', '688208.SH', '688613.SH', '603190.SH', '600673.SH', '600268.SH']
2026-02-11 10:07:19,975 - INFO - Batch done. Sleeping 5s...
2026-02-11 10:07:24,991 - INFO - [149] Downloading: ['688776.SH', '603069.SH', '600391.SH', '688319.SH', '688702.SH', '603406.SH', '688385.SH', '600716.SH', '603081.SH', '600379.SH']
2026-02-11 10:07:29,193 - INFO - Batch done. Sleeping 5s...
2026-02-11 10:07:34,211 - INFO - [150] Downloading: ['603598.SH', '603183.SH', '688287.SH', '603829.SH', '600660.SH', '600293.SH', '600688.SH', '601008.SH', '688600.SH', '603387.SH']
2026-02-11 10:07:38,256 - INFO - Batch done. Sleeping 5s...
2026-02-11 10:07:43,272 - INFO - [151] Downloading: ['688083.SH', '688498.SH', '600410.SH', '603700.SH', '605056.SH', '600097.SH', '600195.SH', '688506.SH', '603602.SH', '603219.SH']
2026-02-11 10:07:47,662 - INFO - Batch done. Sleeping 5s...
2026-02-11 10:07:52,662 - INFO - [152] Downloading: ['688169.SH', '603676.SH', '600566.SH', '688181.SH', '601789.SH', '600109.SH', '600512.SH', '603285.SH', '601918.SH', '600229.SH']
2026-02-11 10:07:56,756 - INFO - Batch done. Sleeping 5s...
2026-02-11 10:08:01,758 - INFO - [153] Downloading: ['603556.SH', '688652.SH', '688249.SH', '603139.SH', '688626.SH', '603893.SH', '688750.SH', '601158.SH', '603991.SH', '601886.SH']
2026-02-11 10:08:06,178 - INFO - Batch done. Sleeping 5s...
2026-02-11 10:08:11,180 - INFO - [154] Downloading: ['605376.SH', '600730.SH', '603979.SH', '600744.SH', '688520.SH', '601328.SH', '600819.SH', '603650.SH', '600540.SH', '600885.SH']
2026-02-11 10:08:15,381 - INFO - Batch done. Sleeping 5s...
2026-02-11 10:08:20,381 - INFO - [155] Downloading: ['605098.SH', '600059.SH', '600987.SH', '600436.SH', '603726.SH', '688039.SH', '688456.SH', '600148.SH', '605189.SH', '600527.SH']
2026-02-11 10:08:24,741 - INFO - Batch done. Sleeping 5s...
2026-02-11 10:08:29,757 - INFO - [156] Downloading: ['688128.SH', '688533.SH', '603637.SH', '603258.SH', '600908.SH', '600425.SH', '601997.SH', '603880.SH', '600621.SH', '603868.SH']
2026-02-11 10:08:36,243 - INFO - Batch done. Sleeping 5s...
2026-02-11 10:08:41,249 - INFO - [157] Downloading: ['600655.SH', '600338.SH', '600757.SH', '688358.SH', '603982.SH', '688737.SH', '603028.SH', '605365.SH', '688177.SH', '603668.SH']
2026-02-11 10:08:45,364 - INFO - Batch done. Sleeping 5s...
2026-02-11 10:08:50,434 - INFO - [158] Downloading: ['603273.SH', '600855.SH', '600590.SH', '688518.SH', '688103.SH', '603207.SH', '600821.SH', '688584.SH', '600117.SH', '603680.SH']
2026-02-11 10:08:54,960 - INFO - Batch done. Sleeping 5s...
2026-02-11 10:08:59,971 - INFO - [159] Downloading: ['600163.SH', '600578.SH', '603399.SH', '688486.SH', '600015.SH', '600061.SH', '688075.SH', '603305.SH', '600089.SH', '601212.SH']
2026-02-11 10:09:04,269 - INFO - Batch done. Sleeping 5s...
2026-02-11 10:09:09,270 - INFO - [160] Downloading: ['688001.SH', '601609.SH', '603843.SH', '600265.SH', '603586.SH', '688682.SH', '688299.SH', '600211.SH', '603101.SH', '600696.SH']
2026-02-11 10:09:16,088 - INFO - Batch done. Sleeping 5s...
2026-02-11 10:09:21,109 - INFO - [161] Downloading: ['601016.SH', '688205.SH', '603175.SH', '688271.SH', '600794.SH', '688307.SH', '603418.SH', '688373.SH', '688768.SH', '603077.SH']
2026-02-11 10:09:25,214 - INFO - Batch done. Sleeping 5s...
2026-02-11 10:09:30,219 - INFO - [162] Downloading: ['600367.SH', '601188.SH', '600708.SH', '600313.SH', '603112.SH', '600685.SH', '601005.SH', '688216.SH', '603166.SH', '688262.SH']
2026-02-11 10:09:34,291 - INFO - Batch done. Sleeping 5s...
2026-02-11 10:09:39,330 - INFO - [163] Downloading: ['688679.SH', '600276.SH', '601933.SH', '603595.SH', '601099.SH', '688691.SH', '600619.SH', '600202.SH', '688793.SH', '603926.SH']
2026-02-11 10:09:43,498 - INFO - Batch done. Sleeping 5s...
2026-02-11 10:09:48,510 - INFO - [164] Downloading: ['688388.SH', '600300.SH', '600787.SH', '601107.SH', '688314.SH', '603010.SH', '688360.SH', '601568.SH', '688597.SH', '600104.SH']
2026-02-11 10:09:52,953 - INFO - Batch done. Sleeping 5s...
2026-02-11 10:09:57,955 - INFO - [165] Downloading: ['603288.SH', '603693.SH', '600170.SH', '601377.SH', '603260.SH', '600846.SH', '600583.SH', '600198.SH', '688110.SH', '601718.SH']
2026-02-11 10:10:02,328 - INFO - Batch done. Sleeping 5s...
2026-02-11 10:10:07,336 - INFO - [166] Downloading: ['603214.SH', '603779.SH', '688066.SH', '603316.SH', '600930.SH', '600481.SH', '688409.SH', '688012.SH', '601686.SH', '600006.SH']
2026-02-11 10:10:11,947 - INFO - Batch done. Sleeping 5s...
2026-02-11 10:10:16,949 - INFO - [167] Downloading: ['600072.SH', '600469.SH', '600352.SH', '600749.SH', '603900.SH', '600326.SH', '601121.SH', '688729.SH', '688332.SH', '603036.SH']
2026-02-11 10:10:21,147 - INFO - Batch done. Sleeping 5s...
2026-02-11 10:10:26,159 - INFO - [168] Downloading: ['601155.SH', '603042.SH', '688230.SH', '688244.SH', '603876.SH', '600250.SH', '603344.SH', '600962.SH', '605009.SH', '603330.SH']
2026-02-11 10:10:30,522 - INFO - Batch done. Sleeping 5s...
2026-02-11 10:10:35,536 - INFO - [169] Downloading: ['600916.SH', '600020.SH', '600054.SH', '600539.SH', '600888.SH', '688800.SH', '600156.SH', '688559.SH', '600860.SH', '688136.SH']
2026-02-11 10:10:39,772 - INFO - Batch done. Sleeping 5s...
2026-02-11 10:10:44,781 - INFO - [170] Downloading: ['603232.SH', '603629.SH', '600814.SH', '600999.SH', '600428.SH', '600033.SH', '605086.SH', '603357.SH', '600971.SH', '688053.SH']
2026-02-11 10:10:49,087 - INFO - Batch done. Sleeping 5s...
2026-02-11 10:10:54,093 - INFO - [171] Downloading: ['688448.SH', '603323.SH', '603738.SH', '600905.SH', '688027.SH', '688151.SH', '603255.SH', '600873.SH', '605118.SH', '601336.SH']
2026-02-11 10:10:58,263 - INFO - Batch done. Sleeping 5s...
2026-02-11 10:11:03,278 - INFO - [172] Downloading: ['688125.SH', '603221.SH', '605577.SH', '600807.SH', '600131.SH', '688321.SH', '603025.SH', '601898.SH', '605368.SH', '688355.SH']
2026-02-11 10:11:07,459 - INFO - Batch done. Sleeping 5s...
2026-02-11 10:11:12,459 - INFO - [173] Downloading: ['603051.SH', '603967.SH', '600335.SH', '600243.SH', '600658.SH', '603811.SH', '600237.SH', '603127.SH', '688638.SH', '688223.SH']
2026-02-11 10:11:16,820 - INFO - Batch done. Sleeping 5s...
2026-02-11 10:11:21,831 - INFO - [174] Downloading: ['603153.SH', '688257.SH', '600055.SH', '600021.SH', '600917.SH', '603331.SH', '688035.SH', '601226.SH', '600963.SH', '605008.SH']
2026-02-11 10:11:25,966 - INFO - Batch done. Sleeping 5s...
2026-02-11 10:11:30,987 - INFO - [175] Downloading: ['603345.SH', '688041.SH', '688137.SH', '600815.SH', '603628.SH', '603233.SH', '688558.SH', '688143.SH', '600861.SH', '600157.SH']
2026-02-11 10:11:35,180 - INFO - Batch done. Sleeping 5s...
2026-02-11 10:11:40,190 - INFO - [176] Downloading: ['605196.SH', '600123.SH', '600538.SH', '600889.SH', '688347.SH', '603043.SH', '603458.SH', '688333.SH', '688728.SH', '603037.SH']
2026-02-11 10:11:44,266 - INFO - Batch done. Sleeping 5s...
2026-02-11 10:11:49,291 - INFO - [177] Downloading: ['600327.SH', '603901.SH', '601816.SH', '600748.SH', '600353.SH', '603803.SH', '600251.SH', '603877.SH', '603135.SH', '601988.SH']
2026-02-11 10:11:53,368 - INFO - Batch done. Sleeping 5s...
2026-02-11 10:11:58,370 - INFO - [178] Downloading: ['688231.SH', '601022.SH', '603912.SH', '600340.SH', '603966.SH', '603050.SH', '601528.SH', '688320.SH', '601133.SH', '605369.SH']
2026-02-11 10:12:03,823 - INFO - Batch done. Sleeping 5s...
2026-02-11 10:12:08,828 - INFO - [179] Downloading: ['601899.SH', '688256.SH', '603126.SH', '688222.SH', '688639.SH', '600236.SH', '603810.SH', '603739.SH', '603322.SH', '688026.SH']
2026-02-11 10:12:13,812 - INFO - Batch done. Sleeping 5s...
2026-02-11 10:12:18,820 - INFO - [180] Downloading: ['600970.SH', '603356.SH', '688449.SH', '688052.SH', '600998.SH', '600032.SH', '600429.SH', '600130.SH', '603220.SH', '688150.SH']
2026-02-11 10:12:23,007 - INFO - Batch done. Sleeping 5s...
2026-02-11 10:12:28,019 - INFO - [181] Downloading: ['600872.SH', '688270.SH', '603100.SH', '600697.SH', '603587.SH', '601921.SH', '600210.SH', '688298.SH', '603836.SH', '688683.SH']
2026-02-11 10:12:32,191 - INFO - Batch done. Sleeping 5s...
2026-02-11 10:12:37,207 - INFO - [182] Downloading: ['600312.SH', '600366.SH', '601857.SH', '688372.SH', '603076.SH', '688306.SH', '600795.SH', '603002.SH', '600579.SH', '600162.SH']
2026-02-11 10:12:41,633 - INFO - Batch done. Sleeping 5s...
2026-02-11 10:12:46,647 - INFO - [183] Downloading: ['600116.SH', '688585.SH', '603681.SH', '688102.SH', '688519.SH', '601311.SH', '600820.SH', '603206.SH', '688176.SH', '600854.SH']
2026-02-11 10:12:50,983 - INFO - Batch done. Sleeping 5s...
2026-02-11 10:12:55,994 - INFO - [184] Downloading: ['603272.SH', '603669.SH', '601608.SH', '600088.SH', '600493.SH', '600956.SH', '603370.SH', '600060.SH', '603398.SH', '688111.SH']
2026-02-11 10:13:00,369 - INFO - Batch done. Sleeping 5s...
2026-02-11 10:13:05,378 - INFO - [185] Downloading: ['600199.SH', '600582.SH', '605158.SH', '600833.SH', '603215.SH', '688165.SH', '600847.SH', '603261.SH', '600171.SH', '600105.SH']
2026-02-11 10:13:09,790 - INFO - Batch done. Sleeping 5s...
2026-02-11 10:13:14,811 - INFO - [186] Downloading: ['688596.SH', '603289.SH', '600468.SH', '600073.SH', '603790.SH', '600007.SH', '603317.SH', '688013.SH', '688408.SH', '601200.SH']
2026-02-11 10:13:18,905 - INFO - Batch done. Sleeping 5s...
2026-02-11 10:13:23,924 - INFO - [187] Downloading: ['600480.SH', '603363.SH', '603778.SH', '688067.SH', '600203.SH', '600618.SH', '601098.SH', '603825.SH', '688690.SH', '603167.SH']
2026-02-11 10:13:28,112 - INFO - Batch done. Sleeping 5s...
2026-02-11 10:13:33,138 - INFO - [188] Downloading: ['688678.SH', '603508.SH', '603113.SH', '688217.SH', '600684.SH', '688361.SH', '603065.SH', '688315.SH', '601106.SH', '603011.SH']
2026-02-11 10:13:37,178 - INFO - Batch done. Sleeping 5s...
2026-02-11 10:13:42,187 - INFO - [189] Downloading: ['600301.SH', '688389.SH', '603927.SH', '603496.SH', '600375.SH', '600535.SH', '600884.SH', '605580.SH', '688521.SH', '600818.SH']
2026-02-11 10:13:46,391 - INFO - Batch done. Sleeping 5s...
2026-02-11 10:13:51,398 - INFO - [190] Downloading: ['605005.SH', '603348.SH', '603727.SH', '688038.SH', '600986.SH', '605099.SH', '600058.SH', '603138.SH', '601985.SH', '688627.SH']
2026-02-11 10:13:55,675 - INFO - Batch done. Sleeping 5s...
2026-02-11 10:14:00,702 - INFO - [191] Downloading: ['603557.SH', '688248.SH', '688653.SH', '601919.SH', '600633.SH', '600228.SH', '600745.SH', '603978.SH', '600731.SH', '603990.SH']
2026-02-11 10:14:05,229 - INFO - Batch done. Sleeping 5s...
2026-02-11 10:14:10,247 - INFO - [192] Downloading: ['605377.SH', '603421.SH', '605303.SH', '600654.SH', '603869.SH', '600620.SH', '605266.SH', '601996.SH', '603530.SH', '603881.SH']
2026-02-11 10:14:14,352 - INFO - Batch done. Sleeping 5s...
2026-02-11 10:14:19,366 - INFO - [193] Downloading: ['603983.SH', '603029.SH', '688359.SH', '600756.SH', '600722.SH', '600339.SH', '601808.SH', '603259.SH', '688129.SH', '603636.SH']
2026-02-11 10:14:23,565 - INFO - Batch done. Sleeping 5s...
2026-02-11 10:14:28,582 - INFO - [194] Downloading: ['600526.SH', '600897.SH', '600149.SH', '600552.SH', '605188.SH', '600995.SH', '605016.SH', '600909.SH', '688981.SH', '601238.SH']
2026-02-11 10:14:33,032 - INFO - Batch done. Sleeping 5s...
2026-02-11 10:14:38,046 - INFO - [195] Downloading: ['601118.SH', '688710.SH', '600798.SH', '600383.SH', '601577.SH', '605336.SH', '600770.SH', '600704.SH', '603939.SH', '603093.SH']
2026-02-11 10:14:42,588 - INFO - Batch done. Sleeping 5s...
2026-02-11 10:14:47,600 - INFO - [196] Downloading: ['603488.SH', '601958.SH', '600269.SH', '603191.SH', '600606.SH', '601086.SH', '688295.SH', '603516.SH', '688612.SH', '688209.SH']
2026-02-11 10:14:51,762 - INFO - Batch done. Sleeping 5s...
2026-02-11 10:14:56,763 - INFO - [197] Downloading: ['600281.SH', '603179.SH', '603395.SH', '600019.SH', '688091.SH', '601699.SH', '600476.SH', '603766.SH', '688079.SH', '603309.SH']
2026-02-11 10:15:01,055 - INFO - Batch done. Sleeping 5s...
2026-02-11 10:15:06,085 - INFO - [198] Downloading: ['603712.SH', '688416.SH', '600085.SH', '601368.SH', '688560.SH', '600859.SH', '600187.SH', '603610.SH', '600500.SH', '688588.SH']
2026-02-11 10:15:10,254 - INFO - Batch done. Sleeping 5s...
2026-02-11 10:15:15,254 - INFO - [199] Downloading: ['688193.SH', '603297.SH', '601279.SH', '603701.SH', '601616.SH', '600096.SH', '603386.SH', '688499.SH', '688082.SH', '600513.SH']
2026-02-11 10:15:19,423 - INFO - Batch done. Sleeping 5s...
2026-02-11 10:15:24,431 - INFO - [200] Downloading: ['600108.SH', '688180.SH', '601788.SH', '603284.SH', '600567.SH', '688168.SH', '688573.SH', '603677.SH', '688507.SH', '605155.SH']
2026-02-11 10:15:28,499 - INFO - Batch done. Sleeping 5s...
2026-02-11 10:15:33,505 - INFO - [201] Downloading: ['603218.SH', '600378.SH', '600763.SH', '600717.SH', '603080.SH', '688318.SH', '600390.SH', '688777.SH', '603068.SH', '603505.SH']
2026-02-11 10:15:37,539 - INFO - Batch done. Sleeping 5s...
2026-02-11 10:15:42,539 - INFO - [202] Downloading: ['601009.SH', '688601.SH', '600689.SH', '600292.SH', '600661.SH', '603182.SH', '603599.SH', '600615.SH', '603828.SH', '688286.SH']
2026-02-11 10:15:47,063 - INFO - Batch done. Sleeping 5s...
2026-02-11 10:15:52,063 - INFO - [203] Downloading: ['600750.SH', '600724.SH', '603919.SH', '601138.SH', '603985.SH', '603536.SH', '601990.SH', '688229.SH', '603887.SH', '603159.SH']
2026-02-11 10:15:56,275 - INFO - Batch done. Sleeping 5s...
2026-02-11 10:16:01,299 - INFO - [204] Downloading: ['688646.SH', '605288.SH', '600249.SH', '600626.SH', '688059.SH', '603329.SH', '600993.SH', '600039.SH', '600422.SH', '600456.SH']
2026-02-11 10:16:05,318 - INFO - Batch done. Sleeping 5s...
2026-02-11 10:16:10,329 - INFO - [205] Downloading: ['600520.SH', '688819.SH', '600879.SH', '601727.SH', '605166.SH', '603630.SH', '600980.SH', '600968.SH', '605003.SH', '603755.SH']
2026-02-11 10:16:14,811 - INFO - Batch done. Sleeping 5s...
2026-02-11 10:16:19,816 - INFO - [206] Downloading: ['605077.SH', '603721.SH', '601636.SH', '688425.SH', '688553.SH', '688148.SH', '603657.SH', '603238.SH', '600128.SH', '600533.SH']
2026-02-11 10:16:24,251 - INFO - Batch done. Sleeping 5s...
2026-02-11 10:16:29,252 - INFO - [207] Downloading: ['600882.SH', '600547.SH', '688338.SH', '601881.SH', '688757.SH', '605305.SH', '603048.SH', '600743.SH', '600358.SH', '601869.SH']
2026-02-11 10:16:33,600 - INFO - Batch done. Sleeping 5s...
2026-02-11 10:16:38,608 - INFO - [208] Downloading: ['605399.SH', '600737.SH', '600641.SH', '600635.SH', '603808.SH', '688621.SH', '603551.SH', '688655.SH', '688575.SH', '601766.SH']
2026-02-11 10:16:42,947 - INFO - Batch done. Sleeping 5s...
2026-02-11 10:16:47,948 - INFO - [209] Downloading: ['688501.SH', '600192.SH', '600589.SH', '600838.SH', '603605.SH', '600515.SH', '688186.SH', '603699.SH', '603282.SH', '600561.SH']
2026-02-11 10:16:52,561 - INFO - Batch done. Sleeping 5s...
2026-02-11 10:16:57,562 - INFO - [210] Downloading: ['603380.SH', '688084.SH', '600463.SH', '600078.SH', '603368.SH', '603773.SH', '603707.SH', '688018.SH', '688403.SH', '600667.SH']
2026-02-11 10:17:02,028 - INFO - Batch done. Sleeping 5s...
2026-02-11 10:17:07,041 - INFO - [211] Downloading: ['601939.SH', '600208.SH', '600613.SH', '688280.SH', '605255.SH', '603118.SH', '688607.SH', '603577.SH', '688268.SH', '600396.SH']
2026-02-11 10:17:11,247 - INFO - Batch done. Sleeping 5s...
2026-02-11 10:17:16,249 - INFO - [212] Downloading: ['601179.SH', '600765.SH', '603958.SH', '600711.SH', '688382.SH', '688799.SH', '603086.SH', '600287.SH', '688660.SH', '601068.SH']
2026-02-11 10:17:20,436 - INFO - Batch done. Sleeping 5s...
2026-02-11 10:17:25,441 - INFO - [213] Downloading: ['600674.SH', '603197.SH', '600600.SH', '688293.SH', '600776.SH', '600319.SH', '600702.SH', '601599.SH', '688391.SH', '603095.SH']
2026-02-11 10:17:29,601 - INFO - Batch done. Sleeping 5s...
2026-02-11 10:17:34,604 - INFO - [214] Downloading: ['601828.SH', '688716.SH', '603009.SH', '688379.SH', '603466.SH', '600506.SH', '688195.SH', '603291.SH', '600572.SH', '600169.SH']
2026-02-11 10:17:38,706 - INFO - Batch done. Sleeping 5s...
2026-02-11 10:17:43,713 - INFO - [215] Downloading: ['688566.SH', '603279.SH', '603662.SH', '688109.SH', '688512.SH', '603616.SH', '601677.SH', '600929.SH', '688410.SH', '601218.SH']
2026-02-11 10:17:47,968 - INFO - Batch done. Sleeping 5s...
2026-02-11 10:17:52,985 - INFO - [216] Downloading: ['600498.SH', '603788.SH', '603393.SH', '688097.SH', '600470.SH', '601901.SH', '600230.SH', '603816.SH', '601975.SH', '603120.SH']
2026-02-11 10:17:57,117 - INFO - Batch done. Sleeping 5s...
2026-02-11 10:18:02,135 - INFO - [217] Downloading: ['688352.SH', '603056.SH', '603988.SH', '688326.SH', '603022.SH', '603439.SH', '600729.SH', '600332.SH', '600346.SH', '603960.SH']
2026-02-11 10:18:06,691 - INFO - Batch done. Sleeping 5s...
2026-02-11 10:18:11,719 - INFO - [218] Downloading: ['601877.SH', '688539.SH', '688122.SH', '600800.SH', '603226.SH', '688156.SH', '600874.SH', '600559.SH', '605183.SH', '605598.SH']
2026-02-11 10:18:15,935 - INFO - Batch done. Sleeping 5s...
2026-02-11 10:18:20,948 - INFO - [219] Downloading: ['600136.SH', '605081.SH', '605069.SH', '603324.SH', '601233.SH', '688020.SH', '601628.SH', '600976.SH', '603350.SH', '600151.SH']
2026-02-11 10:18:25,064 - INFO - Batch done. Sleeping 5s...
2026-02-11 10:18:30,069 - INFO - [220] Downloading: ['600125.SH', '688807.SH', '688131.SH', '605178.SH', '603235.SH', '600867.SH', '603337.SH', '688428.SH', '688033.SH', '600965.SH']
2026-02-11 10:18:34,376 - INFO - Batch done. Sleeping 5s...
2026-02-11 10:18:39,383 - INFO - [221] Downloading: ['603758.SH', '688047.SH', '600053.SH', '600448.SH', '600027.SH', '688658.SH', '603528.SH', '603899.SH', '688237.SH', '600638.SH']
2026-02-11 10:18:43,514 - INFO - Batch done. Sleeping 5s...
2026-02-11 10:18:48,524 - INFO - [222] Downloading: ['600223.SH', '601966.SH', '605296.SH', '600257.SH', '603871.SH', '600355.SH', '603045.SH', '601126.SH', '688335.SH', '603031.SH']
2026-02-11 10:18:52,869 - INFO - Batch done. Sleeping 5s...
2026-02-11 10:18:57,883 - INFO - [223] Downloading: ['603311.SH', '688015.SH', '600486.SH', '605028.SH', '603365.SH', '601669.SH', '688061.SH', '600075.SH', '688089.SH', '600177.SH']
2026-02-11 10:19:02,168 - INFO - Batch done. Sleeping 5s...
2026-02-11 10:19:07,168 - INFO - [224] Downloading: ['600518.SH', '600103.SH', '688590.SH', '601398.SH', '688117.SH', '600584.SH', '600835.SH', '603213.SH', '603608.SH', '688163.SH']
2026-02-11 10:19:11,364 - INFO - Batch done. Sleeping 5s...
2026-02-11 10:19:16,371 - INFO - [225] Downloading: ['688578.SH', '600841.SH', '603267.SH', '600307.SH', '600373.SH', '600768.SH', '603955.SH', '688367.SH', '603063.SH', '601100.SH']
2026-02-11 10:19:20,647 - INFO - Batch done. Sleeping 5s...
2026-02-11 10:19:25,647 - INFO - [226] Downloading: ['688708.SH', '688313.SH', '600780.SH', '603017.SH', '603161.SH', '688265.SH', '605258.SH', '603115.SH', '601002.SH', '688211.SH']
2026-02-11 10:19:29,862 - INFO - Batch done. Sleeping 5s...
2026-02-11 10:19:34,863 - INFO - [227] Downloading: ['600682.SH', '600299.SH', '603189.SH', '603823.SH', '688696.SH', '600271.SH', '603070.SH', '601113.SH', '688300.SH', '600793.SH']
2026-02-11 10:19:39,210 - INFO - Batch done. Sleeping 5s...
2026-02-11 10:19:44,226 - INFO - [228] Downloading: ['600388.SH', '603004.SH', '688787.SH', '603098.SH', '601825.SH', '600360.SH', '600216.SH', '688685.SH', '600262.SH', '600679.SH']
2026-02-11 10:19:48,754 - INFO - Batch done. Sleeping 5s...
2026-02-11 10:19:53,757 - INFO - [229] Downloading: ['603569.SH', '603172.SH', '688276.SH', '601065.SH', '603106.SH', '601011.SH', '688619.SH', '688202.SH', '600691.SH', '600066.SH']
2026-02-11 10:19:58,330 - INFO - Batch done. Sleeping 5s...
2026-02-11 10:20:03,334 - INFO - [230] Downloading: ['600409.SH', '600012.SH', '603719.SH', '688006.SH', '600495.SH', '603376.SH', '688072.SH', '688469.SH', '600597.SH', '600826.SH']
2026-02-11 10:20:07,454 - INFO - Batch done. Sleeping 5s...
2026-02-11 10:20:12,464 - INFO - [231] Downloading: ['603200.SH', '601778.SH', '688170.SH', '600110.SH', '688583.SH', '688198.SH', '603687.SH', '002107.SZ', '000010.SZ', '002568.SZ']
2026-02-11 10:20:16,615 - INFO - Batch done. Sleeping 5s...
2026-02-11 10:20:21,615 - INFO - [232] Downloading: ['002173.SZ', '300344.SZ', '000952.SZ', '301558.SZ', '002845.SZ', '000926.SZ', '002580.SZ', '002831.SZ', '301137.SZ', '001217.SZ']
2026-02-11 10:20:26,510 - INFO - Batch done. Sleeping 5s...
2026-02-11 10:20:31,519 - INFO - [233] Downloading: ['002947.SZ', '301041.SZ', '000850.SZ', '301035.SZ', '002933.SZ', '000595.SZ', '002099.SZ', '002482.SZ', '300629.SZ', '001389.SZ']
2026-02-11 10:20:35,824 - INFO - Batch done. Sleeping 5s...
2026-02-11 10:20:40,844 - INFO - [234] Downloading: ['300232.SZ', '000509.SZ', '002005.SZ', '300246.SZ', '000166.SZ', '301231.SZ', '000791.SZ', '300900.SZ', '003006.SZ', '002686.SZ']
2026-02-11 10:20:45,082 - INFO - Batch done. Sleeping 5s...
2026-02-11 10:20:50,089 - INFO - [235] Downloading: ['300042.SZ', '300459.SZ', '000779.SZ', '002275.SZ', '300036.SZ', '002201.SZ', '002377.SZ', '300140.SZ', '002303.SZ', '002718.SZ']
2026-02-11 10:20:54,223 - INFO - Batch done. Sleeping 5s...
2026-02-11 10:20:59,226 - INFO - [236] Downloading: ['300134.SZ', '300802.SZ', '301333.SZ', '300876.SZ', '300051.SZ', '002266.SZ', '300025.SZ', '002212.SZ', '002609.SZ', '302132.SZ']
2026-02-11 10:21:03,378 - INFO - Batch done. Sleeping 5s...
2026-02-11 10:21:08,383 - INFO - [237] Downloading: ['301222.SZ', '000782.SZ', '300913.SZ', '003015.SZ', '002695.SZ', '301256.SZ', '300967.SZ', '300811.SZ', '002797.SZ', '301320.SZ']
2026-02-11 10:21:12,678 - INFO - Batch done. Sleeping 5s...
2026-02-11 10:21:17,690 - INFO - [238] Downloading: ['000680.SZ', '300865.SZ', '002364.SZ', '300153.SZ', '300548.SZ', '000668.SZ', '002310.SZ', '300127.SZ', '301150.SZ', '002856.SZ']
2026-02-11 10:21:22,237 - INFO - Batch done. Sleeping 5s...
2026-02-11 10:21:27,239 - INFO - [239] Downloading: ['001270.SZ', '000935.SZ', '002188.SZ', '002593.SZ', '002822.SZ', '002114.SZ', '300738.SZ', '001298.SZ', '300323.SZ', '002160.SZ']
2026-02-11 10:21:31,409 - INFO - Batch done. Sleeping 5s...
2026-02-11 10:21:36,418 - INFO - [240] Downloading: ['300357.SZ', '300221.SZ', '002016.SZ', '300255.SZ', '002479.SZ', '002062.SZ', '301449.SZ', '301052.SZ', '301026.SZ', '002920.SZ']
2026-02-11 10:21:40,921 - INFO - Batch done. Sleeping 5s...
2026-02-11 10:21:45,934 - INFO - [241] Downloading: ['000586.SZ', '001306.SZ', '000837.SZ', '002491.SZ', '300837.SZ', '301306.SZ', '300586.SZ', '300843.SZ', '301372.SZ', '002759.SZ']
2026-02-11 10:21:50,160 - INFO - Batch done. Sleeping 5s...
2026-02-11 10:21:55,163 - INFO - [242] Downloading: ['002342.SZ', '300175.SZ', '300101.SZ', '300077.SZ', '002240.SZ', '300418.SZ', '300003.SZ', '301298.SZ', '000738.SZ', '002234.SZ']
2026-02-11 10:22:00,176 - INFO - Batch done. Sleeping 5s...
2026-02-11 10:22:05,177 - INFO - [243] Downloading: ['300484.SZ', '003033.SZ', '300935.SZ', '301270.SZ', '300941.SZ', '300207.SZ', '301487.SZ', '002030.SZ', '300668.SZ', '000548.SZ']
2026-02-11 10:22:10,459 - INFO - Batch done. Sleeping 5s...
2026-02-11 10:22:15,461 - INFO - [244] Downloading: ['000153.SZ', '002044.SZ', '002972.SZ', '002906.SZ', '301000.SZ', '300680.SZ', '000811.SZ', '000967.SZ', '002870.SZ', '301176.SZ']
2026-02-11 10:22:19,755 - INFO - Batch done. Sleeping 5s...
2026-02-11 10:22:24,756 - INFO - [245] Downloading: ['001256.SZ', '000913.SZ', '301102.SZ', '301519.SZ', '300782.SZ', '001222.SZ', '300399.SZ', '002132.SZ', '002529.SZ', '300305.SZ']
2026-02-11 10:22:29,096 - INFO - Batch done. Sleeping 5s...
2026-02-11 10:22:34,109 - INFO - [246] Downloading: ['002898.SZ', '000025.SZ', '301585.SZ', '002146.SZ', '300371.SZ', '301067.SZ', '002961.SZ', '000876.SZ', '002915.SZ', '301013.SZ']
2026-02-11 10:22:38,294 - INFO - Batch done. Sleeping 5s...
2026-02-11 10:22:43,299 - INFO - [247] Downloading: ['301408.SZ', '300693.SZ', '001333.SZ', '300288.SZ', '000802.SZ', '300214.SZ', '002989.SZ', '002023.SZ', '002438.SZ', '300260.SZ']
2026-02-11 10:22:47,560 - INFO - Batch done. Sleeping 5s...
2026-02-11 10:22:52,574 - INFO - [248] Downloading: ['002057.SZ', '002121.SZ', '300316.SZ', '000036.SZ', '301596.SZ', '002155.SZ', '300779.SZ', '000042.SZ', '002863.SZ', '301165.SZ']
2026-02-11 10:22:59,136 - INFO - Batch done. Sleeping 5s...
2026-02-11 10:23:04,146 - INFO - [249] Downloading: ['000900.SZ', '301111.SZ', '002817.SZ', '300791.SZ', '001231.SZ', '002351.SZ', '300166.SZ', '300509.SZ', '300112.SZ', '301389.SZ']
2026-02-11 10:23:08,337 - INFO - Batch done. Sleeping 5s...
2026-02-11 10:23:13,341 - INFO - [250] Downloading: ['000629.SZ', '300824.SZ', '301315.SZ', '300595.SZ', '300850.SZ', '301361.SZ', '301217.SZ', '300497.SZ', '003020.SZ', '300926.SZ']
2026-02-11 10:23:17,895 - INFO - Batch done. Sleeping 5s...
2026-02-11 10:23:22,898 - INFO - [251] Downloading: ['301678.SZ', '301263.SZ', '300952.SZ', '002648.SZ', '002253.SZ', '300010.SZ', '002227.SZ', '300650.SZ', '000570.SZ', '002467.SZ']
2026-02-11 10:23:27,216 - INFO - Batch done. Sleeping 5s...
2026-02-11 10:23:32,234 - INFO - [252] Downloading: ['300624.SZ', '000504.SZ', '002413.SZ', '002008.SZ', '000598.SZ', '301038.SZ', '001318.SZ', '000829.SZ', '002094.SZ', '002196.SZ']
2026-02-11 10:23:36,614 - INFO - Batch done. Sleeping 5s...
2026-02-11 10:23:41,629 - INFO - [253] Downloading: ['002848.SZ', '301555.SZ', '002565.SZ', '300752.SZ', '300349.SZ', '000069.SZ', '002511.SZ', '001286.SZ', '300726.SZ', '002789.SZ']
2026-02-11 10:23:46,636 - INFO - Batch done. Sleeping 5s...
2026-02-11 10:23:51,636 - INFO - [254] Downloading: ['002392.SZ', '002715.SZ', '300893.SZ', '300139.SZ', '300522.SZ', '002761.SZ', '300556.SZ', '000676.SZ', '300420.SZ', '000700.SZ']
2026-02-11 10:23:55,846 - INFO - Batch done. Sleeping 5s...
2026-02-11 10:24:00,862 - INFO - [255] Downloading: ['002617.SZ', '300991.SZ', '300454.SZ', '002278.SZ', '002663.SZ', '301248.SZ', '300979.SZ', '002290.SZ', '002706.SZ', '300880.SZ']
2026-02-11 10:24:05,380 - INFO - Batch done. Sleeping 5s...
2026-02-11 10:24:10,419 - INFO - [256] Downloading: ['300531.SZ', '002369.SZ', '002772.SZ', '300545.SZ', '000665.SZ', '300868.SZ', '301359.SZ', '002381.SZ', '003018.SZ', '002698.SZ']
2026-02-11 10:24:14,685 - INFO - Batch done. Sleeping 5s...
2026-02-11 10:24:19,699 - INFO - [257] Downloading: ['002283.SZ', '300433.SZ', '000713.SZ', '300982.SZ', '300447.SZ', '000767.SZ', '002670.SZ', '002959.SZ', '300643.SZ', '300258.SZ']
2026-02-11 10:24:23,951 - INFO - Batch done. Sleeping 5s...
2026-02-11 10:24:28,953 - INFO - [258] Downloading: ['000563.SZ', '002474.SZ', '300637.SZ', '000517.SZ', '002400.SZ', '002576.SZ', '300741.SZ', '002119.SZ', '300735.SZ', '000415.SZ']
2026-02-11 10:24:33,276 - INFO - Batch done. Sleeping 5s...
2026-02-11 10:24:38,277 - INFO - [259] Downloading: ['000938.SZ', '002185.SZ', '301129.SZ', '001209.SZ', '301209.SZ', '300092.SZ', '300489.SZ', '300938.SZ', '300415.SZ', '000735.SZ']
2026-02-11 10:24:43,442 - INFO - Batch done. Sleeping 5s...
2026-02-11 10:24:48,454 - INFO - [260] Downloading: ['301295.SZ', '002622.SZ', '002239.SZ', '300461.SZ', '002656.SZ', '300517.SZ', '000637.SZ', '301397.SZ', '300563.SZ', '300190.SZ']
2026-02-11 10:24:52,443 - INFO - Batch done. Sleeping 5s...
2026-02-11 10:24:57,443 - INFO - [261] Downloading: ['002550.SZ', '300767.SZ', '002524.SZ', '300308.SZ', '300713.SZ', '301588.SZ', '301193.SZ', '002895.SZ', '000028.SZ', '002809.SZ']
2026-02-11 10:25:01,637 - INFO - Batch done. Sleeping 5s...
2026-02-11 10:25:06,659 - INFO - [262] Downloading: ['300394.SZ', '301560.SZ', '300296.SZ', '301079.SZ', '001359.SZ', '000868.SZ', '300665.SZ', '000545.SZ', '002049.SZ', '002452.SZ']
2026-02-11 10:25:11,033 - INFO - Batch done. Sleeping 5s...
2026-02-11 10:25:16,045 - INFO - [263] Downloading: ['300611.SZ', '000531.SZ', '002997.SZ', '301091.SZ', '002426.SZ', '000880.SZ', '301507.SZ', '300387.SZ', '301168.SZ', '002158.SZ']
2026-02-11 10:25:20,425 - INFO - Batch done. Sleeping 5s...
2026-02-11 10:25:25,435 - INFO - [264] Downloading: ['002543.SZ', '300774.SZ', '002537.SZ', '300700.SZ', '000420.SZ', '301180.SZ', '002886.SZ', '300676.SZ', '002441.SZ', '300219.SZ']
2026-02-11 10:25:29,787 - INFO - Batch done. Sleeping 5s...
2026-02-11 10:25:34,790 - INFO - [265] Downloading: ['300602.SZ', '301499.SZ', '002984.SZ', '301082.SZ', '000893.SZ', '002918.SZ', '300285.SZ', '300406.SZ', '000726.SZ', '301286.SZ']
2026-02-11 10:25:39,078 - INFO - Batch done. Sleeping 5s...
2026-02-11 10:25:44,079 - INFO - [266] Downloading: ['002631.SZ', '300472.SZ', '300069.SZ', '000752.SZ', '002645.SZ', '301601.SZ', '300081.SZ', '300829.SZ', '301318.SZ', '300183.SZ']
2026-02-11 10:25:48,226 - INFO - Batch done. Sleeping 5s...
2026-02-11 10:25:53,241 - INFO - [267] Downloading: ['300598.SZ', '002733.SZ', '002328.SZ', '300504.SZ', '002747.SZ', '300570.SZ', '000650.SZ', '300435.SZ', '000715.SZ', '002219.SZ']
2026-02-11 10:25:57,437 - INFO - Batch done. Sleeping 5s...
2026-02-11 10:26:02,451 - INFO - [268] Downloading: ['002602.SZ', '300984.SZ', '300441.SZ', '000761.SZ', '002676.SZ', '301229.SZ', '000789.SZ', '301632.SZ', '300918.SZ', '002285.SZ']
2026-02-11 10:26:06,730 - INFO - Batch done. Sleeping 5s...
2026-02-11 10:26:11,736 - INFO - [269] Downloading: ['002387.SZ', '002700.SZ', '300886.SZ', '300537.SZ', '000617.SZ', '002774.SZ', '300158.SZ', '300543.SZ', '000663.SZ', '002183.SZ']
2026-02-11 10:26:15,832 - INFO - Batch done. Sleeping 5s...
2026-02-11 10:26:20,843 - INFO - [270] Downloading: ['002598.SZ', '002829.SZ', '002570.SZ', '300747.SZ', '300733.SZ', '300328.SZ', '000008.SZ', '300645.SZ', '000565.SZ', '002472.SZ']
2026-02-11 10:26:24,924 - INFO - Batch done. Sleeping 5s...
2026-02-11 10:26:29,933 - INFO - [271] Downloading: ['002069.SZ', '300631.SZ', '001391.SZ', '002406.SZ', '002081.SZ', '301059.SZ', '001379.SZ', '000848.SZ', '002563.SZ', '002178.SZ']
2026-02-11 10:26:34,109 - INFO - Batch done. Sleeping 5s...
2026-02-11 10:26:39,141 - INFO - [272] Downloading: ['002517.SZ', '300720.SZ', '001280.SZ', '000400.SZ', '002190.SZ', '000959.SZ', '301148.SZ', '001268.SZ', '002938.SZ', '002092.SZ']
2026-02-11 10:26:43,655 - INFO - Batch done. Sleeping 5s...
2026-02-11 10:26:48,670 - INFO - [273] Downloading: ['002489.SZ', '300656.SZ', '000576.SZ', '002461.SZ', '300622.SZ', '001382.SZ', '300239.SZ', '002415.SZ', '002296.SZ', '300426.SZ']
2026-02-11 10:26:53,042 - INFO - Batch done. Sleeping 5s...
2026-02-11 10:26:58,060 - INFO - [274] Downloading: ['002611.SZ', '300997.SZ', '300049.SZ', '300452.SZ', '002713.SZ', '300895.SZ', '002767.SZ', '300550.SZ', '000670.SZ', '300809.SZ']
2026-02-11 10:27:02,597 - INFO - Batch done. Sleeping 5s...
2026-02-11 10:27:07,615 - INFO - [275] Downloading: ['002394.SZ', '301338.SZ', '000698.SZ', '301018.SZ', '300698.SZ', '001338.SZ', '300283.SZ', '000809.SZ', '300670.SZ', '000550.SZ']
2026-02-11 10:27:12,094 - INFO - Batch done. Sleeping 5s...
2026-02-11 10:27:17,095 - INFO - [276] Downloading: ['300604.SZ', '002982.SZ', '000524.SZ', '000895.SZ', '002028.SZ', '002545.SZ', '300369.SZ', '300772.SZ', '000049.SZ', '000997.SZ']
2026-02-11 10:27:21,438 - INFO - Batch done. Sleeping 5s...
2026-02-11 10:27:26,444 - INFO - [277] Downloading: ['002531.SZ', '300706.SZ', '301186.SZ', '002880.SZ', '000426.SZ', '301501.SZ', '300381.SZ', '301575.SZ', '002868.SZ', '002735.SZ']
2026-02-11 10:27:31,016 - INFO - Batch done. Sleeping 5s...
2026-02-11 10:27:36,027 - INFO - [278] Downloading: ['300502.SZ', '300119.SZ', '301382.SZ', '002741.SZ', '300576.SZ', '000656.SZ', '300185.SZ', '301268.SZ', '300959.SZ', '301607.SZ']
2026-02-11 10:27:40,306 - INFO - Batch done. Sleeping 5s...
2026-02-11 10:27:45,321 - INFO - [279] Downloading: ['300087.SZ', '001896.SZ', '300400.SZ', '301280.SZ', '000720.SZ', '002637.SZ', '300474.SZ', '002643.SZ', '002258.SZ', '300848.SZ']
2026-02-11 10:27:49,448 - INFO - Batch done. Sleeping 5s...
2026-02-11 10:27:54,465 - INFO - [280] Downloading: ['301379.SZ', '300196.SZ', '002726.SZ', '300511.SZ', '301391.SZ', '000631.SZ', '002752.SZ', '002349.SZ', '300565.SZ', '300413.SZ']
2026-02-11 10:27:58,957 - INFO - Batch done. Sleeping 5s...
2026-02-11 10:28:03,957 - INFO - [281] Downloading: ['300008.SZ', '301293.SZ', '000733.SZ', '002624.SZ', '300467.SZ', '002650.SZ', '300094.SZ', '003038.SZ', '300278.SZ', '300663.SZ']
2026-02-11 10:28:08,608 - INFO - Batch done. Sleeping 5s...
2026-02-11 10:28:13,616 - INFO - [282] Downloading: ['000543.SZ', '000158.SZ', '002454.SZ', '300617.SZ', '002991.SZ', '301097.SZ', '000537.SZ', '000886.SZ', '002420.SZ', '300290.SZ']
2026-02-11 10:28:17,791 - INFO - Batch done. Sleeping 5s...
2026-02-11 10:28:22,801 - INFO - [283] Downloading: ['002979.SZ', '301109.SZ', '301512.SZ', '300789.SZ', '001229.SZ', '301566.SZ', '002556.SZ', '300761.SZ', '002139.SZ', '002522.SZ']
2026-02-11 10:28:27,015 - INFO - Batch done. Sleeping 5s...
2026-02-11 10:28:32,041 - INFO - [284] Downloading: ['300715.SZ', '301195.SZ', '002893.SZ', '002362.SZ', '002779.SZ', '300155.SZ', '002316.SZ', '300121.SZ', '300817.SZ', '002791.SZ']
2026-02-11 10:28:36,393 - INFO - Batch done. Sleeping 5s...
2026-02-11 10:28:41,396 - INFO - [285] Downloading: ['000686.SZ', '301326.SZ', '300863.SZ', '300915.SZ', '003013.SZ', '002693.SZ', '300961.SZ', '300057.SZ', '300438.SZ', '000718.SZ']
2026-02-11 10:28:45,537 - INFO - Batch done. Sleeping 5s...
2026-02-11 10:28:50,549 - INFO - [286] Downloading: ['002214.SZ', '300989.SZ', '002952.SZ', '301020.SZ', '002926.SZ', '001300.SZ', '002497.SZ', '000831.SZ', '300227.SZ', '002010.SZ']
2026-02-11 10:28:54,870 - INFO - Batch done. Sleeping 5s...
2026-02-11 10:28:59,885 - INFO - [287] Downloading: ['300648.SZ', '300253.SZ', '000568.SZ', '002064.SZ', '002112.SZ', '002166.SZ', '300351.SZ', '301156.SZ', '002850.SZ', '002595.SZ']
2026-02-11 10:29:04,091 - INFO - Batch done. Sleeping 5s...
2026-02-11 10:29:09,105 - INFO - [288] Downloading: ['000933.SZ', '301539.SZ', '002824.SZ', '301122.SZ', '000099.SZ', '001202.SZ', '300234.SZ', '002418.SZ', '002003.SZ', '300240.SZ']
2026-02-11 10:29:13,326 - INFO - Batch done. Sleeping 5s...
2026-02-11 10:29:18,328 - INFO - [289] Downloading: ['002077.SZ', '002941.SZ', '301047.SZ', '001367.SZ', '000856.SZ', '301428.SZ', '000593.SZ', '301033.SZ', '002935.SZ', '001313.SZ']
2026-02-11 10:29:22,538 - INFO - Batch done. Sleeping 5s...
2026-02-11 10:29:27,540 - INFO - [290] Downloading: ['002484.SZ', '000822.SZ', '002843.SZ', '002586.SZ', '000920.SZ', '002837.SZ', '301131.SZ', '001211.SZ', '002101.SZ', '001696.SZ']
2026-02-11 10:29:32,042 - INFO - Batch done. Sleeping 5s...
2026-02-11 10:29:37,052 - INFO - [291] Downloading: ['000016.SZ', '002175.SZ', '300759.SZ', '300342.SZ', '000062.SZ', '300804.SZ', '002782.SZ', '002399.SZ', '000695.SZ', '301335.SZ']
2026-02-11 10:29:41,398 - INFO - Batch done. Sleeping 5s...
2026-02-11 10:29:46,413 - INFO - [292] Downloading: ['300870.SZ', '002371.SZ', '300146.SZ', '002305.SZ', '300898.SZ', '300132.SZ', '300529.SZ', '000609.SZ', '300044.SZ', '002273.SZ']
2026-02-11 10:29:51,329 - INFO - Batch done. Sleeping 5s...
2026-02-11 10:29:56,357 - INFO - [293] Downloading: ['002668.SZ', '300030.SZ', '002207.SZ', '000797.SZ', '301237.SZ', '300906.SZ', '003000.SZ', '301658.SZ', '300972.SZ', '000972.SZ']
2026-02-11 10:30:00,667 - INFO - Batch done. Sleeping 5s...
2026-02-11 10:30:05,678 - INFO - [294] Downloading: ['002865.SZ', '301163.SZ', '301578.SZ', '000906.SZ', '301117.SZ', '002811.SZ', '300797.SZ', '002127.SZ', '300310.SZ', '301590.SZ']
2026-02-11 10:30:09,950 - INFO - Batch done. Sleeping 5s...
2026-02-11 10:30:14,960 - INFO - [295] Downloading: ['000030.SZ', '002153.SZ', '002548.SZ', '300364.SZ', '300212.SZ', '300609.SZ', '000529.SZ', '301089.SZ', '000898.SZ', '002025.SZ']
2026-02-11 10:30:19,577 - INFO - Batch done. Sleeping 5s...
2026-02-11 10:30:24,587 - INFO - [296] Downloading: ['300266.SZ', '002051.SZ', '301061.SZ', '002967.SZ', '002913.SZ', '301015.SZ', '001335.SZ', '300695.SZ', '300479.SZ', '300062.SZ']
2026-02-11 10:30:28,749 - INFO - Batch done. Sleeping 5s...
2026-02-11 10:30:33,751 - INFO - [297] Downloading: ['000759.SZ', '002255.SZ', '300016.SZ', '002221.SZ', '301211.SZ', '300491.SZ', '003026.SZ', '300920.SZ', '301265.SZ', '300822.SZ']
2026-02-11 10:30:38,511 - INFO - Batch done. Sleeping 5s...
2026-02-11 10:30:43,525 - INFO - [298] Downloading: ['301313.SZ', '300188.SZ', '300593.SZ', '300856.SZ', '301367.SZ', '002357.SZ', '300160.SZ', '002738.SZ', '002323.SZ', '301202.SZ']
2026-02-11 10:30:47,848 - INFO - Batch done. Sleeping 5s...
2026-02-11 10:30:52,852 - INFO - [299] Downloading: ['300099.SZ', '300482.SZ', '003035.SZ', '300933.SZ', '301276.SZ', '300947.SZ', '003041.SZ', '300071.SZ', '002246.SZ', '300005.SZ']
2026-02-11 10:30:57,189 - INFO - Batch done. Sleeping 5s...
2026-02-11 10:31:02,195 - INFO - [300] Downloading: ['002629.SZ', '002232.SZ', '002344.SZ', '300568.SZ', '300173.SZ', '002330.SZ', '300107.SZ', '300831.SZ', '301300.SZ', '300580.SZ']
2026-02-11 10:31:06,950 - INFO - Batch done. Sleeping 5s...
2026-02-11 10:31:11,973 - INFO - [301] Downloading: ['300845.SZ', '000989.SZ', '002134.SZ', '300303.SZ', '300718.SZ', '301198.SZ', '002140.SZ', '300377.SZ', '002876.SZ', '301170.SZ']
2026-02-11 10:31:16,219 - INFO - Batch done. Sleeping 5s...
2026-02-11 10:31:21,227 - INFO - [302] Downloading: ['000915.SZ', '002802.SZ', '300784.SZ', '301072.SZ', '301469.SZ', '000863.SZ', '002900.SZ', '301006.SZ', '001326.SZ', '300686.SZ']
2026-02-11 10:31:25,440 - INFO - Batch done. Sleeping 5s...
2026-02-11 10:31:30,447 - INFO - [303] Downloading: ['300201.SZ', '002036.SZ', '300275.SZ', '000155.SZ', '002042.SZ', '002459.SZ', '300955.SZ', '300490.SZ', '301210.SZ', '003027.SZ']
2026-02-11 10:31:34,788 - INFO - Batch done. Sleeping 5s...
2026-02-11 10:31:39,789 - INFO - [304] Downloading: ['300921.SZ', '300017.SZ', '000758.SZ', '300063.SZ', '300478.SZ', '001872.SZ', '002254.SZ', '002322.SZ', '002739.SZ', '300115.SZ']
2026-02-11 10:31:43,926 - INFO - Batch done. Sleeping 5s...
2026-02-11 10:31:48,931 - INFO - [305] Downloading: ['002356.SZ', '300161.SZ', '300857.SZ', '301366.SZ', '300823.SZ', '300592.SZ', '300189.SZ', '301312.SZ', '002549.SZ', '002152.SZ']
2026-02-11 10:31:53,413 - INFO - Batch done. Sleeping 5s...
2026-02-11 10:31:58,417 - INFO - [306] Downloading: ['000045.SZ', '300365.SZ', '002126.SZ', '000031.SZ', '301591.SZ', '300311.SZ', '300796.SZ', '001236.SZ', '301116.SZ', '002810.SZ']
2026-02-11 10:32:03,301 - INFO - Batch done. Sleeping 5s...
2026-02-11 10:32:08,315 - INFO - [307] Downloading: ['000973.SZ', '002864.SZ', '301162.SZ', '300694.SZ', '002912.SZ', '301060.SZ', '002966.SZ', '300267.SZ', '002050.SZ', '301088.SZ']
2026-02-11 10:32:12,836 - INFO - Batch done. Sleeping 5s...
2026-02-11 10:32:17,838 - INFO - [308] Downloading: ['000528.SZ', '300608.SZ', '300213.SZ', '000899.SZ', '002024.SZ', '300785.SZ', '001225.SZ', '301105.SZ', '002803.SZ', '000960.SZ']
2026-02-11 10:32:22,139 - INFO - Batch done. Sleeping 5s...
2026-02-11 10:32:27,148 - INFO - [309] Downloading: ['002877.SZ', '301171.SZ', '002141.SZ', '000056.SZ', '300376.SZ', '000988.SZ', '002135.SZ', '301199.SZ', '300719.SZ', '300302.SZ']
2026-02-11 10:32:31,616 - INFO - Batch done. Sleeping 5s...
2026-02-11 10:32:36,617 - INFO - [310] Downloading: ['300274.SZ', '002458.SZ', '002043.SZ', '300200.SZ', '002037.SZ', '300687.SZ', '002901.SZ', '301007.SZ', '000816.SZ', '301468.SZ']
2026-02-11 10:32:40,872 - INFO - Batch done. Sleeping 5s...
2026-02-11 10:32:45,885 - INFO - [311] Downloading: ['301073.SZ', '002975.SZ', '000862.SZ', '300004.SZ', '002233.SZ', '002628.SZ', '300070.SZ', '002247.SZ', '301277.SZ', '300946.SZ']
2026-02-11 10:32:50,061 - INFO - Batch done. Sleeping 5s...
2026-02-11 10:32:55,064 - INFO - [312] Downloading: ['003040.SZ', '300483.SZ', '300098.SZ', '301203.SZ', '301618.SZ', '300932.SZ', '300844.SZ', '300830.SZ', '300581.SZ', '301301.SZ']
2026-02-11 10:32:59,759 - INFO - Batch done. Sleeping 5s...
2026-02-11 10:33:04,760 - INFO - [313] Downloading: ['002331.SZ', '300106.SZ', '002345.SZ', '300172.SZ', '300569.SZ', '300252.SZ', '300649.SZ', '002065.SZ', '300226.SZ', '002011.SZ']
2026-02-11 10:33:09,443 - INFO - Batch done. Sleeping 5s...
2026-02-11 10:33:14,448 - INFO - [314] Downloading: ['001301.SZ', '301021.SZ', '002927.SZ', '000581.SZ', '000830.SZ', '002496.SZ', '002953.SZ', '301055.SZ', '000932.SZ', '002594.SZ']
2026-02-11 10:33:18,706 - INFO - Batch done. Sleeping 5s...
2026-02-11 10:33:23,717 - INFO - [315] Downloading: ['001203.SZ', '002825.SZ', '301123.SZ', '301538.SZ', '001277.SZ', '301157.SZ', '002851.SZ', '002167.SZ', '000070.SZ', '300350.SZ']
2026-02-11 10:33:28,082 - INFO - Batch done. Sleeping 5s...
2026-02-11 10:33:33,086 - INFO - [316] Downloading: ['002508.SZ', '000004.SZ', '300324.SZ', '300862.SZ', '301353.SZ', '002790.SZ', '300816.SZ', '301327.SZ', '002317.SZ', '300120.SZ']
2026-02-11 10:33:37,180 - INFO - Batch done. Sleeping 5s...
2026-02-11 10:33:42,194 - INFO - [317] Downloading: ['002778.SZ', '002363.SZ', '300154.SZ', '000719.SZ', '300439.SZ', '300022.SZ', '300988.SZ', '002215.SZ', '300056.SZ', '002261.SZ']
2026-02-11 10:33:46,805 - INFO - Batch done. Sleeping 5s...
2026-02-11 10:33:51,817 - INFO - [318] Downloading: ['301251.SZ', '300960.SZ', '301225.SZ', '000785.SZ', '002289.SZ', '002692.SZ', '003012.SZ', '300899.SZ', '002304.SZ', '000608.SZ']
2026-02-11 10:33:56,102 - INFO - Batch done. Sleeping 5s...
2026-02-11 10:34:01,117 - INFO - [319] Downloading: ['300528.SZ', '300133.SZ', '002370.SZ', '300147.SZ', '300871.SZ', '002398.SZ', '002783.SZ', '300805.SZ', '300973.SZ', '301236.SZ']
2026-02-11 10:34:06,007 - INFO - Batch done. Sleeping 5s...
2026-02-11 10:34:11,020 - INFO - [320] Downloading: ['000796.SZ', '002681.SZ', '300907.SZ', '003001.SZ', '300031.SZ', '002206.SZ', '300045.SZ', '002669.SZ', '002272.SZ', '301032.SZ']
2026-02-11 10:34:15,833 - INFO - Batch done. Sleeping 5s...
2026-02-11 10:34:20,834 - INFO - [321] Downloading: ['301429.SZ', '000592.SZ', '000823.SZ', '002485.SZ', '001366.SZ', '002940.SZ', '301046.SZ', '300241.SZ', '002076.SZ', '300235.SZ']
2026-02-11 10:34:25,085 - INFO - Batch done. Sleeping 5s...
2026-02-11 10:34:30,097 - INFO - [322] Downloading: ['002419.SZ', '002174.SZ', '000063.SZ', '300343.SZ', '300758.SZ', '002100.SZ', '000017.SZ', '300337.SZ', '000921.SZ', '002587.SZ']
2026-02-11 10:34:34,350 - INFO - Batch done. Sleeping 5s...
2026-02-11 10:34:39,364 - INFO - [323] Downloading: ['001210.SZ', '002836.SZ', '301130.SZ', '000955.SZ', '002842.SZ', '300184.SZ', '000657.SZ', '300577.SZ', '002734.SZ', '000623.SZ']
2026-02-11 10:34:44,116 - INFO - Batch done. Sleeping 5s...
2026-02-11 10:34:49,116 - INFO - [324] Downloading: ['301383.SZ', '300118.SZ', '300503.SZ', '000755.SZ', '300475.SZ', '002259.SZ', '002642.SZ', '000721.SZ', '301281.SZ', '300401.SZ']
2026-02-11 10:34:53,445 - INFO - Batch done. Sleeping 5s...
2026-02-11 10:34:58,456 - INFO - [325] Downloading: ['002636.SZ', '300086.SZ', '301606.SZ', '301269.SZ', '300958.SZ', '000525.SZ', '002983.SZ', '301085.SZ', '300605.SZ', '002432.SZ']
2026-02-11 10:35:03,310 - INFO - Batch done. Sleeping 5s...
2026-02-11 10:35:08,329 - INFO - [326] Downloading: ['002029.SZ', '000551.SZ', '300671.SZ', '002446.SZ', '001339.SZ', '300699.SZ', '301019.SZ', '002869.SZ', '300380.SZ', '301500.SZ']
2026-02-11 10:35:12,689 - INFO - Batch done. Sleeping 5s...
2026-02-11 10:35:17,702 - INFO - [327] Downloading: ['002530.SZ', '301187.SZ', '002881.SZ', '300707.SZ', '002544.SZ', '000048.SZ', '300773.SZ', '300368.SZ', '002978.SZ', '300291.SZ']
2026-02-11 10:35:22,081 - INFO - Batch done. Sleeping 5s...
2026-02-11 10:35:27,090 - INFO - [328] Downloading: ['000536.SZ', '002990.SZ', '301096.SZ', '300616.SZ', '002421.SZ', '000887.SZ', '000159.SZ', '300662.SZ', '300279.SZ', '002455.SZ']
2026-02-11 10:35:31,387 - INFO - Batch done. Sleeping 5s...
2026-02-11 10:35:36,402 - INFO - [329] Downloading: ['002523.SZ', '000985.SZ', '002138.SZ', '002892.SZ', '002557.SZ', '300760.SZ', '301567.SZ', '000919.SZ', '001228.SZ', '300393.SZ']
2026-02-11 10:35:41,011 - INFO - Batch done. Sleeping 5s...
2026-02-11 10:35:46,012 - INFO - [330] Downloading: ['300788.SZ', '301108.SZ', '002348.SZ', '002753.SZ', '300564.SZ', '002727.SZ', '000630.SZ', '301390.SZ', '300510.SZ', '300197.SZ']
2026-02-11 10:35:50,305 - INFO - Batch done. Sleeping 5s...
2026-02-11 10:35:55,305 - INFO - [331] Downloading: ['300849.SZ', '301378.SZ', '300095.SZ', '003039.SZ', '300466.SZ', '002651.SZ', '301292.SZ', '300009.SZ', '300412.SZ', '002625.SZ']
2026-02-11 10:35:59,684 - INFO - Batch done. Sleeping 5s...
2026-02-11 10:36:04,766 - INFO - [332] Downloading: ['000009.SZ', '300329.SZ', '300732.SZ', '002571.SZ', '300746.SZ', '002599.SZ', '002182.SZ', '301535.SZ', '002828.SZ', '001378.SZ']
2026-02-11 10:36:09,362 - INFO - Batch done. Sleeping 5s...
2026-02-11 10:36:14,362 - INFO - [333] Downloading: ['301058.SZ', '002080.SZ', '000510.SZ', '001390.SZ', '002407.SZ', '000564.SZ', '300644.SZ', '002068.SZ', '000788.SZ', '301633.SZ']
2026-02-11 10:36:18,886 - INFO - Batch done. Sleeping 5s...
2026-02-11 10:36:23,896 - INFO - [334] Downloading: ['301228.SZ', '002284.SZ', '300919.SZ', '300440.SZ', '002677.SZ', '300434.SZ', '300985.SZ', '002603.SZ', '002218.SZ', '002775.SZ']
2026-02-11 10:36:28,066 - INFO - Batch done. Sleeping 5s...
2026-02-11 10:36:33,072 - INFO - [335] Downloading: ['300542.SZ', '300159.SZ', '300887.SZ', '002701.SZ', '300536.SZ', '002386.SZ', '300453.SZ', '300048.SZ', '002664.SZ', '000707.SZ']
2026-02-11 10:36:37,211 - INFO - Batch done. Sleeping 5s...
2026-02-11 10:36:42,228 - INFO - [336] Downloading: ['300427.SZ', '300996.SZ', '002297.SZ', '002395.SZ', '300808.SZ', '301339.SZ', '002766.SZ', '300551.SZ', '300894.SZ', '002712.SZ']
2026-02-11 10:36:46,419 - INFO - Batch done. Sleeping 5s...
2026-02-11 10:36:51,422 - INFO - [337] Downloading: ['002309.SZ', '000605.SZ', '300525.SZ', '000958.SZ', '001269.SZ', '301149.SZ', '301552.SZ', '002191.SZ', '301526.SZ', '002516.SZ']
2026-02-11 10:36:55,580 - INFO - Batch done. Sleeping 5s...
2026-02-11 10:37:00,590 - INFO - [338] Downloading: ['000401.SZ', '300721.SZ', '002179.SZ', '002562.SZ', '300755.SZ', '000503.SZ', '300238.SZ', '300623.SZ', '002414.SZ', '300657.SZ']
2026-02-11 10:37:05,041 - INFO - Batch done. Sleeping 5s...
2026-02-11 10:37:10,054 - INFO - [339] Downloading: ['002460.SZ', '002939.SZ', '002488.SZ', '002093.SZ', '300395.SZ', '002808.SZ', '301515.SZ', '000983.SZ', '301192.SZ', '000029.SZ']
2026-02-11 10:37:14,284 - INFO - Batch done. Sleeping 5s...
2026-02-11 10:37:19,293 - INFO - [340] Downloading: ['301589.SZ', '300712.SZ', '002551.SZ', '300766.SZ', '002996.SZ', '301090.SZ', '000530.SZ', '300610.SZ', '000881.SZ', '002427.SZ']
2026-02-11 10:37:23,836 - INFO - Batch done. Sleeping 5s...
2026-02-11 10:37:28,839 - INFO - [341] Downloading: ['000544.SZ', '300664.SZ', '002453.SZ', '002048.SZ', '001358.SZ', '301078.SZ', '000869.SZ', '300460.SZ', '002657.SZ', '300414.SZ']
2026-02-11 10:37:33,645 - INFO - Batch done. Sleeping 5s...
2026-02-11 10:37:38,645 - INFO - [342] Downloading: ['002238.SZ', '002623.SZ', '300488.SZ', '300093.SZ', '301208.SZ', '301613.SZ', '300939.SZ', '301667.SZ', '300191.SZ', '002755.SZ']
2026-02-11 10:37:43,150 - INFO - Batch done. Sleeping 5s...
2026-02-11 10:37:48,159 - INFO - [343] Downloading: ['300179.SZ', '300562.SZ', '002721.SZ', '301396.SZ', '000636.SZ', '300516.SZ', '300080.SZ', '301600.SZ', '000753.SZ', '300068.SZ']
2026-02-11 10:37:52,377 - INFO - Batch done. Sleeping 5s...
2026-02-11 10:37:57,382 - INFO - [344] Downloading: ['300473.SZ', '002644.SZ', '301287.SZ', '000727.SZ', '300407.SZ', '002630.SZ', '002746.SZ', '000651.SZ', '300571.SZ', '002329.SZ']
2026-02-11 10:38:01,729 - INFO - Batch done. Sleeping 5s...
2026-02-11 10:38:06,731 - INFO - [345] Downloading: ['002732.SZ', '000625.SZ', '300505.SZ', '300828.SZ', '300599.SZ', '300182.SZ', '301319.SZ', '000990.SZ', '002536.SZ', '301181.SZ']
2026-02-11 10:38:11,031 - INFO - Batch done. Sleeping 5s...
2026-02-11 10:38:16,049 - INFO - [346] Downloading: ['002887.SZ', '000421.SZ', '300701.SZ', '002542.SZ', '002159.SZ', '300775.SZ', '000978.SZ', '301169.SZ', '300386.SZ', '300284.SZ']
2026-02-11 10:38:20,910 - INFO - Batch done. Sleeping 5s...
2026-02-11 10:38:25,922 - INFO - [347] Downloading: ['002919.SZ', '002985.SZ', '301083.SZ', '301498.SZ', '000523.SZ', '300603.SZ', '300218.SZ', '000892.SZ', '002434.SZ', '000557.SZ']
2026-02-11 10:38:30,300 - INFO - Batch done. Sleeping 5s...
2026-02-11 10:38:35,302 - INFO - [348] Downloading: ['300677.SZ', '002440.SZ', '002760.SZ', '000677.SZ', '300557.SZ', '300892.SZ', '002714.SZ', '000603.SZ', '300523.SZ', '300138.SZ']
2026-02-11 10:38:39,536 - INFO - Batch done. Sleeping 5s...
2026-02-11 10:38:44,538 - INFO - [349] Downloading: ['002393.SZ', '002788.SZ', '301626.SZ', '002291.SZ', '300978.SZ', '300455.SZ', '002662.SZ', '002279.SZ', '000701.SZ', '300421.SZ']
2026-02-11 10:38:48,845 - INFO - Batch done. Sleeping 5s...
2026-02-11 10:38:53,876 - INFO - [350] Downloading: ['300990.SZ', '002616.SZ', '301456.SZ', '001319.SZ', '301039.SZ', '000599.SZ', '000828.SZ', '002095.SZ', '000505.SZ', '300625.SZ']
2026-02-11 10:38:58,007 - INFO - Batch done. Sleeping 5s...
2026-02-11 10:39:03,027 - INFO - [351] Downloading: ['002009.SZ', '002412.SZ', '000571.SZ', '300651.SZ', '002466.SZ', '002510.SZ', '000407.SZ', '300727.SZ', '001287.SZ', '002564.SZ']
2026-02-11 10:39:07,316 - INFO - Batch done. Sleeping 5s...
2026-02-11 10:39:12,321 - INFO - [352] Downloading: ['000068.SZ', '300348.SZ', '300753.SZ', '002849.SZ', '002197.SZ', '301520.SZ', '000516.SZ', '300636.SZ', '001396.SZ', '002401.SZ']
2026-02-11 10:39:16,396 - INFO - Batch done. Sleeping 5s...
2026-02-11 10:39:21,410 - INFO - [353] Downloading: ['300259.SZ', '300642.SZ', '002475.SZ', '002958.SZ', '002086.SZ', '002184.SZ', '001208.SZ', '301128.SZ', '301533.SZ', '000488.SZ']
2026-02-11 10:39:25,658 - INFO - Batch done. Sleeping 5s...
2026-02-11 10:39:30,661 - INFO - [354] Downloading: ['002577.SZ', '300740.SZ', '002380.SZ', '300869.SZ', '301358.SZ', '002773.SZ', '002368.SZ', '300881.SZ', '002707.SZ', '000610.SZ']
2026-02-11 10:39:34,988 - INFO - Batch done. Sleeping 5s...
2026-02-11 10:39:39,993 - INFO - [355] Downloading: ['300530.SZ', '000766.SZ', '300446.SZ', '002671.SZ', '000712.SZ', '300432.SZ', '300029.SZ', '300983.SZ', '002605.SZ', '002282.SZ']
2026-02-11 10:39:44,098 - INFO - Batch done. Sleeping 5s...
2026-02-11 10:39:49,114 - INFO - [356] Downloading: ['003019.SZ', '300681.SZ', '002907.SZ', '301001.SZ', '000810.SZ', '301075.SZ', '002973.SZ', '300669.SZ', '300272.SZ', '002045.SZ']
2026-02-11 10:39:53,323 - INFO - Batch done. Sleeping 5s...
2026-02-11 10:39:58,327 - INFO - [357] Downloading: ['301486.SZ', '300206.SZ', '002031.SZ', '000050.SZ', '300370.SZ', '002528.SZ', '002133.SZ', '301584.SZ', '002899.SZ', '300304.SZ']
2026-02-11 10:40:02,560 - INFO - Batch done. Sleeping 5s...
2026-02-11 10:40:07,569 - INFO - [358] Downloading: ['000912.SZ', '001223.SZ', '300398.SZ', '300783.SZ', '301518.SZ', '301103.SZ', '002805.SZ', '000966.SZ', '002871.SZ', '301177.SZ']
2026-02-11 10:40:12,011 - INFO - Batch done. Sleeping 5s...
2026-02-11 10:40:17,018 - INFO - [359] Downloading: ['002337.SZ', '300100.SZ', '001965.SZ', '002343.SZ', '002758.SZ', '300174.SZ', '300842.SZ', '301373.SZ', '300836.SZ', '300587.SZ']
2026-02-11 10:40:21,310 - INFO - Batch done. Sleeping 5s...
2026-02-11 10:40:26,314 - INFO - [360] Downloading: ['301307.SZ', '300940.SZ', '300485.SZ', '301205.SZ', '003032.SZ', '000739.SZ', '301299.SZ', '300002.SZ', '300419.SZ', '002235.SZ']
2026-02-11 10:40:30,708 - INFO - Batch done. Sleeping 5s...
2026-02-11 10:40:35,711 - INFO - [361] Downloading: ['300076.SZ', '002241.SZ', '300851.SZ', '301360.SZ', '300825.SZ', '300594.SZ', '301314.SZ', '002324.SZ', '000628.SZ', '301388.SZ']
2026-02-11 10:40:39,838 - INFO - Batch done. Sleeping 5s...
2026-02-11 10:40:44,838 - INFO - [362] Downloading: ['300113.SZ', '300508.SZ', '002350.SZ', '300167.SZ', '300011.SZ', '002226.SZ', '300065.SZ', '002252.SZ', '002649.SZ', '301262.SZ']
2026-02-11 10:40:49,502 - INFO - Batch done. Sleeping 5s...
2026-02-11 10:40:54,507 - INFO - [363] Downloading: ['300953.SZ', '300496.SZ', '301216.SZ', '003021.SZ', '300927.SZ', '300261.SZ', '002056.SZ', '002988.SZ', '300215.SZ', '002439.SZ']
2026-02-11 10:40:59,076 - INFO - Batch done. Sleeping 5s...
2026-02-11 10:41:04,091 - INFO - [364] Downloading: ['002022.SZ', '001332.SZ', '300289.SZ', '300692.SZ', '301012.SZ', '000803.SZ', '301066.SZ', '002960.SZ', '000877.SZ', '000901.SZ']
2026-02-11 10:41:08,247 - INFO - Batch done. Sleeping 5s...
2026-02-11 10:41:13,254 - INFO - [365] Downloading: ['001230.SZ', '300790.SZ', '301110.SZ', '002816.SZ', '000975.SZ', '002862.SZ', '002154.SZ', '300778.SZ', '300363.SZ', '002120.SZ']
2026-02-11 10:41:17,403 - INFO - Batch done. Sleeping 5s...
2026-02-11 10:41:22,406 - INFO - [366] Downloading: ['000037.SZ', '300317.SZ', '300037.SZ', '002200.SZ', '000778.SZ', '300458.SZ', '300043.SZ', '002274.SZ', '300975.SZ', '000790.SZ']
2026-02-11 10:41:26,618 - INFO - Batch done. Sleeping 5s...
2026-02-11 10:41:31,639 - INFO - [367] Downloading: ['301230.SZ', '002687.SZ', '300901.SZ', '003007.SZ', '300877.SZ', '002785.SZ', '300803.SZ', '000692.SZ', '301332.SZ', '002719.SZ']
2026-02-11 10:41:36,549 - INFO - Batch done. Sleeping 5s...
2026-02-11 10:41:41,559 - INFO - [368] Downloading: ['002302.SZ', '300135.SZ', '002376.SZ', '300141.SZ', '002581.SZ', '000927.SZ', '001216.SZ', '002830.SZ', '301136.SZ', '000953.SZ']
2026-02-11 10:41:45,806 - INFO - Batch done. Sleeping 5s...
2026-02-11 10:41:50,817 - INFO - [369] Downloading: ['301559.SZ', '002172.SZ', '002569.SZ', '000065.SZ', '300345.SZ', '002106.SZ', '000011.SZ', '300331.SZ', '300247.SZ', '001388.SZ']
2026-02-11 10:41:55,088 - INFO - Batch done. Sleeping 5s...
2026-02-11 10:42:00,099 - INFO - [370] Downloading: ['300233.SZ', '300628.SZ', '002004.SZ', '001314.SZ', '002932.SZ', '002483.SZ', '000825.SZ', '002098.SZ', '001360.SZ', '002946.SZ']
2026-02-11 10:42:04,480 - INFO - Batch done. Sleeping 5s...
2026-02-11 10:42:09,491 - INFO - [371] Downloading: ['301040.SZ', '002161.SZ', '002115.SZ', '000419.SZ', '000002.SZ', '001299.SZ', '300322.SZ', '300739.SZ', '002592.SZ', '002189.SZ']
2026-02-11 10:42:13,766 - INFO - Batch done. Sleeping 5s...
2026-02-11 10:42:18,766 - INFO - [372] Downloading: ['001205.SZ', '002823.SZ', '301125.SZ', '301151.SZ', '002857.SZ', '301027.SZ', '002921.SZ', '002490.SZ', '001373.SZ', '002955.SZ']
2026-02-11 10:42:22,986 - INFO - Batch done. Sleeping 5s...
2026-02-11 10:42:27,988 - INFO - [373] Downloading: ['301053.SZ', '301448.SZ', '300254.SZ', '002063.SZ', '002478.SZ', '000100.SZ', '300220.SZ', '002017.SZ', '301257.SZ', '300966.SZ']
2026-02-11 10:42:32,162 - INFO - Batch done. Sleeping 5s...
2026-02-11 10:42:37,176 - INFO - [374] Downloading: ['000783.SZ', '301638.SZ', '301223.SZ', '002694.SZ', '300912.SZ', '300024.SZ', '002608.SZ', '002213.SZ', '300050.SZ', '002267.SZ']
2026-02-11 10:42:41,535 - INFO - Batch done. Sleeping 5s...
2026-02-11 10:42:46,550 - INFO - [375] Downloading: ['002311.SZ', '300126.SZ', '002365.SZ', '000669.SZ', '300549.SZ', '300152.SZ', '300864.SZ', '301355.SZ', '002796.SZ', '300810.SZ']
2026-02-11 10:42:50,924 - INFO - Batch done. Sleeping 5s...
2026-02-11 10:42:55,940 - INFO - [376] Downloading: ['000681.SZ', '301321.SZ', '300951.SZ', '301260.SZ', '003023.SZ', '300925.SZ', '300494.SZ', '002224.SZ', '300013.SZ', '300408.SZ']
2026-02-11 10:43:00,643 - INFO - Batch done. Sleeping 5s...
2026-02-11 10:43:05,643 - INFO - [377] Downloading: ['000728.SZ', '000333.SZ', '301288.SZ', '002250.SZ', '300067.SZ', '300111.SZ', '002326.SZ', '300165.SZ', '002352.SZ', '002749.SZ']
2026-02-11 10:43:09,810 - INFO - Batch done. Sleeping 5s...
2026-02-11 10:43:14,826 - INFO - [378] Downloading: ['301362.SZ', '300853.SZ', '301316.SZ', '300596.SZ', '300827.SZ', '002156.SZ', '300315.SZ', '301595.SZ', '002888.SZ', '000035.SZ']
2026-02-11 10:43:19,114 - INFO - Batch done. Sleeping 5s...
2026-02-11 10:43:24,120 - INFO - [379] Downloading: ['002539.SZ', '002122.SZ', '301509.SZ', '301112.SZ', '300389.SZ', '300792.SZ', '000903.SZ', '002860.SZ', '301166.SZ', '000977.SZ']
2026-02-11 10:43:28,645 - INFO - Batch done. Sleeping 5s...
2026-02-11 10:43:33,659 - INFO - [380] Downloading: ['000801.SZ', '002916.SZ', '301010.SZ', '001330.SZ', '300690.SZ', '000875.SZ', '002962.SZ', '002054.SZ', '300678.SZ', '300263.SZ']
2026-02-11 10:43:38,106 - INFO - Batch done. Sleeping 5s...
2026-02-11 10:43:43,116 - INFO - [381] Downloading: ['000558.SZ', '002020.SZ', '300217.SZ', '301101.SZ', '002807.SZ', '001221.SZ', '300781.SZ', '000910.SZ', '002873.SZ', '301175.SZ']
2026-02-11 10:43:47,282 - INFO - Batch done. Sleeping 5s...
2026-02-11 10:43:52,283 - INFO - [382] Downloading: ['001255.SZ', '300769.SZ', '002145.SZ', '300306.SZ', '301586.SZ', '000026.SZ', '002131.SZ', '002047.SZ', '300270.SZ', '002428.SZ']
2026-02-11 10:43:56,461 - INFO - Batch done. Sleeping 5s...
2026-02-11 10:44:01,462 - INFO - [383] Downloading: ['002033.SZ', '300204.SZ', '002999.SZ', '000812.SZ', '301418.SZ', '002905.SZ', '301003.SZ', '001323.SZ', '300298.SZ', '300683.SZ']
2026-02-11 10:44:05,728 - INFO - Batch done. Sleeping 5s...
2026-02-11 10:44:10,731 - INFO - [384] Downloading: ['301077.SZ', '002971.SZ', '002237.SZ', '002243.SZ', '002658.SZ', '300074.SZ', '300942.SZ', '301273.SZ', '301668.SZ', '003030.SZ']
2026-02-11 10:44:15,030 - INFO - Batch done. Sleeping 5s...
2026-02-11 10:44:20,033 - INFO - [385] Downloading: ['300936.SZ', '301207.SZ', '300487.SZ', '301371.SZ', '300840.SZ', '301305.SZ', '300585.SZ', '300834.SZ', '300102.SZ', '300519.SZ']
2026-02-11 10:44:24,371 - INFO - Batch done. Sleeping 5s...
2026-02-11 10:44:29,376 - INFO - [386] Downloading: ['000639.SZ', '301399.SZ', '002335.SZ', '300176.SZ', '002061.SZ', '300256.SZ', '002015.SZ', '300222.SZ', '300639.SZ', '000519.SZ']
2026-02-11 10:44:33,586 - INFO - Batch done. Sleeping 5s...
2026-02-11 10:44:38,591 - INFO - [387] Downloading: ['002492.SZ', '301025.SZ', '002923.SZ', '002957.SZ', '301051.SZ', '002821.SZ', '301127.SZ', '001207.SZ', '002590.SZ', '000936.SZ']
2026-02-11 10:44:42,954 - INFO - Batch done. Sleeping 5s...
2026-02-11 10:44:47,955 - INFO - [388] Downloading: ['301153.SZ', '002855.SZ', '301548.SZ', '300354.SZ', '002163.SZ', '002578.SZ', '300320.SZ', '002117.SZ', '301357.SZ', '300866.SZ']
2026-02-11 10:44:52,184 - INFO - Batch done. Sleeping 5s...
2026-02-11 10:44:57,207 - INFO - [389] Downloading: ['000683.SZ', '301323.SZ', '300812.SZ', '300124.SZ', '002708.SZ', '002313.SZ', '300150.SZ', '002367.SZ', '002211.SZ', '300026.SZ']
2026-02-11 10:45:01,541 - INFO - Batch done. Sleeping 5s...
2026-02-11 10:45:06,542 - INFO - [390] Downloading: ['002265.SZ', '300449.SZ', '300052.SZ', '300964.SZ', '301255.SZ', '300910.SZ', '003016.SZ', '002696.SZ', '301221.SZ', '300137.SZ']
2026-02-11 10:45:10,760 - INFO - Batch done. Sleeping 5s...
2026-02-11 10:45:15,766 - INFO - [391] Downloading: ['002300.SZ', '300558.SZ', '300143.SZ', '000678.SZ', '002374.SZ', '300875.SZ', '000690.SZ', '301330.SZ', '300801.SZ', '002787.SZ']
2026-02-11 10:45:20,039 - INFO - Batch done. Sleeping 5s...
2026-02-11 10:45:25,060 - INFO - [392] Downloading: ['300977.SZ', '301246.SZ', '300903.SZ', '003005.SZ', '002685.SZ', '000792.SZ', '301629.SZ', '301232.SZ', '002202.SZ', '300035.SZ']
2026-02-11 10:45:29,621 - INFO - Batch done. Sleeping 5s...
2026-02-11 10:45:34,622 - INFO - [393] Downloading: ['002276.SZ', '300041.SZ', '002481.SZ', '000596.SZ', '301036.SZ', '002930.SZ', '001316.SZ', '301042.SZ', '301459.SZ', '002072.SZ']
2026-02-11 10:45:38,866 - INFO - Batch done. Sleeping 5s...
2026-02-11 10:45:43,877 - INFO - [394] Downloading: ['002469.SZ', '300245.SZ', '002006.SZ', '300231.SZ', '300347.SZ', '002170.SZ', '001288.SZ', '300333.SZ', '000408.SZ', '002104.SZ']
2026-02-11 10:45:48,247 - INFO - Batch done. Sleeping 5s...
2026-02-11 10:45:53,255 - INFO - [395] Downloading: ['002832.SZ', '002583.SZ', '000925.SZ', '002198.SZ', '002846.SZ', '001260.SZ', '000951.SZ', '300180.SZ', '300168.SZ', '300573.SZ']
2026-02-11 10:45:57,997 - INFO - Batch done. Sleeping 5s...
2026-02-11 10:46:03,006 - INFO - [396] Downloading: ['001979.SZ', '300507.SZ', '301387.SZ', '002730.SZ', '002646.SZ', '300471.SZ', '000751.SZ', '002229.SZ', '002632.SZ', '300405.SZ']
2026-02-11 10:46:07,259 - INFO - Batch done. Sleeping 5s...
2026-02-11 10:46:12,273 - INFO - [397] Downloading: ['301285.SZ', '000725.SZ', '300928.SZ', '301219.SZ', '301602.SZ', '300499.SZ', '300082.SZ', '000890.SZ', '002436.SZ', '300601.SZ']
2026-02-11 10:46:16,352 - INFO - Batch done. Sleeping 5s...
2026-02-11 10:46:21,356 - INFO - [398] Downloading: ['002987.SZ', '301081.SZ', '000521.SZ', '002442.SZ', '002059.SZ', '300675.SZ', '000555.SZ', '000878.SZ', '301069.SZ', '300286.SZ']
2026-02-11 10:46:25,599 - INFO - Batch done. Sleeping 5s...
2026-02-11 10:46:30,600 - INFO - [399] Downloading: ['002819.SZ', '300384.SZ', '300703.SZ', '300318.SZ', '301183.SZ', '002885.SZ', '301598.SZ', '000423.SZ', '002534.SZ', '300777.SZ']
2026-02-11 10:46:35,021 - INFO - Batch done. Sleeping 5s...
2026-02-11 10:46:40,021 - INFO - [400] Downloading: ['002540.SZ', '002908.SZ', '300295.SZ', '000883.SZ', '002425.SZ', '300612.SZ', '300209.SZ', '301092.SZ', '301489.SZ', '000532.SZ']
2026-02-11 10:46:44,345 - INFO - Batch done. Sleeping 5s...
2026-02-11 10:46:49,350 - INFO - [401] Downloading: ['002451.SZ', '300666.SZ', '000546.SZ', '300710.SZ', '301190.SZ', '002896.SZ', '000430.SZ', '000981.SZ', '002527.SZ', '002553.SZ']
2026-02-11 10:46:53,697 - INFO - Batch done. Sleeping 5s...
2026-02-11 10:46:58,706 - INFO - [402] Downloading: ['002148.SZ', '301563.SZ', '301178.SZ', '001258.SZ', '000969.SZ', '301517.SZ', '300397.SZ', '300560.SZ', '002757.SZ', '300514.SZ']
2026-02-11 10:47:02,846 - INFO - Batch done. Sleeping 5s...
2026-02-11 10:47:07,846 - INFO - [403] Downloading: ['002338.SZ', '002723.SZ', '301308.SZ', '300588.SZ', '300193.SZ', '300839.SZ', '301611.SZ', '300091.SZ', '301665.SZ', '002655.SZ']
2026-02-11 10:47:12,326 - INFO - Batch done. Sleeping 5s...
2026-02-11 10:47:17,335 - INFO - [404] Downloading: ['300079.SZ', '300462.SZ', '300416.SZ', '301296.SZ', '000736.SZ', '300736.SZ', '001296.SZ', '002501.SZ', '300359.SZ', '002575.SZ']
2026-02-11 10:47:21,512 - INFO - Batch done. Sleeping 5s...
2026-02-11 10:47:26,517 - INFO - [405] Downloading: ['002858.SZ', '002186.SZ', '000839.SZ', '002084.SZ', '301028.SZ', '001308.SZ', '002403.SZ', '300634.SZ', '000514.SZ', '300640.SZ']
2026-02-11 10:47:30,913 - INFO - Batch done. Sleeping 5s...
2026-02-11 10:47:35,915 - INFO - [406] Downloading: ['000560.SZ', '300969.SZ', '301258.SZ', '002673.SZ', '002268.SZ', '300444.SZ', '002607.SZ', '300981.SZ', '300430.SZ', '000710.SZ']
2026-02-11 10:47:40,348 - INFO - Batch done. Sleeping 5s...
2026-02-11 10:47:45,351 - INFO - [407] Downloading: ['300546.SZ', '002771.SZ', '300532.SZ', '300129.SZ', '000612.SZ', '002705.SZ', '300883.SZ', '002382.SZ', '002799.SZ', '002660.SZ']
2026-02-11 10:47:49,656 - INFO - Batch done. Sleeping 5s...
2026-02-11 10:47:54,678 - INFO - [408] Downloading: ['300457.SZ', '000777.SZ', '002614.SZ', '300992.SZ', '300423.SZ', '000703.SZ', '003008.SZ', '002293.SZ', '002688.SZ', '002391.SZ']
2026-02-11 10:47:58,948 - INFO - Batch done. Sleeping 5s...
2026-02-11 10:48:03,948 - INFO - [409] Downloading: ['301349.SZ', '300878.SZ', '300555.SZ', '002762.SZ', '002379.SZ', '300521.SZ', '000601.SZ', '002716.SZ', '300890.SZ', '301556.SZ']
2026-02-11 10:48:08,877 - INFO - Batch done. Sleeping 5s...
2026-02-11 10:48:13,901 - INFO - [410] Downloading: ['301139.SZ', '301522.SZ', '001219.SZ', '000928.SZ', '002195.SZ', '300725.SZ', '001285.SZ', '002109.SZ', '002512.SZ', '300751.SZ']
2026-02-11 10:48:18,461 - INFO - Batch done. Sleeping 5s...
2026-02-11 10:48:23,463 - INFO - [411] Downloading: ['002566.SZ', '002410.SZ', '300627.SZ', '001387.SZ', '000507.SZ', '300248.SZ', '300653.SZ', '000573.SZ', '002949.SZ', '002097.SZ']
2026-02-11 10:48:27,647 - INFO - Batch done. Sleeping 5s...
2026-02-11 10:48:32,661 - INFO - [412] Downloading: ['002878.SZ', '301565.SZ', '301511.SZ', '300391.SZ', '300716.SZ', '301196.SZ', '002890.SZ', '002521.SZ', '000987.SZ', '300762.SZ']
2026-02-11 10:48:37,292 - INFO - Batch done. Sleeping 5s...
2026-02-11 10:48:42,296 - INFO - [413] Downloading: ['000059.SZ', '002555.SZ', '002423.SZ', '000885.SZ', '002038.SZ', '300614.SZ', '000534.SZ', '002992.SZ', '002457.SZ', '300660.SZ']
2026-02-11 10:48:46,607 - INFO - Batch done. Sleeping 5s...
2026-02-11 10:48:51,614 - INFO - [414] Downloading: ['000819.SZ', '301413.SZ', '301008.SZ', '001328.SZ', '300293.SZ', '300688.SZ', '002248.SZ', '002653.SZ', '300464.SZ', '002627.SZ']
2026-02-11 10:48:55,889 - INFO - Batch done. Sleeping 5s...
2026-02-11 10:49:00,898 - INFO - [415] Downloading: ['300410.SZ', '301290.SZ', '301617.SZ', '300097.SZ', '300949.SZ', '301278.SZ', '300195.SZ', '300566.SZ', '300109.SZ', '300512.SZ']
2026-02-11 10:49:05,150 - INFO - Batch done. Sleeping 5s...
2026-02-11 10:49:10,173 - INFO - [416] Downloading: ['000632.SZ', '301392.SZ', '002725.SZ', '003028.SZ', '300084.SZ', '002640.SZ', '300477.SZ', '000757.SZ', '002634.SZ', '300018.SZ']
2026-02-11 10:49:14,498 - INFO - Batch done. Sleeping 5s...
2026-02-11 10:49:19,504 - INFO - [417] Downloading: ['300403.SZ', '000723.SZ', '000338.SZ', '301283.SZ', '300575.SZ', '000655.SZ', '002742.SZ', '300501.SZ', '301381.SZ', '002736.SZ']
2026-02-11 10:49:23,756 - INFO - Batch done. Sleeping 5s...
2026-02-11 10:49:28,769 - INFO - [418] Downloading: ['301369.SZ', '300858.SZ', '300705.SZ', '000425.SZ', '301185.SZ', '002883.SZ', '002532.SZ', '002129.SZ', '300771.SZ', '002546.SZ']
2026-02-11 10:49:32,990 - INFO - Batch done. Sleeping 5s...
2026-02-11 10:49:38,018 - INFO - [419] Downloading: ['301502.SZ', '301119.SZ', '001239.SZ', '300382.SZ', '000908.SZ', '002969.SZ', '002430.SZ', '300607.SZ', '002981.SZ', '301087.SZ']
2026-02-11 10:49:42,348 - INFO - Batch done. Sleeping 5s...
2026-02-11 10:49:47,379 - INFO - [420] Downloading: ['002444.SZ', '300673.SZ', '300268.SZ', '000553.SZ', '300553.SZ', '300148.SZ', '300527.SZ', '000607.SZ', '300896.SZ', '001400.SZ']
2026-02-11 10:49:51,683 - INFO - Batch done. Sleeping 5s...
2026-02-11 10:49:56,685 - INFO - [421] Downloading: ['002397.SZ', '300908.SZ', '002295.SZ', '000799.SZ', '301622.SZ', '301239.SZ', '301656.SZ', '002666.SZ', '300451.SZ', '002612.SZ']
2026-02-11 10:50:00,874 - INFO - Batch done. Sleeping 5s...
2026-02-11 10:50:05,897 - INFO - [422] Downloading: ['002209.SZ', '300994.SZ', '300425.SZ', '000705.SZ', '000858.SZ', '301049.SZ', '001369.SZ', '002091.SZ', '002416.SZ', '300621.SZ']
2026-02-11 10:50:10,008 - INFO - Batch done. Sleeping 5s...
2026-02-11 10:50:15,010 - INFO - [423] Downloading: ['000501.SZ', '002079.SZ', '002462.SZ', '300655.SZ', '001283.SZ', '300338.SZ', '300723.SZ', '000403.SZ', '002514.SZ', '300757.SZ']
2026-02-11 10:50:19,184 - INFO - Batch done. Sleeping 5s...
2026-02-11 10:50:24,185 - INFO - [424] Downloading: ['002560.SZ', '301550.SZ', '002839.SZ', '002588.SZ', '002193.SZ', '002405.SZ', '300229.SZ', '300632.SZ', '002471.SZ', '000566.SZ']
2026-02-11 10:50:28,364 - INFO - Batch done. Sleeping 5s...
2026-02-11 10:50:33,366 - INFO - [425] Downloading: ['002082.SZ', '002928.SZ', '301158.SZ', '001278.SZ', '000949.SZ', '002180.SZ', '300730.SZ', '000410.SZ', '002507.SZ', '002168.SZ']
2026-02-11 10:50:37,516 - INFO - Batch done. Sleeping 5s...
2026-02-11 10:50:42,517 - INFO - [426] Downloading: ['002573.SZ', '000688.SZ', '301328.SZ', '300819.SZ', '002384.SZ', '300540.SZ', '002777.SZ', '300534.SZ', '002703.SZ', '002318.SZ']
2026-02-11 10:50:46,796 - INFO - Batch done. Sleeping 5s...
2026-02-11 10:50:51,798 - INFO - [427] Downloading: ['300885.SZ', '002675.SZ', '300442.SZ', '300059.SZ', '000762.SZ', '002601.SZ', '300987.SZ', '300436.SZ', '000716.SZ', '002286.SZ']
2026-02-11 10:50:56,032 - INFO - Batch done. Sleeping 5s...
2026-02-11 10:51:01,044 - INFO - [428] Downloading: ['301631.SZ', '002903.SZ', '301005.SZ', '300685.SZ', '001325.SZ', '000860.SZ', '301071.SZ', '002977.SZ', '002041.SZ', '300276.SZ']
2026-02-11 10:51:05,302 - INFO - Batch done. Sleeping 5s...
2026-02-11 10:51:10,333 - INFO - [429] Downloading: ['000156.SZ', '000888.SZ', '002035.SZ', '300619.SZ', '301099.SZ', '000539.SZ', '300374.SZ', '002558.SZ', '300300.SZ', '000020.SZ']
2026-02-11 10:51:14,684 - INFO - Batch done. Sleeping 5s...
2026-02-11 10:51:19,687 - INFO - [430] Downloading: ['301580.SZ', '002137.SZ', '301107.SZ', '002801.SZ', '300787.SZ', '001227.SZ', '301568.SZ', '002875.SZ', '301173.SZ', '000962.SZ']
2026-02-11 10:51:23,894 - INFO - Batch done. Sleeping 5s...
2026-02-11 10:51:28,921 - INFO - [431] Downloading: ['002333.SZ', '002728.SZ', '300170.SZ', '002347.SZ', '301377.SZ', '300846.SZ', '301303.SZ', '300583.SZ', '300198.SZ', '300832.SZ']
2026-02-11 10:51:33,304 - INFO - Batch done. Sleeping 5s...
2026-02-11 10:51:38,313 - INFO - [432] Downloading: ['003042.SZ', '301275.SZ', '003036.SZ', '300930.SZ', '301201.SZ', '300481.SZ', '002231.SZ', '300006.SZ', '002245.SZ', '300072.SZ']
2026-02-11 10:51:42,485 - INFO - Batch done. Sleeping 5s...
2026-02-11 10:51:47,498 - INFO - [433] Downloading: ['300469.SZ', '300855.SZ', '301310.SZ', '300590.SZ', '300821.SZ', '002320.SZ', '300163.SZ', '300578.SZ', '002354.SZ', '002222.SZ']
2026-02-11 10:51:51,646 - INFO - Batch done. Sleeping 5s...
2026-02-11 10:51:56,649 - INFO - [434] Downloading: ['002639.SZ', '300015.SZ', '002256.SZ', '300061.SZ', '300957.SZ', '301266.SZ', '003025.SZ', '300923.SZ', '301212.SZ', '301609.SZ']
2026-02-11 10:52:00,832 - INFO - Batch done. Sleeping 5s...
2026-02-11 10:52:05,859 - INFO - [435] Downloading: ['300492.SZ', '002449.SZ', '002052.SZ', '300265.SZ', '002026.SZ', '300211.SZ', '301491.SZ', '000807.SZ', '002910.SZ', '301016.SZ']
2026-02-11 10:52:10,044 - INFO - Batch done. Sleeping 5s...
2026-02-11 10:52:15,073 - INFO - [436] Downloading: ['300696.SZ', '001336.SZ', '301479.SZ', '301062.SZ', '002812.SZ', '001234.SZ', '000905.SZ', '002866.SZ', '301160.SZ', '002150.SZ']
2026-02-11 10:52:19,386 - INFO - Batch done. Sleeping 5s...
2026-02-11 10:52:24,386 - INFO - [437] Downloading: ['300708.SZ', '300313.SZ', '301188.SZ', '000428.SZ', '000999.SZ', '002124.SZ', '002204.SZ', '300999.SZ', '300428.SZ', '300033.SZ']
2026-02-11 10:52:28,722 - INFO - Batch done. Sleeping 5s...
2026-02-11 10:52:33,723 - INFO - [438] Downloading: ['000708.SZ', '002270.SZ', '300047.SZ', '300971.SZ', '300905.SZ', '003003.SZ', '002298.SZ', '002683.SZ', '301234.SZ', '300873.SZ']
2026-02-11 10:52:38,252 - INFO - Batch done. Sleeping 5s...
2026-02-11 10:52:43,265 - INFO - [439] Downloading: ['301336.SZ', '300807.SZ', '300131.SZ', '002306.SZ', '300145.SZ', '002769.SZ', '002372.SZ', '301132.SZ', '000089.SZ', '301529.SZ']
2026-02-11 10:52:47,734 - INFO - Batch done. Sleeping 5s...
2026-02-11 10:52:52,735 - INFO - [440] Downloading: ['001212.SZ', '000923.SZ', '002585.SZ', '002840.SZ', '001266.SZ', '000957.SZ', '300341.SZ', '000061.SZ', '002176.SZ', '300335.SZ']
2026-02-11 10:52:57,238 - INFO - Batch done. Sleeping 5s...
2026-02-11 10:53:02,242 - INFO - [441] Downloading: ['002102.SZ', '002519.SZ', '002074.SZ', '300243.SZ', '300658.SZ', '300237.SZ', '000821.SZ', '002487.SZ', '301030.SZ', '002936.SZ']
2026-02-11 10:53:06,804 - INFO - Batch done. Sleeping 5s...
2026-02-11 10:53:11,808 - INFO - [442] Downloading: ['000590.SZ', '002942.SZ', '300352.SZ', '300749.SZ', '002165.SZ', '300326.SZ', '000006.SZ', '002111.SZ', '002827.SZ', '301121.SZ']
2026-02-11 10:53:16,012 - INFO - Batch done. Sleeping 5s...
2026-02-11 10:53:21,043 - INFO - [443] Downloading: ['001201.SZ', '000930.SZ', '002596.SZ', '301155.SZ', '002853.SZ', '002494.SZ', '301023.SZ', '002925.SZ', '002951.SZ', '301057.SZ']
2026-02-11 10:53:25,370 - INFO - Batch done. Sleeping 5s...
2026-02-11 10:53:30,382 - INFO - [444] Downloading: ['002067.SZ', '300250.SZ', '002408.SZ', '300224.SZ', '300962.SZ', '300916.SZ', '003010.SZ', '002690.SZ', '301227.SZ', '002217.SZ']
2026-02-11 10:53:34,497 - INFO - Batch done. Sleeping 5s...
2026-02-11 10:53:39,511 - INFO - [445] Downloading: ['300020.SZ', '002678.SZ', '002263.SZ', '300054.SZ', '300539.SZ', '300122.SZ', '000619.SZ', '002315.SZ', '300888.SZ', '002361.SZ']
2026-02-11 10:53:43,828 - INFO - Batch done. Sleeping 5s...
2026-02-11 10:53:48,834 - INFO - [446] Downloading: ['300860.SZ', '301325.SZ', '000685.SZ', '300814.SZ', '002389.SZ', '002792.SZ', '000014.SZ', '300334.SZ', '002518.SZ', '002103.SZ']
2026-02-11 10:53:53,459 - INFO - Batch done. Sleeping 5s...
2026-02-11 10:53:58,459 - INFO - [447] Downloading: ['000060.SZ', '300340.SZ', '002177.SZ', '001267.SZ', '002841.SZ', '001213.SZ', '301528.SZ', '002835.SZ', '301133.SZ', '000088.SZ']
2026-02-11 10:54:02,701 - INFO - Batch done. Sleeping 5s...
2026-02-11 10:54:07,710 - INFO - [448] Downloading: ['002584.SZ', '000922.SZ', '002943.SZ', '301045.SZ', '002486.SZ', '000820.SZ', '001311.SZ', '000591.SZ', '301031.SZ', '002937.SZ']
2026-02-11 10:54:11,962 - INFO - Batch done. Sleeping 5s...
2026-02-11 10:54:16,964 - INFO - [449] Downloading: ['002001.SZ', '300236.SZ', '002075.SZ', '300659.SZ', '300242.SZ', '002682.SZ', '002299.SZ', '300904.SZ', '003002.SZ', '000795.SZ']
2026-02-11 10:54:21,261 - INFO - Batch done. Sleeping 5s...
2026-02-11 10:54:26,278 - INFO - [450] Downloading: ['301235.SZ', '300970.SZ', '002271.SZ', '300046.SZ', '300998.SZ', '002205.SZ', '000709.SZ', '300032.SZ', '300429.SZ', '300144.SZ']
2026-02-11 10:54:30,771 - INFO - Batch done. Sleeping 5s...
2026-02-11 10:54:35,785 - INFO - [451] Downloading: ['002373.SZ', '002768.SZ', '300130.SZ', '002307.SZ', '000697.SZ', '301337.SZ', '002780.SZ', '300806.SZ', '300872.SZ', '002262.SZ']
2026-02-11 10:54:39,926 - INFO - Batch done. Sleeping 5s...
2026-02-11 10:54:44,927 - INFO - [452] Downloading: ['002679.SZ', '300055.SZ', '002216.SZ', '000301.SZ', '300021.SZ', '002691.SZ', '300917.SZ', '003011.SZ', '000786.SZ', '301226.SZ']
2026-02-11 10:54:49,342 - INFO - Batch done. Sleeping 5s...
2026-02-11 10:54:54,354 - INFO - [453] Downloading: ['300963.SZ', '301252.SZ', '002793.SZ', '002388.SZ', '300815.SZ', '300861.SZ', '300157.SZ', '002360.SZ', '300123.SZ', '300538.SZ']
2026-02-11 10:54:58,597 - INFO - Batch done. Sleeping 5s...
2026-02-11 10:55:03,603 - INFO - [454] Downloading: ['300889.SZ', '002314.SZ', '002852.SZ', '002826.SZ', '301120.SZ', '002597.SZ', '000931.SZ', '000007.SZ', '300327.SZ', '002110.SZ']
2026-02-11 10:55:07,856 - INFO - Batch done. Sleeping 5s...
2026-02-11 10:55:12,868 - INFO - [455] Downloading: ['300748.SZ', '300353.SZ', '002164.SZ', '002409.SZ', '002012.SZ', '300225.SZ', '002066.SZ', '300251.SZ', '001376.SZ', '002950.SZ']
2026-02-11 10:55:17,394 - INFO - Batch done. Sleeping 5s...
2026-02-11 10:55:22,399 - INFO - [456] Downloading: ['301056.SZ', '002495.SZ', '000833.SZ', '301439.SZ', '000582.SZ', '301022.SZ', '300199.SZ', '300582.SZ', '301302.SZ', '300833.SZ']
2026-02-11 10:55:26,833 - INFO - Batch done. Sleeping 5s...
2026-02-11 10:55:31,855 - INFO - [457] Downloading: ['301376.SZ', '300847.SZ', '300171.SZ', '002346.SZ', '300105.SZ', '001914.SZ', '002729.SZ', '002332.SZ', '002244.SZ', '300468.SZ']
2026-02-11 10:55:36,237 - INFO - Batch done. Sleeping 5s...
2026-02-11 10:55:41,241 - INFO - [458] Downloading: ['300073.SZ', '002230.SZ', '301687.SZ', '300007.SZ', '003037.SZ', '300931.SZ', '300480.SZ', '301200.SZ', '300945.SZ', '003043.SZ']
2026-02-11 10:55:45,526 - INFO - Batch done. Sleeping 5s...
2026-02-11 10:55:50,536 - INFO - [459] Downloading: ['000889.SZ', '002034.SZ', '000538.SZ', '301098.SZ', '300203.SZ', '300618.SZ', '002040.SZ', '000157.SZ', '300277.SZ', '301070.SZ']
2026-02-11 10:55:54,719 - INFO - Batch done. Sleeping 5s...
2026-02-11 10:55:59,722 - INFO - [460] Downloading: ['002976.SZ', '000815.SZ', '001324.SZ', '300684.SZ', '002902.SZ', '301004.SZ', '301172.SZ', '000963.SZ', '001226.SZ', '300786.SZ']
2026-02-11 10:56:03,973 - INFO - Batch done. Sleeping 5s...
2026-02-11 10:56:08,974 - INFO - [461] Downloading: ['301106.SZ', '002800.SZ', '000917.SZ', '301581.SZ', '000021.SZ', '300301.SZ', '002136.SZ', '000055.SZ', '300375.SZ', '002142.SZ']
2026-02-11 10:56:13,294 - INFO - Batch done. Sleeping 5s...
2026-02-11 10:56:18,297 - INFO - [462] Downloading: ['002559.SZ', '301063.SZ', '002965.SZ', '001337.SZ', '300697.SZ', '002911.SZ', '301017.SZ', '002027.SZ', '300210.SZ', '002053.SZ']
2026-02-11 10:56:22,508 - INFO - Batch done. Sleeping 5s...
2026-02-11 10:56:27,514 - INFO - [463] Downloading: ['002448.SZ', '300264.SZ', '301592.SZ', '000429.SZ', '301189.SZ', '000032.SZ', '300709.SZ', '000998.SZ', '002125.SZ', '300366.SZ']
2026-02-11 10:56:31,963 - INFO - Batch done. Sleeping 5s...
2026-02-11 10:56:36,969 - INFO - [464] Downloading: ['002151.SZ', '002867.SZ', '301161.SZ', '000970.SZ', '300795.SZ', '301115.SZ', '002813.SZ', '000659.SZ', '300579.SZ', '300162.SZ']
2026-02-11 10:56:41,732 - INFO - Batch done. Sleeping 5s...
2026-02-11 10:56:46,746 - INFO - [465] Downloading: ['002355.SZ', '002321.SZ', '300591.SZ', '301311.SZ', '300820.SZ', '301365.SZ', '300854.SZ', '300922.SZ', '300088.SZ', '300493.SZ']
2026-02-11 10:56:50,942 - INFO - Batch done. Sleeping 5s...
2026-02-11 10:56:55,944 - INFO - [466] Downloading: ['301608.SZ', '301213.SZ', '300956.SZ', '301267.SZ', '002638.SZ', '002223.SZ', '300014.SZ', '002463.SZ', '002078.SZ', '300654.SZ']
2026-02-11 10:57:00,501 - INFO - Batch done. Sleeping 5s...
2026-02-11 10:57:05,501 - INFO - [467] Downloading: ['300620.SZ', '001380.SZ', '002090.SZ', '000859.SZ', '001368.SZ', '301048.SZ', '002838.SZ', '301525.SZ', '002192.SZ', '002589.SZ']
2026-02-11 10:57:10,215 - INFO - Batch done. Sleeping 5s...
2026-02-11 10:57:15,216 - INFO - [468] Downloading: ['301551.SZ', '300756.SZ', '002561.SZ', '000019.SZ', '000402.SZ', '300722.SZ', '001282.SZ', '300339.SZ', '002515.SZ', '002396.SZ']
2026-02-11 10:57:19,410 - INFO - Batch done. Sleeping 5s...
2026-02-11 10:57:24,424 - INFO - [469] Downloading: ['300897.SZ', '000672.SZ', '300149.SZ', '300552.SZ', '002765.SZ', '300995.SZ', '002208.SZ', '002613.SZ', '300424.SZ', '002667.SZ']
2026-02-11 10:57:28,628 - INFO - Batch done. Sleeping 5s...
2026-02-11 10:57:33,636 - INFO - [470] Downloading: ['300450.SZ', '002294.SZ', '300909.SZ', '301238.SZ', '000798.SZ', '000615.SZ', '300535.SZ', '300884.SZ', '002319.SZ', '002702.SZ']
2026-02-11 10:57:37,925 - INFO - Batch done. Sleeping 5s...
2026-02-11 10:57:42,934 - INFO - [471] Downloading: ['000661.SZ', '300541.SZ', '301329.SZ', '002385.SZ', '300818.SZ', '002287.SZ', '301630.SZ', '300986.SZ', '002600.SZ', '000717.SZ']
2026-02-11 10:57:47,104 - INFO - Batch done. Sleeping 5s...
2026-02-11 10:57:52,122 - INFO - [472] Downloading: ['300437.SZ', '002674.SZ', '300058.SZ', '300443.SZ', '002083.SZ', '002498.SZ', '002929.SZ', '002470.SZ', '000567.SZ', '300647.SZ']
2026-02-11 10:57:56,291 - INFO - Batch done. Sleeping 5s...
2026-02-11 10:58:01,305 - INFO - [473] Downloading: ['002404.SZ', '000513.SZ', '300633.SZ', '300228.SZ', '300745.SZ', '002572.SZ', '002169.SZ', '000411.SZ', '300731.SZ', '002506.SZ']
2026-02-11 10:58:05,497 - INFO - Batch done. Sleeping 5s...
2026-02-11 10:58:10,542 - INFO - [474] Downloading: ['000096.SZ', '301536.SZ', '002181.SZ', '001279.SZ', '301159.SZ', '000948.SZ', '300948.SZ', '301662.SZ', '301279.SZ', '300096.SZ']
2026-02-11 10:58:14,986 - INFO - Batch done. Sleeping 5s...
2026-02-11 10:58:19,996 - INFO - [475] Downloading: ['301616.SZ', '002626.SZ', '301291.SZ', '000731.SZ', '300411.SZ', '002652.SZ', '002249.SZ', '300465.SZ', '301393.SZ', '000633.SZ']
2026-02-11 10:58:24,298 - INFO - Batch done. Sleeping 5s...
2026-02-11 10:58:29,304 - INFO - [476] Downloading: ['300513.SZ', '002724.SZ', '300567.SZ', '300194.SZ', '000058.SZ', '300378.SZ', '300763.SZ', '002554.SZ', '301197.SZ', '002891.SZ']
2026-02-11 10:58:33,636 - INFO - Batch done. Sleeping 5s...
2026-02-11 10:58:38,644 - INFO - [477] Downloading: ['300717.SZ', '002520.SZ', '300390.SZ', '301510.SZ', '002879.SZ', '000818.SZ', '300689.SZ', '300292.SZ', '301009.SZ', '002456.SZ']
2026-02-11 10:58:43,036 - INFO - Batch done. Sleeping 5s...
2026-02-11 10:58:48,036 - INFO - [478] Downloading: ['000541.SZ', '300661.SZ', '002039.SZ', '002422.SZ', '002993.SZ', '301095.SZ', '300615.SZ', '300798.SZ', '001238.SZ', '300383.SZ']
2026-02-11 10:58:52,200 - INFO - Batch done. Sleeping 5s...
2026-02-11 10:58:57,212 - INFO - [479] Downloading: ['301118.SZ', '301503.SZ', '000909.SZ', '301577.SZ', '300770.SZ', '002547.SZ', '002882.SZ', '000995.SZ', '002128.SZ', '002533.SZ']
2026-02-11 10:59:01,426 - INFO - Batch done. Sleeping 5s...
2026-02-11 10:59:06,429 - INFO - [480] Downloading: ['002445.SZ', '000552.SZ', '300269.SZ', '300672.SZ', '000897.SZ', '002431.SZ', '002980.SZ', '301086.SZ', '000526.SZ', '300606.SZ']
2026-02-11 10:59:11,092 - INFO - Batch done. Sleeping 5s...
2026-02-11 10:59:16,093 - INFO - [481] Downloading: ['300281.SZ', '002968.SZ', '002635.SZ', '301282.SZ', '000722.SZ', '300402.SZ', '300019.SZ', '002641.SZ', '000756.SZ', '300476.SZ']
2026-02-11 10:59:20,278 - INFO - Batch done. Sleeping 5s...
2026-02-11 10:59:25,296 - INFO - [482] Downloading: ['003029.SZ', '300085.SZ', '301368.SZ', '300859.SZ', '300187.SZ', '301380.SZ', '000620.SZ', '300500.SZ', '002737.SZ', '002743.SZ']
2026-02-11 10:59:29,682 - INFO - Batch done. Sleeping 5s...
2026-02-11 10:59:34,686 - INFO - [483] Downloading: ['002358.SZ', '300980.SZ', '002606.SZ', '000711.SZ', '002269.SZ', '002672.SZ', '300445.SZ', '300968.SZ', '301259.SZ', '002281.SZ']
2026-02-11 10:59:39,220 - INFO - Batch done. Sleeping 5s...
2026-02-11 10:59:44,227 - INFO - [484] Downloading: ['301636.SZ', '002798.SZ', '002383.SZ', '300128.SZ', '300533.SZ', '300882.SZ', '300547.SZ', '000090.SZ', '002187.SZ', '002859.SZ']
2026-02-11 10:59:48,764 - INFO - Batch done. Sleeping 5s...
2026-02-11 10:59:53,766 - INFO - [485] Downloading: ['000078.SZ', '300743.SZ', '300358.SZ', '002574.SZ', '000417.SZ', '300737.SZ', '002500.SZ', '002476.SZ', '000561.SZ', '300641.SZ']
2026-02-11 10:59:58,006 - INFO - Batch done. Sleeping 5s...
2026-02-11 11:00:03,015 - INFO - [486] Downloading: ['002402.SZ', '002019.SZ', '001395.SZ', '300635.SZ', '000838.SZ', '002085.SZ', '001309.SZ', '000589.SZ', '301029.SZ', '301446.SZ']
2026-02-11 11:00:07,294 - INFO - Batch done. Sleeping 5s...
2026-02-11 11:00:12,308 - INFO - [487] Downloading: ['300750.SZ', '002567.SZ', '000404.SZ', '300724.SZ', '002513.SZ', '002108.SZ', '001218.SZ', '000498.SZ', '301138.SZ', '000929.SZ']
2026-02-11 11:00:16,881 - INFO - Batch done. Sleeping 5s...
2026-02-11 11:00:21,896 - INFO - [488] Downloading: ['002194.SZ', '301557.SZ', '002096.SZ', '301421.SZ', '002948.SZ', '002465.SZ', '000572.SZ', '300652.SZ', '300249.SZ', '000506.SZ']
2026-02-11 11:00:26,398 - INFO - Batch done. Sleeping 5s...
2026-02-11 11:00:31,404 - INFO - [489] Downloading: ['001386.SZ', '300626.SZ', '002689.SZ', '002292.SZ', '003009.SZ', '300993.SZ', '002615.SZ', '000702.SZ', '300039.SZ', '300422.SZ']
2026-02-11 11:00:35,634 - INFO - Batch done. Sleeping 5s...
2026-02-11 11:00:40,648 - INFO - [490] Downloading: ['002661.SZ', '000776.SZ', '300456.SZ', '000600.SZ', '300520.SZ', '300891.SZ', '002717.SZ', '300554.SZ', '002378.SZ', '002763.SZ']
2026-02-11 11:00:44,885 - INFO - Batch done. Sleeping 5s...
2026-02-11 11:00:49,888 - INFO - [491] Downloading: ['301348.SZ', '300879.SZ', '002390.SZ', '300287.SZ', '301068.SZ', '002058.SZ', '002443.SZ', '000554.SZ', '300674.SZ', '002437.SZ']
2026-02-11 11:00:54,446 - INFO - Batch done. Sleeping 5s...
2026-02-11 11:00:59,464 - INFO - [492] Downloading: ['000520.SZ', '002986.SZ', '301080.SZ', '300600.SZ', '300776.SZ', '002541.SZ', '000422.SZ', '301182.SZ', '002884.SZ', '000039.SZ']
2026-02-11 11:01:03,850 - INFO - Batch done. Sleeping 5s...
2026-02-11 11:01:08,859 - INFO - [493] Downloading: ['300319.SZ', '300702.SZ', '002535.SZ', '000993.SZ', '300385.SZ', '301505.SZ', '002818.SZ', '301571.SZ', '000626.SZ', '301386.SZ']
2026-02-11 11:01:13,229 - INFO - Batch done. Sleeping 5s...
2026-02-11 11:01:18,230 - INFO - [494] Downloading: ['300506.SZ', '002731.SZ', '000652.SZ', '300572.SZ', '300169.SZ', '002745.SZ', '300181.SZ', '300929.SZ', '300083.SZ', '300498.SZ']
2026-02-11 11:01:22,386 - INFO - Batch done. Sleeping 5s...
2026-02-11 11:01:27,389 - INFO - [495] Downloading: ['301603.SZ', '301218.SZ', '002633.SZ', '002228.SZ', '300404.SZ', '002647.SZ', '000750.SZ', '300470.SZ', '300192.SZ', '300589.SZ']
2026-02-11 11:01:31,984 - INFO - Batch done. Sleeping 5s...
2026-02-11 11:01:37,009 - INFO - [496] Downloading: ['301309.SZ', '300838.SZ', '000635.SZ', '301395.SZ', '300515.SZ', '002722.SZ', '002339.SZ', '300561.SZ', '002756.SZ', '002620.SZ']
2026-02-11 11:01:41,318 - INFO - Batch done. Sleeping 5s...
2026-02-11 11:01:46,327 - INFO - [497] Downloading: ['000737.SZ', '301297.SZ', '300417.SZ', '002654.SZ', '300463.SZ', '300078.SZ', '000547.SZ', '300667.SZ', '002424.SZ', '000882.SZ']
2026-02-11 11:01:50,592 - INFO - Batch done. Sleeping 5s...
2026-02-11 11:01:55,596 - INFO - [498] Downloading: ['301488.SZ', '000533.SZ', '002995.SZ', '301093.SZ', '300613.SZ', '300294.SZ', '002909.SZ', '300396.SZ', '301516.SZ', '001259.SZ']
2026-02-11 11:01:59,789 - INFO - Batch done. Sleeping 5s...
2026-02-11 11:02:04,802 - INFO - [499] Downloading: ['301179.SZ', '000968.SZ', '300765.SZ', '002149.SZ', '002552.SZ', '301191.SZ', '002897.SZ', '300711.SZ', '002526.SZ', '000980.SZ']
2026-02-11 11:02:09,462 - INFO - Batch done. Sleeping 5s...
2026-02-11 11:02:14,462 - INFO - [500] Downloading: ['300151.SZ', '002366.SZ', '300125.SZ', '002312.SZ', '002709.SZ', '301322.SZ', '000682.SZ', '002795.SZ', '300813.SZ', '301356.SZ']
2026-02-11 11:02:18,877 - INFO - Batch done. Sleeping 5s...
2026-02-11 11:02:23,892 - INFO - [501] Downloading: ['300867.SZ', '002697.SZ', '300911.SZ', '003017.SZ', '301220.SZ', '300965.SZ', '002264.SZ', '000768.SZ', '300053.SZ', '300448.SZ']
2026-02-11 11:02:28,151 - INFO - Batch done. Sleeping 5s...
2026-02-11 11:02:33,163 - INFO - [502] Downloading: ['002210.SZ', '300027.SZ', '002956.SZ', '301050.SZ', '002088.SZ', '002493.SZ', '301024.SZ', '002922.SZ', '002014.SZ', '000518.SZ']
2026-02-11 11:02:37,333 - INFO - Batch done. Sleeping 5s...
2026-02-11 11:02:42,356 - INFO - [503] Downloading: ['300638.SZ', '300223.SZ', '002060.SZ', '300257.SZ', '000001.SZ', '300321.SZ', '002116.SZ', '300355.SZ', '002579.SZ', '002162.SZ']
2026-02-11 11:02:46,543 - INFO - Batch done. Sleeping 5s...
2026-02-11 11:02:51,545 - INFO - [504] Downloading: ['301152.SZ', '001206.SZ', '002820.SZ', '301126.SZ', '000937.SZ', '002591.SZ', '002007.SZ', '300230.SZ', '002468.SZ', '002073.SZ']
2026-02-11 11:02:55,628 - INFO - Batch done. Sleeping 5s...
2026-02-11 11:03:00,638 - INFO - [505] Downloading: ['300244.SZ', '000852.SZ', '301458.SZ', '002945.SZ', '301043.SZ', '000826.SZ', '002480.SZ', '001317.SZ', '301037.SZ', '002931.SZ']
2026-02-11 11:03:05,378 - INFO - Batch done. Sleeping 5s...
2026-02-11 11:03:10,399 - INFO - [506] Downloading: ['000597.SZ', '301141.SZ', '002847.SZ', '000950.SZ', '001215.SZ', '002833.SZ', '301135.SZ', '002199.SZ', '002582.SZ', '000012.SZ']
2026-02-11 11:03:14,789 - INFO - Batch done. Sleeping 5s...
2026-02-11 11:03:19,802 - INFO - [507] Downloading: ['000409.SZ', '300729.SZ', '001289.SZ', '300332.SZ', '002105.SZ', '000066.SZ', '300346.SZ', '002171.SZ', '301331.SZ', '000691.SZ']
2026-02-11 11:03:23,959 - INFO - Batch done. Sleeping 5s...
2026-02-11 11:03:28,961 - INFO - [508] Downloading: ['002786.SZ', '300800.SZ', '301345.SZ', '000679.SZ', '300142.SZ', '300559.SZ', '002375.SZ', '300136.SZ', '002301.SZ', '002277.SZ']
2026-02-11 11:03:33,283 - INFO - Batch done. Sleeping 5s...
2026-02-11 11:03:38,286 - INFO - [509] Downloading: ['300040.SZ', '002203.SZ', '300034.SZ', '300902.SZ', '003004.SZ', '301233.SZ', '000793.SZ', '301628.SZ', '300976.SZ', '002861.SZ']
2026-02-11 11:03:42,736 - INFO - Batch done. Sleeping 5s...
2026-02-11 11:03:47,750 - INFO - [510] Downloading: ['301167.SZ', '300793.SZ', '001233.SZ', '300388.SZ', '301113.SZ', '002815.SZ', '301508.SZ', '000902.SZ', '002889.SZ', '000034.SZ']
2026-02-11 11:03:52,156 - INFO - Batch done. Sleeping 5s...
2026-02-11 11:03:57,162 - INFO - [511] Downloading: ['300314.SZ', '002123.SZ', '002538.SZ', '300360.SZ', '002157.SZ', '002021.SZ', '002055.SZ', '000559.SZ', '300679.SZ', '301065.SZ']
2026-02-11 11:04:01,597 - INFO - Batch done. Sleeping 5s...
2026-02-11 11:04:06,626 - INFO - [512] Downloading: ['002963.SZ', '000800.SZ', '300691.SZ', '001331.SZ', '002917.SZ', '301011.SZ', '002251.SZ', '300066.SZ', '002225.SZ', '301289.SZ']
2026-02-11 11:04:10,906 - INFO - Batch done. Sleeping 5s...
2026-02-11 11:04:15,925 - INFO - [513] Downloading: ['000729.SZ', '300409.SZ', '300012.SZ', '003022.SZ', '301215.SZ', '300950.SZ', '301261.SZ', '300597.SZ', '301317.SZ', '300826.SZ']
2026-02-11 11:04:20,287 - INFO - Batch done. Sleeping 5s...
2026-02-11 11:04:25,294 - INFO - [514] Downloading: ['301363.SZ', '300852.SZ', '300164.SZ', '002748.SZ', '002353.SZ', '300110.SZ', '003816.SZ', '002327.SZ', '003031.SZ', '300937.SZ']
2026-02-11 11:04:29,710 - INFO - Batch done. Sleeping 5s...
2026-02-11 11:04:34,729 - INFO - [515] Downloading: ['300486.SZ', '301206.SZ', '300943.SZ', '301272.SZ', '002659.SZ', '002242.SZ', '300075.SZ', '002236.SZ', '300001.SZ', '300177.SZ']
2026-02-11 11:04:38,941 - INFO - Batch done. Sleeping 5s...
2026-02-11 11:04:43,942 - INFO - [516] Downloading: ['002340.SZ', '301398.SZ', '000638.SZ', '300518.SZ', '300103.SZ', '002334.SZ', '300584.SZ', '300835.SZ', '301370.SZ', '300841.SZ']
2026-02-11 11:04:48,294 - INFO - Batch done. Sleeping 5s...
2026-02-11 11:04:53,298 - INFO - [517] Downloading: ['000027.SZ', '301587.SZ', '300307.SZ', '002130.SZ', '300373.SZ', '300768.SZ', '002144.SZ', '002872.SZ', '000965.SZ', '300780.SZ']
2026-02-11 11:04:57,648 - INFO - Batch done. Sleeping 5s...
2026-02-11 11:05:02,667 - INFO - [518] Downloading: ['001220.SZ', '301100.SZ', '002806.SZ', '000911.SZ', '001356.SZ', '301076.SZ', '002970.SZ', '000813.SZ', '300682.SZ', '001322.SZ']
2026-02-11 11:05:06,942 - INFO - Batch done. Sleeping 5s...
2026-02-11 11:05:11,946 - INFO - [519] Downloading: ['300299.SZ', '301002.SZ', '301419.SZ', '002032.SZ', '002429.SZ', '002998.SZ', '300205.SZ', '002046.SZ', '000151.SZ', '300271.SZ']
2026-02-11 11:05:16,258 - INFO - Batch done. Sleeping 5s...
2026-02-11 11:05:21,262 - INFO - --- All Downloads Finished ---
