code,name,status,ok_1d,ok_1m,count_1d,count_1m
600051.SH,宁波联合,Success,True,True,513,6522
605090.SH,九丰能源,Success,True,True,513,6523
600025.SH,华能水电,Success,True,True,513,6522
601222.SH,林洋能源,Success,True,True,513,6523
688031.SH,星环科技-U,Success,True,True,513,6523
603335.SH,迪生力,Success,True,True,513,6523
688045.SH,必易微,Success,True,True,513,6523
603341.SH,龙旗科技,Success,True,True,476,6523
600967.SH,内蒙一机,Success,True,True,513,6523
603237.SH,五芳斋,Success,True,True,513,6522
688528.SH,秦川物联,Success,True,True,513,6523
688133.SH,泰坦科技,Success,True,True,513,6523
603658.SH,安图生物,Success,True,True,513,6523
600865.SH,百大集团,Success,True,True,513,6523
688147.SH,微导纳米,Success,True,True,513,6523
605589.SH,圣泉集团,Success,True,True,513,6523
600153.SH,XD建发股,Success,True,True,513,6523
600548.SH,深高速,Success,True,True,513,6523
688805.SH,健信超导,Success,True,True,34,6523
600127.SH,金健米业,Success,True,True,513,6523
688343.SH,云天励飞-U,Success,True,True,513,6523
688758.SH,赛分科技,Success,True,True,265,6523
603033.SH,三维股份,Success,True,True,513,6523
603999.SH,读者传媒,Success,True,True,513,6523
688337.SH,普源精电,Success,True,True,508,6523
600738.SH,丽尚国潮,Success,True,True,513,6523
600323.SH,瀚蓝环境,Success,True,True,513,6523
601866.SH,中远海发,Success,True,True,513,6523
600221.SH,海航控股,Success,True,True,513,6523
600255.SH,鑫科材料,Success,True,True,513,6523
605208.SH,永茂泰,Success,True,True,513,6523
601026.SH,道生天合,Success,True,True,82,6523
688235.SH,百济神州-U,Success,True,True,513,6523
603131.SH,上海沪工,Success,True,True,513,6523
601801.SH,皖新传媒,Success,True,True,513,6523
603916.SH,苏博特,Success,True,True,513,6523
600330.SH,天通股份,Success,True,True,513,6523
605319.SH,无锡振华,Success,True,True,513,6523
688350.SH,富淼科技,Success,True,True,513,6523
603020.SH,爱普股份,Success,True,True,513,6523
601137.SH,博威合金,Success,True,True,513,6523
688252.SH,天德钰,Success,True,True,513,6523
603156.SH,养元饮品,Success,True,True,513,6523
603888.SH,新华网,Success,True,True,513,6523
688226.SH,威腾电气,Success,True,True,513,6523
603122.SH,合富中国,Success,True,True,513,6523
600629.SH,华建集团,Success,True,True,513,6523
600232.SH,金鹰股份,Success,True,True,513,6523
603860.SH,中公高科,Success,True,True,513,6523
600246.SH,万通发展,Success,True,True,513,6523
605287.SH,德才股份,Success,True,True,513,6523
688439.SH,振华风光,Success,True,True,513,6523
601231.SH,环旭电子,Success,True,True,513,6523
688022.SH,瀚川智能,Success,True,True,513,6523
603326.SH,我乐家居,Success,True,True,513,6523
600900.SH,长江电力,Success,True,True,513,6523
688056.SH,莱伯泰科,Success,True,True,513,6523
603352.SH,至信股份,Success,True,True,20,4595
600459.SH,贵研铂业,Success,True,True,513,6523
600036.SH,招商银行,Success,True,True,513,6523
688816.SH,N易思,Success,True,True,1,16
605169.SH,洪通燃气,Success,True,True,513,6523
600802.SH,福建水泥,Success,True,True,513,6523
601333.SH,广深铁路,Success,True,True,513,6523
688120.SH,华海清科,Success,True,True,513,6523
601728.SH,中国电信,Success,True,True,513,6523
600876.SH,凯盛新能,Success,True,True,513,6523
603170.SH,宝立食品,Success,True,True,513,6523
600693.SH,东百集团,Success,True,True,513,6523
600288.SH,大恒科技,Success,True,True,513,6523
688200.SH,华峰测控,Success,True,True,513,6524
688687.SH,凯因科技,Success,True,True,513,6524
603198.SH,迎驾贡酒,Success,True,True,513,6524
603583.SH,捷昌驱动,Success,True,True,513,6524
601827.SH,三峰环境,Success,True,True,513,6524
688785.SH,恒运昌,Success,True,True,11,2427
600316.SH,洪都航空,Success,True,True,513,6524
600362.SH,江西铜业,Success,True,True,513,6524
600779.SH,水井坊,Success,True,True,513,6524
603072.SH,天和磁材,Success,True,True,270,6524
688376.SH,美埃科技,Success,True,True,513,6524
603006.SH,联明股份,Success,True,True,513,6524
600791.SH,京能置业,Success,True,True,513,6524
601111.SH,中国国航,Success,True,True,513,6524
688719.SH,爱科赛博,Success,True,True,513,6524
688302.SH,海创药业-U,Success,True,True,513,6524
600166.SH,福田汽车,Success,True,True,513,6524
603685.SH,晨丰科技,Success,True,True,513,6524
688581.SH,安杰思,Success,True,True,513,6524
600509.SH,天富能源,Success,True,True,513,6524
603202.SH,天有为,Success,True,True,198,6524
603619.SH,中曼石油,Success,True,True,513,6524
600824.SH,益民集团,Success,True,True,513,6524
600595.SH,中孚实业,Success,True,True,513,6524
688106.SH,金宏气体,Success,True,True,513,6524
603276.SH,恒兴新材,Success,True,True,513,6524
600850.SH,电科数字,Success,True,True,513,6524
688172.SH,燕东微,Success,True,True,513,6524
688569.SH,铁科轨道,Success,True,True,513,6524
600497.SH,驰宏锌锗,Success,True,True,513,6524
688004.SH,博汇科技,Success,True,True,513,6524
603300.SH,海南华铁,Success,True,True,513,6524
600926.SH,杭州银行,Success,True,True,513,6524
601678.SH,滨化股份,Success,True,True,513,6524
688070.SH,纵横股份,Success,True,True,513,6524
600064.SH,南京高科,Success,True,True,513,6524
688098.SH,申联生物,Success,True,True,513,6524
600010.SH,包钢股份,Success,True,True,513,6524
603787.SH,新日股份,Success,True,True,513,6524
603211.SH,晋拓股份,Success,True,True,513,6524
600586.SH,金晶科技,Success,True,True,513,6524
688115.SH,思林杰,Success,True,True,513,6524
600843.SH,上工申贝,Success,True,True,513,6524
605128.SH,上海沿浦,Success,True,True,513,6524
688161.SH,威高骨科,Success,True,True,513,6524
603696.SH,安记食品,Success,True,True,513,6524
688592.SH,司南导航,Success,True,True,513,6524
688189.SH,南新制药,Success,True,True,513,6524
600101.SH,明星电力,Success,True,True,513,6524
601298.SH,青岛港,Success,True,True,513,6524
600418.SH,江淮汽车,Success,True,True,513,6524
688017.SH,绿的谐波,Success,True,True,513,6524
603313.SH,梦百合,Success,True,True,513,6524
603708.SH,家家悦,Success,True,True,513,6524
600935.SH,华塑股份,Success,True,True,513,6524
688063.SH,派能科技,Success,True,True,513,6524
688478.SH,晶升股份,Success,True,True,513,6524
603367.SH,辰欣药业,Success,True,True,513,6524
600941.SH,中国移动,Success,True,True,513,6524
600207.SH,安彩高科,Success,True,True,513,6524
603590.SH,康辰药业,Success,True,True,513,6525
603855.SH,华荣股份,Success,True,True,513,6525
600273.SH,嘉化能源,Success,True,True,513,6525
600668.SH,尖峰集团,Success,True,True,513,6525
688267.SH,中触媒,Success,True,True,513,6525
603578.SH,三星新材,Success,True,True,513,6525
603163.SH,圣晖集成,Success,True,True,513,6525
601000.SH,唐山港,Success,True,True,513,6525
688608.SH,恒玄科技,Success,True,True,513,6525
688213.SH,思特威-W,Success,True,True,513,6525
603117.SH,万林物流,Success,True,True,513,6525
603061.SH,金海通,Success,True,True,513,6525
688365.SH,光云科技,Success,True,True,513,6525
603015.SH,弘讯科技,Success,True,True,513,6525
605358.SH,立昂微,Success,True,True,513,6525
600782.SH,新钢股份,Success,True,True,513,6525
600399.SH,抚顺特钢,Success,True,True,513,6525
601519.SH,大智慧,Success,True,True,513,6525
688311.SH,盟升电子,Success,True,True,513,6525
603089.SH,正裕工业,Success,True,True,513,6525
688796.SH,百奥赛图,Success,True,True,44,6525
600305.SH,恒顺醋业,Success,True,True,513,6525
600371.SH,万向德农,Success,True,True,513,6525
600880.SH,博瑞传播,Success,True,True,513,6525
600531.SH,豫光金铅,Success,True,True,513,6525
600545.SH,卓郎智能,Success,True,True,513,6525
603655.SH,朗博科技,Success,True,True,513,6525
600868.SH,梅雁吉祥,Success,True,True,513,6525
688551.SH,科威尔,Success,True,True,513,6525
605177.SH,东亚药业,Success,True,True,513,6525
688525.SH,佰维存储,Success,True,True,513,6525
688048.SH,长光华芯,Success,True,True,513,6525
603757.SH,大元泵业,Success,True,True,513,6525
605001.SH,威奥股份,Success,True,True,513,6525
603338.SH,浙江鼎力,Success,True,True,513,6525
600028.SH,中国石化,Success,True,True,513,6525
600433.SH,冠豪高新,Success,True,True,513,6525
600982.SH,宁波能源,Success,True,True,513,6525
688238.SH,和元生物,Success,True,True,513,6525
688623.SH,双元科技,Success,True,True,513,6525
603896.SH,寿仙谷,Success,True,True,513,6525
603527.SH,众源新材,Success,True,True,513,6525
688657.SH,浩辰软件,Success,True,True,513,6525
600643.SH,爱建集团,Success,True,True,513,6525
600258.SH,首旅酒店,Success,True,True,513,6525
605299.SH,舒华体育,Success,True,True,513,6525
601969.SH,海南矿业,Success,True,True,513,6525
600637.SH,东方明珠,Success,True,True,513,6525
600741.SH,华域汽车,Success,True,True,513,6525
603908.SH,牧高笛,Success,True,True,513,6525
600735.SH,ST新华锦,Success,True,True,513,6525
688721.SH,龙图光罩,Success,True,True,370,6525
688755.SH,汉邦科技,Success,True,True,185,6525
600650.SH,锦江在线,Success,True,True,513,6525
603819.SH,神力股份,Success,True,True,513,6525
600624.SH,ST复华,Success,True,True,513,6525
601038.SH,一拖股份,Success,True,True,513,6525
688630.SH,芯碁微装,Success,True,True,513,6525
603885.SH,吉祥航空,Success,True,True,513,6525
601992.SH,金隅集团,Success,True,True,513,6525
601890.SH,亚星锚链,Success,True,True,513,6525
688329.SH,艾隆科技,Success,True,True,513,6525
603987.SH,康德莱,Success,True,True,513,6525
603059.SH,倍加洁,Success,True,True,513,6525
601555.SH,东吴证券,Success,True,True,513,6525
605388.SH,均瑶健康,Success,True,True,513,6525
601878.SH,浙商证券,Success,True,True,513,6525
600726.SH,华电能源,Success,True,True,513,6525
688159.SH,有方科技,Success,True,True,513,6525
603229.SH,奥翔药业,Success,True,True,513,6525
688536.SH,思瑞浦,Success,True,True,513,6526
600893.SH,航发动力,Success,True,True,513,6526
600522.SH,中天科技,Success,True,True,513,6526
600556.SH,天下秀,Success,True,True,513,6526
600420.SH,国药现代,Success,True,True,513,6526
600979.SH,广安爱众,Success,True,True,513,6526
603730.SH,岱美股份,Success,True,True,513,6526
605066.SH,天正电气,Success,True,True,513,6526
601168.SH,XD西部矿,Success,True,True,513,6526
603949.SH,雪龙集团,Success,True,True,513,6526
600774.SH,汉商集团,Success,True,True,513,6526
603097.SH,江苏华辰,Success,True,True,513,6526
688393.SH,安必平,Success,True,True,513,6526
688788.SH,科思科技,Success,True,True,513,6526
600676.SH,交运股份,Success,True,True,513,6526
688291.SH,金橙子,Success,True,True,513,6526
600219.SH,南山铝业,Success,True,True,513,6526
600602.SH,云赛智联,Success,True,True,513,6526
603195.SH,公牛集团,Success,True,True,513,6526
601928.SH,凤凰传媒,Success,True,True,513,6526
600285.SH,羚锐制药,Success,True,True,513,6526
688616.SH,西力科技,Success,True,True,513,6526
603109.SH,神驰机电,Success,True,True,513,6526
688662.SH,富信科技,Success,True,True,513,6526
688279.SH,峰岹科技,Success,True,True,513,6526
603566.SH,普莱柯,Success,True,True,513,6526
688095.SH,福昕软件,Success,True,True,513,6526
600406.SH,国电南瑞,Success,True,True,513,6526
603391.SH,力聚热能,Success,True,True,374,6526
688466.SH,金科环境,Success,True,True,513,6526
603379.SH,三美股份,Success,True,True,513,6526
600081.SH,东风科技,Success,True,True,513,6526
688009.SH,中国通号,Success,True,True,513,6526
601601.SH,中国太保,Success,True,True,513,6526
603716.SH,塞力医疗,Success,True,True,513,6526
603660.SH,苏州科达,Success,True,True,513,6526
605136.SH,丽人丽妆,Success,True,True,513,6526
601777.SH,千里科技,Success,True,True,513,6526
600829.SH,人民同泰,Success,True,True,513,6526
600183.SH,生益科技,Success,True,True,513,6526
600598.SH,北大荒,Success,True,True,513,6526
688510.SH,航亚科技,Success,True,True,513,6526
601318.SH,中国平安,Success,True,True,513,6526
603688.SH,石英股份,Success,True,True,513,6526
688197.SH,首药控股-U,Success,True,True,513,6526
600570.SH,恒生电子,Success,True,True,513,6526
688475.SH,萤石网络,Success,True,True,513,6526
601666.SH,平煤股份,Success,True,True,513,6526
600489.SH,中金黄金,Success,True,True,513,6526
688401.SH,路维光电,Success,True,True,513,6526
600938.SH,中国海油,Success,True,True,513,6526
600415.SH,小商品城,Success,True,True,513,6526
603799.SH,华友钴业,Success,True,True,513,6526
603382.SH,海阳科技,Success,True,True,167,6526
600461.SH,洪城环境,Success,True,True,513,6526
603280.SH,南方路机,Success,True,True,513,6526
688184.SH,ST帕瓦,Success,True,True,513,6526
600517.SH,国网英大,Success,True,True,513,6526
600563.SH,法拉电子,Success,True,True,513,6526
600178.SH,东安动力,Success,True,True,513,6526
603268.SH,*ST松发,Success,True,True,513,6527
688577.SH,浙海德曼,Success,True,True,513,6527
603607.SH,京华激光,Success,True,True,513,6527
605151.SH,西上海,Success,True,True,513,6527
688118.SH,普元信息,Success,True,True,513,6527
688503.SH,聚和材料,Success,True,True,513,6527
601588.SH,北辰实业,Success,True,True,513,6527
688380.SH,中微半导,Success,True,True,513,6527
600308.SH,华泰股份,Success,True,True,513,6527
600713.SH,南京医药,Success,True,True,513,6527
603018.SH,华设集团,Success,True,True,513,6527
688707.SH,振华新材,Success,True,True,513,6527
603477.SH,巨星农牧,Success,True,True,513,6527
688368.SH,晶丰明源,Success,True,True,513,6527
688605.SH,先锋精科,Success,True,True,285,6527
603501.SH,豪威集团,Success,True,True,513,6527
688671.SH,碧兴物联,Success,True,True,513,6527
603858.SH,步长制药,Success,True,True,513,6527
600665.SH,天地源,Success,True,True,513,6527
688282.SH,理工导航,Success,True,True,513,6527
688699.SH,明微电子,Success,True,True,513,6527
600611.SH,大众交通,Success,True,True,513,6527
603186.SH,华正新材,Success,True,True,513,6527
603969.SH,银龙股份,Success,True,True,513,6527
600754.SH,锦江酒店,Success,True,True,513,6527
600720.SH,中交设计,Success,True,True,513,6527
605366.SH,宏柏新材,Success,True,True,513,6527
603444.SH,吉比特,Success,True,True,513,6527
688636.SH,智明达,Success,True,True,513,6527
603883.SH,老百姓,Success,True,True,513,6527
603129.SH,春风动力,Success,True,True,513,6527
688259.SH,创耀科技,Success,True,True,513,6527
600622.SH,光大嘉宝,Success,True,True,513,6527
600239.SH,云南城投,Success,True,True,513,6527
601908.SH,京运通,Success,True,True,513,6527
603359.SH,东珠生态,Success,True,True,513,6527
688432.SH,有研硅,Success,True,True,513,6527
688029.SH,南微医学,Success,True,True,513,6527
605060.SH,联德股份,Success,True,True,513,6527
600426.SH,华鲁恒升,Success,True,True,513,6527
600997.SH,开滦股份,Success,True,True,513,6527
600452.SH,涪陵电力,Success,True,True,513,6527
605088.SH,冠盛股份,Success,True,True,513,6527
600895.SH,张江高科,Success,True,True,513,6527
600550.SH,保变电气,Success,True,True,513,6527
605116.SH,奥锐特,Success,True,True,513,6527
605162.SH,新中港,Success,True,True,513,6527
600809.SH,山西汾酒,Success,True,True,513,6527
688530.SH,欧莱新材,Success,True,True,432,6527
600435.SH,北方导航,Success,True,True,513,6527
600984.SH,建设机械,Success,True,True,513,6527
688455.SH,科捷智能,Success,True,True,513,6527
605007.SH,五洲特纸,Success,True,True,513,6527
601229.SH,上海银行,Success,True,True,513,6527
603725.SH,天安新材,Success,True,True,513,6527
600918.SH,中泰证券,Success,True,True,513,6527
603248.SH,锡华科技,Success,True,True,35,6527
688557.SH,兰剑智能,Success,True,True,513,6527
688523.SH,航天环宇,Success,True,True,513,6527
688138.SH,清溢光电,Success,True,True,513,6527
600886.SH,国投电力,Success,True,True,513,6528
600537.SH,亿晶光电,Success,True,True,513,6528
605199.SH,ST葫芦娃,Success,True,True,513,6528
600158.SH,中体产业,Success,True,True,513,6528
600543.SH,莫高股份,Success,True,True,513,6528
603038.SH,华立股份,Success,True,True,513,6528
603992.SH,松霖科技,Success,True,True,513,6528
688727.SH,恒坤新材,Success,True,True,60,6528
688348.SH,昱能科技,Success,True,True,513,6528
600733.SH,北汽蓝谷,Success,True,True,513,6528
600328.SH,中盐化工,Success,True,True,513,6528
603878.SH,武进不锈,Success,True,True,513,6528
600645.SH,中源协和,Success,True,True,513,6528
688625.SH,呈和科技,Success,True,True,513,6528
603890.SH,春秋电子,Success,True,True,513,6528
605277.SH,新亚电子,Success,True,True,513,6528
688651.SH,盛邦安全,Success,True,True,513,6528
601059.SH,信达证券,Success,True,True,513,6528
600848.SH,上海临港,Success,True,True,513,6528
605123.SH,派克新材,Success,True,True,513,6528
688571.SH,杭华股份,Success,True,True,513,6528
603601.SH,再升科技,Success,True,True,513,6528
600196.SH,复星医药,Success,True,True,513,6528
688505.SH,复旦张江,Success,True,True,513,6528
603286.SH,日盈电子,Success,True,True,513,6528
688599.SH,天合光能,Success,True,True,513,6528
688182.SH,灿勤科技,Success,True,True,513,6528
600511.SH,国药股份,Success,True,True,513,6528
688080.SH,映翰通,Success,True,True,513,6528
601688.SH,华泰证券,Success,True,True,513,6528
600008.SH,首创环保,Success,True,True,513,6528
600467.SH,好当家,Success,True,True,513,6528
688068.SH,热景生物,Success,True,True,513,6528
603777.SH,来伊份,Success,True,True,513,6528
600094.SH,大名城,Success,True,True,513,6528
603318.SH,水发燃气,Success,True,True,513,6528
603703.SH,盛洋科技,Success,True,True,513,6528
605055.SH,迎丰股份,Success,True,True,513,6528
600278.SH,东方创业,Success,True,True,513,6528
600663.SH,陆家嘴,Success,True,True,513,6528
601949.SH,中国出版,Success,True,True,513,6528
600617.SH,国新能源,Success,True,True,513,6528
603180.SH,金牌家居,Success,True,True,513,6528
688603.SH,天承科技,Success,True,True,513,6528
688218.SH,江苏北人,Success,True,True,513,6528
603507.SH,振江股份,Success,True,True,513,6528
688677.SH,海泰新光,Success,True,True,513,6528
603168.SH,莎普爱思,Success,True,True,513,6528
600789.SH,鲁抗医药,Success,True,True,513,6528
600392.SH,盛和资源,Success,True,True,513,6528
688701.SH,卓锦股份,Success,True,True,513,6528
601512.SH,中新集团,Success,True,True,513,6528
601566.SH,九牧王,Success,True,True,513,6528
688775.SH,影石创新,Success,True,True,168,6528
600761.SH,安徽合力,Success,True,True,513,6528
603082.SH,北自科技,Success,True,True,493,6528
603499.SH,翔港科技,Success,True,True,513,6528
603928.SH,兴业股份,Success,True,True,513,6528
688386.SH,泛亚微透,Success,True,True,513,6528
600715.SH,文投控股,Success,True,True,513,6528
600698.SH,湖南天雁,Success,True,True,513,6528
600283.SH,钱江水利,Success,True,True,513,6529
601018.SH,宁波港,Success,True,True,513,6529
688610.SH,埃科光电,Success,True,True,513,6528
603839.SH,安正时尚,Success,True,True,513,6529
688297.SH,中无人机,Success,True,True,513,6529
600604.SH,市北高新,Success,True,True,513,6529
603193.SH,润本股份,Success,True,True,513,6529
603588.SH,高能环境,Success,True,True,513,6529
601858.SH,中国科传,Success,True,True,513,6529
600369.SH,西南证券,Success,True,True,513,6529
603091.SH,众鑫股份,Success,True,True,339,6529
601186.SH,中国铁建,Success,True,True,513,6529
688395.SH,正弦电气,Success,True,True,513,6529
600706.SH,曲江文旅,Success,True,True,513,6529
603416.SH,信捷电气,Success,True,True,513,6529
600381.SH,*ST春天,Success,True,True,513,6529
688712.SH,C北芯-U,Success,True,True,5,986
688309.SH,恒誉环保,Success,True,True,513,6529
603079.SH,圣达生物,Success,True,True,513,6529
688766.SH,普冉股份,Success,True,True,513,6529
688191.SH,智洋创新,Success,True,True,507,5302
601799.SH,星宇股份,Success,True,True,513,6529
600502.SH,安徽建工,Success,True,True,513,6529
600119.SH,长江投资,Success,True,True,513,6529
600576.SH,祥源文旅,Success,True,True,513,6529
603666.SH,亿嘉和,Success,True,True,513,6529
688179.SH,阿拉丁,Success,True,True,513,6529
688562.SH,航天软件,Success,True,True,513,6529
603209.SH,兴通股份,Success,True,True,513,6529
603612.SH,索通发展,Success,True,True,513,6529
600185.SH,珠免集团,Success,True,True,513,6529
688516.SH,奥特维,Success,True,True,513,6529
600959.SH,江苏有线,Success,True,True,513,6529
601607.SH,上海医药,Success,True,True,513,6529
688488.SH,艾迪药业,Success,True,True,513,6529
688093.SH,世华科技,Success,True,True,513,6529
600400.SH,红豆股份,Success,True,True,513,6529
600234.SH,科新发展,Success,True,True,513,6529
603866.SH,桃李面包,Success,True,True,513,6529
603150.SH,万朗磁塑,Success,True,True,513,6529
688220.SH,翱捷科技-U,Success,True,True,513,6529
601033.SH,永兴股份,Success,True,True,501,6529
603124.SH,江南新材,Success,True,True,222,6529
601999.SH,出版传媒,Success,True,True,513,6529
603052.SH,可川科技,Success,True,True,513,6529
688356.SH,键凯科技,Success,True,True,513,6529
603026.SH,石大胜华,Success,True,True,513,6529
688322.SH,奥比中光-UW,Success,True,True,513,6529
688739.SH,成大生物,Success,True,True,513,6529
600336.SH,澳柯玛,Success,True,True,513,6529
600759.SH,洲际油气,Success,True,True,513,6529
603639.SH,海利尔,Success,True,True,513,6529
603222.SH,济民健康,Success,True,True,513,6529
688126.SH,沪硅产业,Success,True,True,513,6529
603256.SH,宏和科技,Success,True,True,513,6529
605500.SH,森林包装,Success,True,True,513,6529
688549.SH,中巨芯-U,Success,True,True,513,6529
688152.SH,麒麟信安,Success,True,True,513,6529
600132.SH,重庆啤酒,Success,True,True,513,6529
600529.SH,山东药玻,Success,True,True,513,6529
600030.SH,中信证券,Success,True,True,513,6530
603320.SH,迪贝电气,Success,True,True,513,6529
600906.SH,财达证券,Success,True,True,513,6529
601658.SH,邮储银行,Success,True,True,513,6529
688050.SH,爱博医疗,Success,True,True,513,6529
600155.SH,华创云信,Success,True,True,513,6530
600121.SH,郑州煤电,Success,True,True,513,6530
603231.SH,索宝蛋白,Success,True,True,513,6530
600817.SH,宇通重工,Success,True,True,513,6530
605567.SH,春雪食品,Success,True,True,513,6530
688135.SH,利扬芯片,Success,True,True,513,6530
601326.SH,秦港股份,Success,True,True,513,6530
600863.SH,内蒙华电,Success,True,True,513,6530
605108.SH,同庆楼,Success,True,True,513,6530
688141.SH,杰华特,Success,True,True,513,6530
688037.SH,芯源微,Success,True,True,513,6530
603728.SH,鸣志电器,Success,True,True,513,6530
603333.SH,尚纬股份,Success,True,True,513,6530
688458.SH,美芯晟,Success,True,True,513,6530
600961.SH,株冶集团,Success,True,True,513,6530
600057.SH,厦门象屿,Success,True,True,513,6530
600023.SH,浙能电力,Success,True,True,513,6530
600438.SH,通威股份,Success,True,True,513,6530
600989.SH,宝丰能源,Success,True,True,513,6530
688247.SH,宣泰医药,Success,True,True,513,6530
603558.SH,健盛集团,Success,True,True,513,6530
688233.SH,神工股份,Success,True,True,513,6530
601020.SH,华钰矿业,Success,True,True,513,6530
688628.SH,优利德,Success,True,True,513,6530
603137.SH,恒尚节能,Success,True,True,513,6530
603801.SH,志邦家居,Success,True,True,513,6530
600227.SH,赤天化,Success,True,True,513,6530
601916.SH,浙商银行,Success,True,True,513,6530
600648.SH,外高桥,Success,True,True,513,6530
603903.SH,中持股份,Success,True,True,513,6530
600325.SH,华发股份,Success,True,True,513,6530
601860.SH,紫金银行,Success,True,True,513,6530
603977.SH,国泰集团,Success,True,True,513,6530
600351.SH,亚宝药业,Success,True,True,513,6530
603041.SH,美思德,Success,True,True,513,6530
601156.SH,东航物流,Success,True,True,513,6530
688345.SH,博力威,Success,True,True,513,6530
603035.SH,常熟汽饰,Success,True,True,513,6530
601888.SH,中国中免,Success,True,True,513,6530
605378.SH,野马电池,Success,True,True,513,6530
688331.SH,荣昌生物,Success,True,True,513,6530
600099.SH,林海股份,Success,True,True,513,6530
600482.SH,中国动力,Success,True,True,513,6530
688011.SH,新光光电,Success,True,True,513,6530
601619.SH,嘉泽新能,Success,True,True,513,6530
603315.SH,福鞍股份,Success,True,True,513,6530
605058.SH,澳弘电子,Success,True,True,513,6530
600933.SH,爱柯迪,Success,True,True,513,6530
688065.SH,凯赛生物,Success,True,True,513,6530
600071.SH,凤凰光学,Success,True,True,513,6530
688496.SH,清越科技,Success,True,True,513,6530
603389.SH,*ST亚振,Success,True,True,513,6530
600568.SH,ST中珠,Success,True,True,513,6530
600173.SH,卧龙新能,Success,True,True,513,6530
603690.SH,至纯科技,Success,True,True,513,6530
600107.SH,ST尔雅,Success,True,True,513,6530
603217.SH,元利科技,Success,True,True,513,6530
600831.SH,广电网络,Success,True,True,513,6530
600580.SH,卧龙电驱,Success,True,True,513,6530
688113.SH,联测科技,Success,True,True,513,6530
688508.SH,芯朋微,Success,True,True,513,6530
603678.SH,火炬电子,Success,True,True,513,6530
600845.SH,宝信软件,Success,True,True,513,6530
688167.SH,炬光科技,Success,True,True,513,6530
601198.SH,东兴证券,Success,True,True,513,6531
688790.SH,昂瑞微-UW,Success,True,True,40,6531
600303.SH,曙光股份,Success,True,True,513,6531
600718.SH,东软集团,Success,True,True,513,6531
600377.SH,宁沪高速,Success,True,True,513,6531
603067.SH,振华股份,Success,True,True,513,6531
688778.SH,厦钨新能,Success,True,True,513,6531
688363.SH,华熙生物,Success,True,True,513,6531
603408.SH,建霖家居,Success,True,True,513,6531
603013.SH,亚普股份,Success,True,True,513,6531
600784.SH,鲁银投资,Success,True,True,513,6531
688317.SH,之江生物,Success,True,True,513,6531
688261.SH,东微半导,Success,True,True,513,6531
603165.SH,荣晟环保,Success,True,True,513,6531
605228.SH,神通科技,Success,True,True,513,6531
600686.SH,金龙汽车,Success,True,True,513,6531
688215.SH,瑞晟智能,Success,True,True,513,6531
601006.SH,大秦铁路,Success,True,True,513,6531
603111.SH,康尼机电,Success,True,True,513,6531
688289.SH,圣湘生物,Success,True,True,513,6531
688692.SH,达梦数据,Success,True,True,409,6531
600201.SH,生物股份,Success,True,True,513,6531
603596.SH,伯特利,Success,True,True,513,6531
605339.SH,南侨食品,Success,True,True,513,6531
601163.SH,三角轮胎,Success,True,True,513,6531
688370.SH,丛麟科技,Success,True,True,513,6531
603000.SH,人民网,Success,True,True,513,6531
600797.SH,浙大网新,Success,True,True,513,6531
601117.SH,中国化学,Success,True,True,513,6531
688398.SH,赛特新材,Success,True,True,513,6531
688783.SH,西安奕材-U,Success,True,True,75,6531
603936.SH,博敏电子,Success,True,True,513,6531
600310.SH,广西能源,Success,True,True,513,6531
601089.SH,福元医药,Success,True,True,513,6531
688681.SH,科汇股份,Success,True,True,513,6531
600212.SH,绿能慧充,Success,True,True,513,6531
600609.SH,金杯汽车,Success,True,True,513,6531
603585.SH,苏利股份,Success,True,True,513,6531
600266.SH,城建发展,Success,True,True,513,6531
688669.SH,聚石化学,Success,True,True,513,6531
601061.SH,中信金属,Success,True,True,513,6531
688272.SH,富吉瑞,Success,True,True,513,6531
603176.SH,汇通集团,Success,True,True,513,6531
688206.SH,概伦电子,Success,True,True,513,6531
601015.SH,陕西黑猫,Success,True,True,513,6531
603519.SH,立霸股份,Success,True,True,513,6531
603102.SH,百合股份,Success,True,True,513,6531
600479.SH,千金药业,Success,True,True,513,6531
600062.SH,华润双鹤,Success,True,True,513,6531
601696.SH,中银证券,Success,True,True,513,6531
688485.SH,九州一轨,Success,True,True,513,6531
600016.SH,民生银行,Success,True,True,513,6531
600491.SH,龙元建设,Success,True,True,513,6531
688002.SH,睿创微纳,Success,True,True,513,6531
688419.SH,耐科装备,Success,True,True,513,6531
601211.SH,国泰海通,Success,True,True,513,6531
603306.SH,华懋科技,Success,True,True,513,6531
688076.SH,ST诺泰,Success,True,True,513,6531
600822.SH,上海物贸,Success,True,True,513,6531
600188.SH,兖矿能源,Success,True,True,513,6531
600593.SH,大连圣亚,Success,True,True,513,6532
688100.SH,威胜信息,Success,True,True,513,6532
603270.SH,金帝股份,Success,True,True,513,6532
600160.SH,巨化股份,Success,True,True,513,6532
603683.SH,晶华新材,Success,True,True,513,6532
603298.SH,杭叉集团,Success,True,True,513,6532
600114.SH,东睦股份,Success,True,True,513,6532
603012.SH,创力集团,Success,True,True,513,6532
603409.SH,汇通控股,Success,True,True,234,6532
688316.SH,青云科技-U,Success,True,True,513,6532
600785.SH,新华百货,Success,True,True,513,6532
603066.SH,音飞储存,Success,True,True,513,6532
688362.SH,甬矽电子,Success,True,True,513,6532
688779.SH,五矿新能,Success,True,True,513,6532
600376.SH,首开股份,Success,True,True,513,6532
603950.SH,长源东谷,Success,True,True,513,6532
600719.SH,大连热电,Success,True,True,513,6532
600302.SH,标准股份,Success,True,True,513,6532
601199.SH,江南水务,Success,True,True,513,6532
603826.SH,坤彩科技,Success,True,True,513,6532
688693.SH,锴威特,Success,True,True,513,6532
688288.SH,鸿泉技术,Success,True,True,513,6532
601007.SH,金陵饭店,Success,True,True,513,6532
603110.SH,东方材料,Success,True,True,513,6532
688260.SH,昀冢科技,Success,True,True,513,6532
600004.SH,白云机场,Success,True,True,513,6532
603360.SH,百傲化学,Success,True,True,513,6532
688010.SH,福光股份,Success,True,True,513,6532
601618.SH,中国中冶,Success,True,True,513,6532
600483.SH,福能股份,Success,True,True,513,6532
600098.SH,广州发展,Success,True,True,513,6532
600844.SH,金煤科技,Success,True,True,513,6532
603679.SH,华体科技,Success,True,True,513,6532
603262.SH,技源集团,Success,True,True,138,6532
688166.SH,博瑞医药,Success,True,True,513,6532
601375.SH,中原证券,Success,True,True,513,6532
600830.SH,香溢融通,Success,True,True,513,6532
603216.SH,梦天家居,Success,True,True,513,6532
688509.SH,正元地信,Success,True,True,513,6532
688112.SH,鼎阳科技,Success,True,True,513,6532
600581.SH,八一钢铁,Success,True,True,513,6532
600106.SH,重庆路桥,Success,True,True,513,6532
688595.SH,芯海科技,Success,True,True,513,6532
600172.SH,黄河旋风,Success,True,True,513,6532
600569.SH,安阳钢铁,Success,True,True,513,6532
688077.SH,大地熊,Success,True,True,513,6532
600955.SH,维远股份,Success,True,True,513,6532
603768.SH,常青股份,Success,True,True,513,6532
603373.SH,安邦护卫,Success,True,True,513,6532
688418.SH,震有科技,Success,True,True,513,6532
688003.SH,天准科技,Success,True,True,513,6532
600490.SH,鹏欣资源,Success,True,True,513,6532
603307.SH,扬州金泉,Success,True,True,513,6532
600017.SH,日照港,Success,True,True,513,6532
688484.SH,南芯科技,Success,True,True,513,6532
600063.SH,皖维高新,Success,True,True,513,6532
600478.SH,科力远,Success,True,True,513,6532
603299.SH,苏盐井神,Success,True,True,513,6532
603682.SH,锦和商管,Success,True,True,513,6532
600115.SH,中国东航,Success,True,True,513,6532
688586.SH,江航装备,Success,True,True,513,6532
600161.SH,天坛生物,Success,True,True,513,6532
600857.SH,宁波中百,Success,True,True,513,6532
603271.SH,永杰新材,Success,True,True,229,6532
688175.SH,高凌信息,Success,True,True,513,6532
601366.SH,利群股份,Success,True,True,513,6532
603205.SH,健尔康,Success,True,True,310,6532
688101.SH,三达膜,Success,True,True,513,6532
600592.SH,龙溪股份,Success,True,True,513,6532
600189.SH,泉阳泉,Success,True,True,513,6533
600365.SH,ST通葡,Success,True,True,513,6533
603486.SH,科沃斯,Success,True,True,513,6533
603937.SH,丽岛新材,Success,True,True,513,6533
688399.SH,硕世生物,Success,True,True,513,6533
603001.SH,奥康国际,Success,True,True,513,6533
601116.SH,三江购物,Success,True,True,513,6533
688305.SH,科德数控,Success,True,True,513,6533
600796.SH,钱江生化,Success,True,True,513,6533
605338.SH,巴比食品,Success,True,True,513,6533
603075.SH,热威股份,Success,True,True,513,6533
688371.SH,菲沃泰,Success,True,True,513,6533
601579.SH,会稽山,Success,True,True,513,6533
601162.SH,天风证券,Success,True,True,513,6533
688207.SH,格灵深瞳,Success,True,True,513,6533
600694.SH,大商股份,Success,True,True,513,6533
603103.SH,横店影视,Success,True,True,513,6533
603518.SH,锦泓集团,Success,True,True,513,6533
688273.SH,麦澜德,Success,True,True,513,6533
688668.SH,鼎通科技,Success,True,True,513,6533
603177.SH,德创环保,Success,True,True,513,6533
600267.SH,海正药业,Success,True,True,513,6533
601956.SH,东贝集团,Success,True,True,513,6533
600608.SH,*ST沪科,Success,True,True,513,6533
601088.SH,中国神华,Success,True,True,513,6533
688680.SH,海优新材,Success,True,True,513,6533
600528.SH,中铁工业,Success,True,True,513,6533
600133.SH,东湖高新,Success,True,True,513,6533
605186.SH,健麾信息,Success,True,True,513,6533
600871.SH,石化油服,Success,True,True,513,6533
603257.SH,中国瑞林,Success,True,True,210,6533
688153.SH,唯捷创芯,Success,True,True,513,6533
688548.SH,广钢气体,Success,True,True,513,6533
600805.SH,悦达投资,Success,True,True,513,6533
603223.SH,恒通股份,Success,True,True,513,6533
603638.SH,艾迪精密,Success,True,True,513,6533
688127.SH,蓝特光学,Success,True,True,513,6533
688051.SH,佳华科技,Success,True,True,513,6533
600973.SH,宝胜股份,Success,True,True,513,6533
605018.SH,长华集团,Success,True,True,513,6533
603355.SH,莱克电气,Success,True,True,513,6533
601236.SH,红塔证券,Success,True,True,513,6533
688025.SH,杰普特,Success,True,True,513,6533
603321.SH,梅轮电梯,Success,True,True,513,6533
600031.SH,三一重工,Success,True,True,513,6533
688221.SH,前沿生物-U,Success,True,True,513,6533
605268.SH,王力安防,Success,True,True,513,6533
603125.SH,常青科技,Success,True,True,513,6533
601998.SH,中信银行,Success,True,True,513,6533
688255.SH,凯尔达,Success,True,True,513,6533
603151.SH,邦基科技,Success,True,True,513,6533
600241.SH,时代万恒,Success,True,True,513,6533
603867.SH,新化股份,Success,True,True,513,6533
600235.SH,民丰特纸,Success,True,True,513,6533
603813.SH,*ST原尚,Success,True,True,513,6533
601872.SH,招商轮船,Success,True,True,513,6533
600343.SH,航天动力,Success,True,True,513,6533
600758.SH,辽宁能源,Success,True,True,513,6533
600337.SH,美克家居,Success,True,True,513,6533
603027.SH,千禾味业,Success,True,True,513,6533
688323.SH,瑞华泰,Success,True,True,513,6533
603053.SH,成都燃气,Success,True,True,513,6533
688357.SH,建龙微纳,Success,True,True,513,6533
600252.SH,中恒集团,Success,True,True,513,6534
600649.SH,城投控股,Success,True,True,513,6534
601963.SH,重庆银行,Success,True,True,513,6534
600226.SH,亨通股份,Success,True,True,513,6534
603800.SH,洪田股份,Success,True,True,513,6534
601021.SH,春秋航空,Success,True,True,513,6534
688629.SH,华丰科技,Success,True,True,513,6534
688232.SH,新点软件,Success,True,True,513,6534
603136.SH,天目湖,Success,True,True,513,6534
688246.SH,嘉和美康,Success,True,True,513,6534
603559.SH,ST通脉,Success,True,True,513,6534
688330.SH,宏力达,Success,True,True,513,6534
603040.SH,新坐标,Success,True,True,513,6534
600350.SH,山东高速,Success,True,True,513,6534
603976.SH,正川股份,Success,True,True,513,6534
600862.SH,中航高科,Success,True,True,513,6534
605566.SH,福莱蒽特,Success,True,True,513,6534
600816.SH,建元信托,Success,True,True,513,6534
603230.SH,内蒙新华,Success,True,True,513,6534
688802.SH,沐曦股份-U,Success,True,True,39,6534
600120.SH,浙江东方,Success,True,True,513,6534
600439.SH,瑞贝卡,Success,True,True,513,6534
600022.SH,山东钢铁,Success,True,True,513,6534
600988.SH,赤峰黄金,Success,True,True,513,6534
600056.SH,中国医药,Success,True,True,513,6534
688459.SH,哈铁科技,Success,True,True,513,6534
600960.SH,渤海汽车,Success,True,True,513,6534
601225.SH,陕西煤业,Success,True,True,513,6534
688036.SH,传音控股,Success,True,True,513,6534
603332.SH,苏州龙杰,Success,True,True,513,6534
603729.SH,龙韵股份,Success,True,True,513,6534
688676.SH,金盘科技,Success,True,True,513,6534
603169.SH,兰石重装,Success,True,True,513,6534
688219.SH,会通股份,Success,True,True,513,6534
688602.SH,康鹏科技,Success,True,True,513,6534
603506.SH,南都物业,Success,True,True,513,6534
600616.SH,金枫酒业,Success,True,True,513,6534
688285.SH,高铁电气,Success,True,True,513,6534
601096.SH,宏盛华源,Success,True,True,513,6534
603181.SH,皇马科技,Success,True,True,513,6534
600662.SH,外服控股,Success,True,True,513,6534
600279.SH,重庆港,Success,True,True,513,6534
603083.SH,剑桥科技,Success,True,True,513,6534
600714.SH,金瑞矿业,Success,True,True,513,6534
688387.SH,信科移动-U,Success,True,True,513,6534
603929.SH,亚翔集成,Success,True,True,513,6534
600760.SH,XD中航沈,Success,True,True,513,6534
601567.SH,三星医疗,Success,True,True,513,6534
601108.SH,财通证券,Success,True,True,513,6534
688700.SH,东威科技,Success,True,True,513,6534
600510.SH,黑牡丹,Success,True,True,513,6534
688183.SH,生益电子,Success,True,True,513,6534
688598.SH,金博股份,Success,True,True,513,6534
601390.SH,中国中铁,Success,True,True,513,6534
603600.SH,永艺股份,Success,True,True,513,6534
601717.SH,中创智领,Success,True,True,513,6534
600197.SH,伊力特,Success,True,True,513,6534
605122.SH,四方新材,Success,True,True,513,6534
688570.SH,天玛智控,Success,True,True,513,6535
601615.SH,明阳智能,Success,True,True,513,6534
600095.SH,湘财股份,Success,True,True,513,6534
603319.SH,美湖股份,Success,True,True,513,6535
688472.SH,阿特斯,Success,True,True,513,6535
688069.SH,德林海,Success,True,True,513,6534
605020.SH,永和股份,Success,True,True,513,6535
603776.SH,永安行,Success,True,True,513,6535
600009.SH,上海机场,Success,True,True,513,6535
688081.SH,兴图新科,Success,True,True,513,6535
601689.SH,拓普集团,Success,True,True,513,6535
603385.SH,惠达卫浴,Success,True,True,513,6535
603613.SH,国联股份,Success,True,True,513,6535
603208.SH,江山欧派,Success,True,True,513,6535
688517.SH,金冠电气,Success,True,True,513,6535
600184.SH,光电股份,Success,True,True,513,6535
603667.SH,五洲新春,Success,True,True,513,6535
688563.SH,航材股份,Success,True,True,513,6535
688178.SH,万德斯,Success,True,True,513,6535
600577.SH,精达股份,Success,True,True,513,6535
600118.SH,中国卫星,Success,True,True,513,6535
600503.SH,华丽家族,Success,True,True,513,6535
688190.SH,云路股份,Success,True,True,513,6535
601798.SH,蓝科高新,Success,True,True,513,6535
600475.SH,华光环能,Success,True,True,513,6535
688092.SH,爱科科技,Success,True,True,513,6535
688489.SH,三未信安,Success,True,True,513,6535
603396.SH,金辰股份,Success,True,True,513,6535
601606.SH,长城军工,Success,True,True,513,6535
603711.SH,香飘飘,Success,True,True,513,6535
600958.SH,东方证券,Success,True,True,513,6535
605033.SH,美邦股份,Success,True,True,513,6535
600605.SH,汇通能源,Success,True,True,513,6535
688296.SH,和达科技,Success,True,True,513,6535
603838.SH,*ST四通,Success,True,True,513,6535
603589.SH,口子窖,Success,True,True,513,6535
603192.SH,汇得科技,Success,True,True,513,6535
600671.SH,天目药业,Success,True,True,513,6535
688665.SH,四方光电,Success,True,True,513,6535
601019.SH,山东出版,Success,True,True,513,6535
688611.SH,杭州柯林,Success,True,True,513,6535
600282.SH,南钢股份,Success,True,True,513,6535
600699.SH,均胜电子,Success,True,True,513,6535
603515.SH,欧普照明,Success,True,True,513,6535
603078.SH,江化微,Success,True,True,513,6535
688767.SH,博拓生物,Success,True,True,513,6535
601500.SH,通用股份,Success,True,True,513,6535
688308.SH,欧科亿,Success,True,True,513,6535
600380.SH,健康元,Success,True,True,513,6535
603090.SH,宏盛股份,Success,True,True,513,6535
600707.SH,彩虹股份,Success,True,True,513,6535
601187.SH,厦门银行,Success,True,True,513,6535
600773.SH,西藏城投,Success,True,True,513,6535
600368.SH,五洲交通,Success,True,True,513,6535
600048.SH,保利发展,Success,True,True,513,6535
605089.SH,味知香,Success,True,True,513,6535
600996.SH,贵广网络,Success,True,True,513,6535
688028.SH,沃尔德,Success,True,True,513,6535
688433.SH,华曙高科,Success,True,True,513,6535
603737.SH,三棵树,Success,True,True,513,6535
603358.SH,华达科技,Success,True,True,513,6535
600808.SH,马钢股份,Success,True,True,513,6535
688531.SH,日联科技,Success,True,True,513,6535
601339.SH,百隆东方,Success,True,True,513,6535
605117.SH,德业股份,Success,True,True,513,6535
688545.SH,兴福电子,Success,True,True,257,6535
600551.SH,时代出版,Success,True,True,513,6535
600894.SH,广日股份,Success,True,True,513,6535
600525.SH,ST长园,Success,True,True,513,6535
603980.SH,吉华集团,Success,True,True,513,6535
600721.SH,百花医药,Success,True,True,513,6054
600755.SH,厦门国贸,Success,True,True,513,6536
603968.SH,醋化股份,Success,True,True,513,6536
600238.SH,*ST椰岛,Success,True,True,513,6536
600623.SH,华谊集团,Success,True,True,513,6536
600657.SH,信达地产,Success,True,True,513,6536
688258.SH,卓易信息,Success,True,True,513,6536
603882.SH,金域医学,Success,True,True,513,6536
603533.SH,掌阅科技,Success,True,True,513,6536
603128.SH,华贸物流,Success,True,True,513,6536
601995.SH,中金公司,Success,True,True,513,6536
601818.SH,光大银行,Success,True,True,513,6536
600329.SH,达仁堂,Success,True,True,513,6536
600732.SH,爱旭股份,Success,True,True,513,6536
600746.SH,江苏索普,Success,True,True,513,6536
605300.SH,佳禾食品,Success,True,True,513,6536
603456.SH,九洲药业,Success,True,True,513,6536
688349.SH,三一重能,Success,True,True,513,6536
603039.SH,泛微网络,Success,True,True,513,6536
603993.SH,洛阳钼业,Success,True,True,513,6536
688726.SH,拉普拉斯,Success,True,True,317,6536
601058.SH,赛轮轮胎,Success,True,True,513,6536
603520.SH,司太立,Success,True,True,513,6536
600630.SH,龙头股份,Success,True,True,513,6536
600644.SH,乐山电力,Success,True,True,513,6536
603879.SH,永悦科技,Success,True,True,513,6536
601633.SH,长城汽车,Success,True,True,513,6536
688420.SH,美腾科技,Success,True,True,513,6536
601228.SH,广州港,Success,True,True,513,6536
600919.SH,江苏银行,Success,True,True,513,6536
605006.SH,山东玻纤,Success,True,True,513,6536
600985.SH,淮北矿业,Success,True,True,513,6536
605198.SH,安德利,Success,True,True,513,6536
600159.SH,大龙地产,Success,True,True,513,6536
600887.SH,伊利股份,Success,True,True,513,6536
600536.SH,中国软件,Success,True,True,513,6536
603626.SH,科森科技,Success,True,True,513,6536
688139.SH,海尔生物,Success,True,True,513,6536
688522.SH,纳睿雷达,Success,True,True,513,6536
688556.SH,高测股份,Success,True,True,513,6536
688008.SH,澜起科技,Success,True,True,513,6536
601600.SH,中国铝业,Success,True,True,513,6536
600080.SH,金花股份,Success,True,True,513,6536
603717.SH,天域生物,Success,True,True,513,6536
603378.SH,亚士创能,Success,True,True,513,6536
603390.SH,通达电气,Success,True,True,513,6536
600571.SH,信雅达,Success,True,True,513,6536
603689.SH,皖天然气,Success,True,True,513,6536
600505.SH,西昌电力,Success,True,True,513,6536
688196.SH,卓越新能,Success,True,True,513,6536
600828.SH,茂业商业,Success,True,True,513,6536
603615.SH,茶花股份,Success,True,True,513,6536
688511.SH,*ST天微,Success,True,True,513,6536
601319.SH,中国人保,Success,True,True,513,6536
601702.SH,华峰铝业,Success,True,True,513,6536
600599.SH,*ST熊猫,Success,True,True,513,6536
600182.SH,S佳通,Success,True,True,513,6536
603661.SH,恒林股份,Success,True,True,513,6536
688565.SH,力源科技,Success,True,True,513,6536
603096.SH,新经典,Success,True,True,513,6536
688789.SH,宏华数科,Success,True,True,513,6537
688392.SH,骄成超声,Success,True,True,513,6537
600775.SH,南京熊猫,Success,True,True,513,6537
603948.SH,建业股份,Success,True,True,513,6537
605333.SH,沪光股份,Success,True,True,513,6537
601169.SH,北京银行,Success,True,True,513,6537
600386.SH,北巴传媒,Success,True,True,513,6537
688278.SH,特宝生物,Success,True,True,513,6537
688663.SH,新风光,Success,True,True,513,6537
603567.SH,珍宝岛,Success,True,True,513,6537
688617.SH,惠泰医疗,Success,True,True,513,6537
600284.SH,浦东建设,Success,True,True,513,6537
603108.SH,润达医疗,Success,True,True,513,6537
600603.SH,广汇物流,Success,True,True,513,6537
600218.SH,XD全柴动,Success,True,True,513,6537
601083.SH,锦江航运,Success,True,True,513,6537
688290.SH,景业智能,Success,True,True,513,6537
603194.SH,中力股份,Success,True,True,277,6537
601929.SH,吉视传媒,Success,True,True,513,6537
688369.SH,致远互联,Success,True,True,513,6537
688772.SH,珠海冠宇,Success,True,True,513,6537
603019.SH,中科曙光,Success,True,True,513,6537
603402.SH,陕西旅游,Success,True,True,27,6296
601515.SH,衢州东峰,Success,True,True,513,6537
600395.SH,盘江股份,Success,True,True,513,6537
603085.SH,天成自控,Success,True,True,513,6537
601838.SH,成都银行,Success,True,True,513,6537
600712.SH,南宁百货,Success,True,True,513,6537
600309.SH,万华化学,Success,True,True,513,6537
688381.SH,帝奥微,Success,True,True,513,6537
600610.SH,中毅达,Success,True,True,513,6537
688698.SH,伟创电气,Success,True,True,513,6537
688283.SH,坤恒顺维,Success,True,True,513,6537
603187.SH,海容冷链,Success,True,True,513,6537
600664.SH,哈药股份,Success,True,True,513,6537
603859.SH,能科科技,Success,True,True,513,6537
688670.SH,金迪克,Success,True,True,513,6537
605222.SH,起帆电缆,Success,True,True,513,6537
603500.SH,祥和实业,Success,True,True,513,6537
600460.SH,士兰微,Success,True,True,513,6537
688087.SH,英科再生,Success,True,True,513,6537
603383.SH,顶点软件,Success,True,True,513,6537
603798.SH,康普顿,Success,True,True,513,6537
688400.SH,凌云光,Success,True,True,513,6537
601208.SH,东材科技,Success,True,True,513,6537
600488.SH,津药药业,Success,True,True,513,6537
600939.SH,重庆建工,Success,True,True,513,6537
603606.SH,东方电缆,Success,True,True,513,6537
688502.SH,茂莱光学,Success,True,True,513,6537
688119.SH,中钢洛耐,Success,True,True,513,6537
600191.SH,华资实业,Success,True,True,513,6537
603269.SH,海鸥股份,Success,True,True,513,6537
688576.SH,西山科技,Success,True,True,513,6537
600179.SH,安通控股,Success,True,True,513,6537
600562.SH,国睿科技,Success,True,True,513,6537
603281.SH,江瀚新材,Success,True,True,513,6537
600516.SH,方大炭素,Success,True,True,513,6537
688185.SH,康希诺,Success,True,True,513,6537
600636.SH,*ST国化,Success,True,True,513,6537
600259.SH,中稀有色,Success,True,True,513,6537
600642.SH,申能股份,Success,True,True,513,6538
601968.SH,宝钢包装,Success,True,True,513,6538
605298.SH,必得科技,Success,True,True,513,6538
688656.SH,浩欧博,Success,True,True,513,6538
688622.SH,禾信仪器,Success,True,True,513,6538
603897.SH,长城科技,Success,True,True,513,6538
688239.SH,航宇科技,Success,True,True,513,6538
601882.SH,海天精工,Success,True,True,513,6538
601128.SH,常熟银行,Success,True,True,513,6538
603995.SH,甬金股份,Success,True,True,513,6538
688720.SH,艾森股份,Success,True,True,513,6538
600734.SH,实达集团,Success,True,True,513,6538
603909.SH,建发合诚,Success,True,True,513,6538
600740.SH,山西焦化,Success,True,True,513,6538
600869.SH,远东股份,Success,True,True,513,6538
688550.SH,瑞联新材,Success,True,True,513,6538
688809.SH,强一股份,Success,True,True,30,6538
600881.SH,亚泰集团,Success,True,True,513,6538
600530.SH,交大昂立,Success,True,True,513,6538
600446.SH,金证股份,Success,True,True,513,6538
600029.SH,南方航空,Success,True,True,513,6538
600983.SH,惠而浦,Success,True,True,513,6538
688426.SH,康为世纪,Success,True,True,513,6538
603339.SH,四方科技,Success,True,True,513,6538
603722.SH,阿科力,Success,True,True,513,6538
688049.SH,炬芯科技,Success,True,True,513,6538
600557.SH,康缘药业,Success,True,True,513,6538
600892.SH,*ST大晟,Success,True,True,513,6538
600523.SH,贵航股份,Success,True,True,513,6538
600138.SH,中青旅,Success,True,True,513,6538
603228.SH,景旺电子,Success,True,True,513,6538
603633.SH,徕木股份,Success,True,True,513,6538
605111.SH,新洁能,Success,True,True,513,6538
688158.SH,优刻得-W,Success,True,True,513,6538
688543.SH,国科军工,Success,True,True,513,6538
688435.SH,英方软件,Success,True,True,513,6538
600455.SH,博通股份,Success,True,True,513,6538
600421.SH,*ST华嵘,Success,True,True,513,6538
600990.SH,四创电子,Success,True,True,513,6538
601456.SH,国联民生,Success,True,True,513,6538
688631.SH,莱斯信息,Success,True,True,513,6538
603535.SH,嘉诚国际,Success,True,True,513,6538
603818.SH,曲美家居,Success,True,True,513,6538
600651.SH,飞乐音响,Success,True,True,513,6538
600727.SH,鲁北化工,Success,True,True,513,6538
605389.SH,长龄液压,Success,True,True,513,6538
600348.SH,华阳股份,Success,True,True,513,6538
600753.SH,*ST海钦,Success,True,True,513,6538
603058.SH,永吉股份,Success,True,True,513,6538
603986.SH,兆易创新,Success,True,True,513,6538
688733.SH,壹石通,Success,True,True,513,6538
688328.SH,深科达,Success,True,True,513,6538
600851.SH,海欣股份,Success,True,True,513,6538
603277.SH,银都股份,Success,True,True,513,6538
601360.SH,三六零,Success,True,True,513,6538
688568.SH,中科星图,Success,True,True,513,6538
688173.SH,希荻微,Success,True,True,513,6538
600825.SH,新华传媒,Success,True,True,513,6538
605555.SH,德昌股份,Success,True,True,513,6538
603618.SH,杭电股份,Success,True,True,513,6538
603203.SH,快克智能,Success,True,True,513,6539
688107.SH,安路科技,Success,True,True,513,6539
600594.SH,益佰制药,Success,True,True,513,6539
600113.SH,浙江东日,Success,True,True,513,6539
600508.SH,上海能源,Success,True,True,513,6539
688580.SH,伟思医疗,Success,True,True,513,6539
601388.SH,怡球资源,Success,True,True,513,6539
600167.SH,联美控股,Success,True,True,513,6539
600011.SH,华能国际,Success,True,True,513,6539
688099.SH,晶晨股份,Success,True,True,513,6539
603786.SH,科博达,Success,True,True,513,6539
688071.SH,华依科技,Success,True,True,513,6539
603375.SH,盛景微,Success,True,True,497,6539
688005.SH,容百科技,Success,True,True,513,6539
601216.SH,君正集团,Success,True,True,513,6539
600496.SH,精工钢构,Success,True,True,513,6539
600927.SH,永安期货,Success,True,True,513,6539
603301.SH,振德医疗,Success,True,True,513,6539
600261.SH,阳光照明,Success,True,True,513,6539
600215.SH,派斯林,Success,True,True,513,6539
603833.SH,欧派家居,Success,True,True,513,6539
688686.SH,奥普特,Success,True,True,513,6539
603199.SH,九华旅游,Success,True,True,513,6539
688201.SH,信安世纪,Success,True,True,513,6539
601012.SH,隆基绿能,Success,True,True,513,6539
600289.SH,ST信通,Success,True,True,513,6539
600692.SH,亚通股份,Success,True,True,513,6539
603105.SH,芯能科技,Success,True,True,513,6539
601066.SH,中信建投,Success,True,True,513,6539
688275.SH,万润新能,Success,True,True,513,6539
603171.SH,税友股份,Success,True,True,513,6539
603007.SH,*ST花王,Success,True,True,513,6539
688303.SH,大全能源,Success,True,True,513,6539
688718.SH,唯赛勃,Success,True,True,513,6539
600790.SH,轻纺城,Success,True,True,513,6539
603073.SH,彩蝶实业,Success,True,True,513,6539
688377.SH,迪威尔,Success,True,True,513,6539
600778.SH,友好集团,Success,True,True,513,6539
600363.SH,联创光电,Success,True,True,513,6539
603931.SH,格林达,Success,True,True,513,6539
688212.SH,澳华内镜,Success,True,True,513,6539
601001.SH,晋控煤业,Success,True,True,513,6539
688609.SH,九联科技,Success,True,True,513,6539
600681.SH,百川能源,Success,True,True,513,6539
603116.SH,红蜻蜓,Success,True,True,513,6539
688266.SH,泽璟制药-U,Success,True,True,513,6539
603162.SH,海通发展,Success,True,True,513,6539
603579.SH,荣泰健康,Success,True,True,513,6539
600272.SH,开开实业,Success,True,True,513,6539
600206.SH,有研新材,Success,True,True,513,6539
688695.SH,中创股份,Success,True,True,468,6539
600370.SH,三房巷,Success,True,True,513,6539
603956.SH,威派格,Success,True,True,513,6539
603088.SH,宁波精达,Success,True,True,513,6539
603922.SH,金鸿顺,Success,True,True,513,6539
603014.SH,威高血净,Success,True,True,184,6539
601518.SH,吉林高速,Success,True,True,513,6539
688310.SH,迈得医疗,Success,True,True,513,6539
600398.SH,海澜之家,Success,True,True,513,6539
600783.SH,鲁信创投,Success,True,True,513,6539
603060.SH,国检集团,Success,True,True,513,6539
601177.SH,杭齿前进,Success,True,True,513,6540
603697.SH,有友食品,Success,True,True,513,6540
600100.SH,同方股份,Success,True,True,513,6540
688188.SH,柏楚电子,Success,True,True,513,6540
688593.SH,新相微,Success,True,True,513,6539
688160.SH,步科股份,Success,True,True,513,6540
603210.SH,泰鸿万立,Success,True,True,209,6539
688114.SH,华大智造,Success,True,True,513,6540
600587.SH,新华医疗,Success,True,True,513,6540
688479.SH,友车科技,Success,True,True,513,6540
688062.SH,迈威生物-U,Success,True,True,513,6540
603366.SH,日出东方,Success,True,True,513,6540
688016.SH,心脉医疗,Success,True,True,513,6540
603709.SH,中源家居,Success,True,True,513,6540
603312.SH,西典新能,Success,True,True,506,6540
600419.SH,天润乳业,Success,True,True,513,6540
600076.SH,康欣新材,Success,True,True,513,6540
600356.SH,恒丰纸业,Success,True,True,513,6540
603970.SH,中农立华,Success,True,True,513,6540
600322.SH,津投城开,Success,True,True,513,6540
600739.SH,辽宁成大,Success,True,True,513,6540
603429.SH,集友股份,Success,True,True,513,6540
603032.SH,德新科技,Success,True,True,513,6540
688336.SH,三生国健,Success,True,True,513,6540
603998.SH,方盛制药,Success,True,True,513,6540
688759.SH,必贝特-U,Success,True,True,75,6540
688234.SH,天岳先进,Success,True,True,513,6540
603130.SH,云中马,Success,True,True,513,6540
601965.SH,中国汽研,Success,True,True,513,6540
603806.SH,福斯特,Success,True,True,513,6540
600966.SH,博汇纸业,Success,True,True,513,6540
688030.SH,山石网科,Success,True,True,513,6540
603334.SH,丰倍生物,Success,True,True,69,6540
600050.SH,中国联通,Success,True,True,513,6540
600126.SH,杭钢股份,Success,True,True,513,6540
605588.SH,冠石科技,Success,True,True,513,6540
600549.SH,厦门钨业,Success,True,True,513,6540
600152.SH,维科技术,Success,True,True,513,6540
600864.SH,哈投股份,Success,True,True,513,6540
603659.SH,璞泰来,Success,True,True,513,6540
688146.SH,中船特气,Success,True,True,513,6540
600810.SH,神马股份,Success,True,True,513,6540
603236.SH,移远通信,Success,True,True,513,6540
688132.SH,邦彦技术,Success,True,True,513,6540
688529.SH,豪森智能,Success,True,True,513,6540
600037.SH,歌华有线,Success,True,True,513,6540
600458.SH,时代新材,Success,True,True,513,6540
605499.SH,东鹏饮料,Success,True,True,513,6540
688057.SH,金达莱,Success,True,True,513,6540
600975.SH,新五丰,Success,True,True,513,6540
603353.SH,和顺石油,Success,True,True,513,6540
688023.SH,安恒信息,Success,True,True,513,6540
600901.SH,江苏金租,Success,True,True,513,6540
603327.SH,福蓉科技,Success,True,True,513,6540
605507.SH,国邦医药,Success,True,True,513,6540
600877.SH,电科芯片,Success,True,True,513,6540
688155.SH,先惠技术,Success,True,True,513,6540
605168.SH,三人行,Success,True,True,513,6540
600803.SH,新奥股份,Success,True,True,513,6540
603225.SH,新凤鸣,Success,True,True,513,6540
688121.SH,卓然股份,Success,True,True,513,6540
600135.SH,乐凯胶片,Success,True,True,513,6540
605180.SH,华生科技,Success,True,True,513,6540
600141.SH,兴发集团,Success,True,True,513,6540
603021.SH,ST华鹏,Success,True,True,513,6540
688325.SH,赛微微电,Success,True,True,513,6540
601136.SH,首创证券,Success,True,True,513,6540
605318.SH,法狮龙,Success,True,True,513,6540
603055.SH,台华新材,Success,True,True,513,6540
688351.SH,微电生理,Success,True,True,513,6541
600345.SH,长江通信,Success,True,True,513,6541
601800.SH,中国交建,Success,True,True,513,6541
600331.SH,宏达股份,Success,True,True,513,6541
603917.SH,合力科技,Success,True,True,513,6541
603861.SH,白云电器,Success,True,True,513,6541
605286.SH,同力天启,Success,True,True,513,6541
600233.SH,圆通速递,Success,True,True,513,6541
600628.SH,新世界,Success,True,True,513,6541
603815.SH,交建股份,Success,True,True,513,6541
688227.SH,品高股份,Success,True,True,513,6541
603889.SH,新澳股份,Success,True,True,513,6541
603538.SH,美诺华,Success,True,True,513,6541
603123.SH,翠微股份,Success,True,True,513,6541
688648.SH,中邮科技,Success,True,True,513,6541
688253.SH,英诺特,Success,True,True,513,6541
688312.SH,燕麦科技,Success,True,True,513,6541
601101.SH,昊华能源,Success,True,True,513,6541
688709.SH,成都华微,Success,True,True,487,6541
603016.SH,新宏泰,Success,True,True,513,6541
688366.SH,昊海生科,Success,True,True,513,6541
603062.SH,麦加芯彩,Success,True,True,513,6541
600769.SH,祥龙电业,Success,True,True,513,6541
600372.SH,中航机载,Success,True,True,513,6541
688795.SH,摩尔线程-U,Success,True,True,47,6541
603920.SH,世运电路,Success,True,True,513,6541
603856.SH,东宏股份,Success,True,True,513,6541
603188.SH,亚邦股份,Success,True,True,513,6541
603822.SH,ST嘉澳,Success,True,True,513,6541
688697.SH,纽威数控,Success,True,True,513,6541
605259.SH,绿田机械,Success,True,True,513,6541
600298.SH,安琪酵母,Success,True,True,513,6541
600683.SH,京投发展,Success,True,True,513,6541
688210.SH,统联精密,Success,True,True,513,6541
601003.SH,柳钢股份,Success,True,True,513,6541
603160.SH,汇顶科技,Success,True,True,513,6541
601077.SH,渝农商行,Success,True,True,513,6541
603797.SH,联泰环保,Success,True,True,513,6541
688088.SH,虹软科技,Success,True,True,513,6541
600000.SH,浦发银行,Success,True,True,513,6541
601668.SH,中国建筑,Success,True,True,513,6541
688060.SH,云涌科技,Success,True,True,513,6541
603310.SH,巍华新材,Success,True,True,364,6541
600936.SH,北投科技,Success,True,True,513,6541
600487.SH,亨通光电,Success,True,True,513,6541
688579.SH,山大地纬,Success,True,True,513,6541
688162.SH,巨一科技,Success,True,True,513,6541
603266.SH,天龙股份,Success,True,True,513,6541
600585.SH,海螺水泥,Success,True,True,513,6541
688116.SH,天奈科技,Success,True,True,513,6541
603609.SH,禾丰股份,Success,True,True,513,6541
603212.SH,赛伍技术,Success,True,True,513,6541
600834.SH,申通地铁,Success,True,True,513,6541
688591.SH,泰凌微,Success,True,True,513,6541
601399.SH,国机重装,Success,True,True,513,6541
600519.SH,贵州茅台,Success,True,True,513,6541
600176.SH,中国巨石,Success,True,True,513,6541
603377.SH,ST东时,Success,True,True,513,6541
688468.SH,科美诊断,Success,True,True,513,6541
688073.SH,毕得医药,Success,True,True,513,6541
603718.SH,海利生物,Success,True,True,513,6542
603303.SH,得邦照明,Success,True,True,513,6542
600925.SH,苏能股份,Success,True,True,513,6541
688007.SH,光峰科技,Success,True,True,513,6541
688480.SH,赛恩斯,Success,True,True,513,6542
601288.SH,农业银行,Success,True,True,513,6542
600408.SH,安泰集团,Success,True,True,513,6542
600067.SH,冠城新材,Success,True,True,513,6542
688199.SH,久日新材,Success,True,True,513,6542
688582.SH,芯动联科,Success,True,True,513,6542
600111.SH,北方稀土,Success,True,True,513,6542
603686.SH,福龙马,Success,True,True,513,6542
600165.SH,ST宁科,Success,True,True,513,6541
688171.SH,纬德信息,Success,True,True,513,6542
603275.SH,众辰科技,Success,True,True,513,6542
600853.SH,龙建股份,Success,True,True,513,6542
605138.SH,盛泰集团,Success,True,True,513,6542
600596.SH,新安股份,Success,True,True,513,6542
688105.SH,诺唯赞,Success,True,True,513,6542
603201.SH,常润股份,Success,True,True,513,6542
600827.SH,百联股份,Success,True,True,513,6542
600361.SH,创新新材,Success,True,True,513,6542
601595.SH,上海电影,Success,True,True,513,6542
688786.SH,悦安新材,Success,True,True,513,6542
603933.SH,睿能科技,Success,True,True,513,6542
600315.SH,上海家化,Success,True,True,513,6542
603099.SH,长白山,Success,True,True,513,6542
600389.SH,江山股份,Success,True,True,513,6542
600792.SH,云煤能源,Success,True,True,513,6542
688301.SH,奕瑞科技,Success,True,True,513,6542
601112.SH,振石股份,Success,True,True,10,2204
603005.SH,晶方科技,Success,True,True,513,6542
601166.SH,兴业银行,Success,True,True,513,6542
688375.SH,国博电子,Success,True,True,513,6542
603071.SH,物产环能,Success,True,True,513,6542
603107.SH,上海汽配,Success,True,True,513,6542
600690.SH,海尔智家,Success,True,True,513,6542
688203.SH,海正生材,Success,True,True,513,6542
601010.SH,文峰股份,Success,True,True,513,6542
688618.SH,三旺通信,Success,True,True,513,6542
603173.SH,福斯达,Success,True,True,513,6542
603568.SH,伟明环保,Success,True,True,513,6542
688277.SH,天智航-U,Success,True,True,513,6542
601952.SH,苏垦农发,Success,True,True,513,6542
600678.SH,四川金顶,Success,True,True,513,6542
603580.SH,*ST艾艾,Success,True,True,513,6542
600217.SH,中再资环,Success,True,True,513,6542
600137.SH,浪莎股份,Success,True,True,513,6542
600558.SH,大西洋,Success,True,True,513,6542
600143.SH,金发科技,Success,True,True,513,6542
605599.SH,菜百股份,Success,True,True,513,6542
688157.SH,松井股份,Success,True,True,513,6542
603648.SH,畅联股份,Success,True,True,513,6542
600875.SH,东方电气,Success,True,True,513,6542
688123.SH,聚辰股份,Success,True,True,513,6542
688538.SH,和辉光电-U,Success,True,True,513,6542
601330.SH,绿色动力,Success,True,True,513,6542
603227.SH,雪峰科技,Success,True,True,513,6542
600801.SH,华新建材,Success,True,True,513,6542
603351.SH,威尔药业,Success,True,True,513,6542
600977.SH,中国电影,Success,True,True,513,6542
688055.SH,龙腾光电,Success,True,True,513,6542
603325.SH,博隆技术,Success,True,True,507,6542
605068.SH,明新旭腾,Success,True,True,513,6542
600903.SH,贵州燃气,Success,True,True,513,6542
688021.SH,奥福科技,Success,True,True,513,6542
600035.SH,楚天高速,Success,True,True,513,6542
605080.SH,浙江自然,Success,True,True,513,6542
603121.SH,华培动力,Success,True,True,513,6542
688225.SH,亚信安全,Success,True,True,513,6542
603155.SH,新亚强,Success,True,True,513,6543
605218.SH,伟时电子,Success,True,True,513,6543
688251.SH,井松智能,Success,True,True,513,6543
603863.SH,松炀资源,Success,True,True,513,6543
601900.SH,南方传媒,Success,True,True,513,6543
603817.SH,海峡环保,Success,True,True,513,6543
600231.SH,凌钢股份,Success,True,True,513,6543
603915.SH,国茂股份,Success,True,True,513,6543
600333.SH,长春燃气,Success,True,True,513,6543
600728.SH,佳都科技,Success,True,True,513,6543
688327.SH,云从科技-UW,Success,True,True,513,6543
603989.SH,艾华集团,Success,True,True,513,6543
603023.SH,威帝股份,Success,True,True,513,6543
688353.SH,华盛锂电,Success,True,True,513,6543
603057.SH,紫燕食品,Success,True,True,513,6543
600256.SH,广汇能源,Success,True,True,513,6543
600222.SH,太龙药业,Success,True,True,513,6543
600639.SH,浦东金桥,Success,True,True,513,6543
603529.SH,爱玛科技,Success,True,True,513,6543
603132.SH,金徽股份,Success,True,True,513,6543
688236.SH,春立医疗,Success,True,True,513,6543
603898.SH,好莱客,Success,True,True,513,6543
688659.SH,元琛科技,Success,True,True,513,6543
688334.SH,西高院,Success,True,True,513,6543
601127.SH,赛力斯,Success,True,True,513,6543
603030.SH,全筑股份,Success,True,True,513,6543
600354.SH,敦煌种业,Success,True,True,513,6543
601865.SH,福莱特,Success,True,True,513,6543
603906.SH,龙蟠科技,Success,True,True,513,6543
600320.SH,振华重工,Success,True,True,513,6543
601811.SH,新华文轩,Success,True,True,513,6543
600866.SH,星湖科技,Success,True,True,513,6543
688130.SH,晶华微,Success,True,True,513,6543
605179.SH,一鸣食品,Success,True,True,513,6543
600812.SH,华北制药,Success,True,True,513,6543
600150.SH,中国船舶,Success,True,True,513,6543
600026.SH,中远海能,Success,True,True,513,6543
605488.SH,福莱新材,Success,True,True,513,6543
600449.SH,宁夏建材,Success,True,True,513,6543
600052.SH,东望时代,Success,True,True,513,6543
603759.SH,海天股份,Success,True,True,513,6543
688046.SH,药康生物,Success,True,True,513,6543
603336.SH,宏辉果蔬,Success,True,True,513,6543
688032.SH,禾迈股份,Success,True,True,513,6543
688429.SH,时创能源,Success,True,True,513,6543
688269.SH,凯立新材,Success,True,True,513,6543
603119.SH,浙江荣泰,Success,True,True,513,6543
600295.SH,鄂尔多斯,Success,True,True,513,6543
688606.SH,奥泰生物,Success,True,True,513,6543
603185.SH,弘元绿能,Success,True,True,513,6543
688281.SH,华秦科技,Success,True,True,513,6543
600612.SH,老凤祥,Success,True,True,513,6543
600666.SH,奥瑞德,Success,True,True,513,6543
688798.SH,艾为电子,Success,True,True,513,6543
688383.SH,新益昌,Success,True,True,513,6543
600710.SH,苏美达,Success,True,True,513,6543
603087.SH,甘李药业,Success,True,True,513,6543
603959.SH,百利科技,Success,True,True,513,6543
600764.SH,中国海防,Success,True,True,513,6543
600397.SH,江钨装备,Success,True,True,513,6543
603400.SH,华之杰,Success,True,True,161,6544
600560.SH,金自天正,Success,True,True,513,6544
688187.SH,时代电气,Success,True,True,513,6544
603283.SH,赛腾股份,Success,True,True,513,6544
603698.SH,航天工程,Success,True,True,513,6544
600588.SH,用友网络,Success,True,True,513,6544
600193.SH,*ST创兴,Success,True,True,513,6544
688500.SH,慧辰股份,Success,True,True,513,6544
600839.SH,四川长虹,Success,True,True,513,6544
603706.SH,东方环宇,Success,True,True,513,6544
605050.SH,福然德,Success,True,True,513,6544
688019.SH,安集科技,Success,True,True,513,6544
601611.SH,中国核建,Success,True,True,513,6544
603369.SH,今世缘,Success,True,True,513,6544
601665.SH,XD齐鲁银,Success,True,True,513,6544
600079.SH,ST人福,Success,True,True,513,6544
603381.SH,永臻股份,Success,True,True,399,6544
688085.SH,三友医疗,Success,True,True,513,6544
600416.SH,湘电股份,Success,True,True,513,6544
600180.SH,瑞茂通,Success,True,True,513,6544
688513.SH,苑东生物,Success,True,True,513,6544
688108.SH,赛诺医疗,Success,True,True,513,6544
601700.SH,风范股份,Success,True,True,513,6544
603617.SH,君禾股份,Success,True,True,513,6544
688567.SH,孚能科技,Success,True,True,513,6544
603663.SH,三祥新材,Success,True,True,513,6544
603278.SH,大业股份,Success,True,True,513,6544
600168.SH,武汉控股,Success,True,True,513,6544
600573.SH,惠泉啤酒,Success,True,True,513,6544
600507.SH,方大特钢,Success,True,True,513,6544
603290.SH,斯达半导,Success,True,True,513,6544
603392.SH,万泰生物,Success,True,True,513,6544
603789.SH,*ST星农,Success,True,True,513,6544
688096.SH,京源环保,Success,True,True,513,6544
600405.SH,动力源,Success,True,True,513,6544
600928.SH,西安银行,Success,True,True,513,6544
600499.SH,科达制造,Success,True,True,513,6544
600082.SH,海泰发展,Success,True,True,513,6544
688411.SH,海博思创,Success,True,True,254,6544
603196.SH,日播时尚,Success,True,True,513,6544
688689.SH,银河微电,Success,True,True,513,6544
688292.SH,浩瀚深度,Success,True,True,513,6544
689009.SH,九号公司-WD,Success,True,True,513,6544
600601.SH,方正科技,Success,True,True,513,6544
603848.SH,好太太,Success,True,True,513,6544
600675.SH,中华企业,Success,True,True,513,6544
603565.SH,中谷物流,Success,True,True,513,6544
688661.SH,和林微纳,Success,True,True,513,6544
601069.SH,西部黄金,Success,True,True,513,6544
603511.SH,爱慕股份,Success,True,True,513,6544
688615.SH,合合信息,Success,True,True,335,6544
688378.SH,奥来德,Success,True,True,513,6544
688717.SH,艾罗能源,Success,True,True,512,6544
603008.SH,喜临门,Success,True,True,513,6544
601598.SH,中国外运,Success,True,True,513,6544
688390.SH,固德威,Success,True,True,513,6544
600703.SH,三安光电,Success,True,True,513,6544
600318.SH,新力金融,Success,True,True,513,6544
600777.SH,*ST新潮,Success,True,True,513,6544
600992.SH,贵绳股份,Success,True,True,513,6544
600423.SH,柳化股份,Success,True,True,513,6545
600038.SH,中直股份,Success,True,True,513,6544
603328.SH,依顿电子,Success,True,True,513,6545
603733.SH,仙鹤股份,Success,True,True,513,6544
605011.SH,杭州热电,Success,True,True,513,6545
688058.SH,宝兰德,Success,True,True,513,6545
688443.SH,智翔金泰-U,Success,True,True,513,6545
688535.SH,华海诚科,Success,True,True,513,6545
605167.SH,利柏特,Success,True,True,513,6545
600521.SH,华海药业,Success,True,True,513,6545
688818.SH,C电科,Success,True,True,2,279
601139.SH,深圳燃气,Success,True,True,513,6545
603918.SH,金桥信息,Success,True,True,513,6545
600725.SH,云维股份,Success,True,True,513,6545
600751.SH,海航科技,Success,True,True,513,6545
605289.SH,罗曼股份,Success,True,True,513,6545
600248.SH,陕建股份,Success,True,True,513,6545
600653.SH,申华控股,Success,True,True,513,6545
603158.SH,腾龙股份,Success,True,True,513,6545
601991.SH,大唐发电,Success,True,True,513,6545
688633.SH,星球石墨,Success,True,True,513,6545
603886.SH,元祖股份,Success,True,True,513,6545
688228.SH,开普云,Success,True,True,513,6545
600736.SH,苏州高新,Success,True,True,513,6545
600359.SH,新农开发,Success,True,True,513,6545
600742.SH,富维股份,Success,True,True,513,6545
605398.SH,新炬网络,Success,True,True,513,6545
601868.SH,中国能建,Success,True,True,513,6545
603049.SH,中策橡胶,Success,True,True,172,6545
603997.SH,继峰股份,Success,True,True,513,6545
688722.SH,同益中,Success,True,True,513,6545
688339.SH,亿华通-U,Success,True,True,513,6545
601880.SH,辽港股份,Success,True,True,513,6545
688620.SH,安凯微,Success,True,True,513,6545
603895.SH,天永智能,Success,True,True,513,6545
603809.SH,豪能股份,Success,True,True,513,6545
600640.SH,国脉文化,Success,True,True,513,6545
600969.SH,郴电国际,Success,True,True,513,6545
688450.SH,光格科技,Success,True,True,513,6545
600444.SH,国机通用,Success,True,True,513,6545
600981.SH,苏豪汇鸿,Success,True,True,513,6545
600546.SH,山煤国际,Success,True,True,513,6545
600129.SH,太极集团,Success,True,True,513,6545
600883.SH,博闻科技,Success,True,True,513,6545
688526.SH,科前生物,Success,True,True,513,6545
603239.SH,浙江仙通,Success,True,True,513,6545
688552.SH,航天南湖,Success,True,True,513,6545
603656.SH,泰禾智能,Success,True,True,513,6545
605100.SH,华丰股份,Success,True,True,513,6545
603713.SH,密尔克卫,Success,True,True,513,6545
603308.SH,应流股份,Success,True,True,513,6545
600084.SH,中信尼雅,Success,True,True,513,6545
603767.SH,中马传动,Success,True,True,513,6545
688078.SH,龙软科技,Success,True,True,513,6545
600477.SH,杭萧钢构,Success,True,True,513,6545
688090.SH,瑞松科技,Success,True,True,513,6545
601698.SH,中国卫通,Success,True,True,513,6545
600018.SH,上港集团,Success,True,True,513,6545
600403.SH,大有能源,Success,True,True,513,6545
600575.SH,淮河能源,Success,True,True,513,6545
688192.SH,迪哲医药-U,Success,True,True,513,6545
688589.SH,力合微,Success,True,True,513,6545
600501.SH,航天晨光,Success,True,True,513,6545
603296.SH,华勤技术,Success,True,True,513,6545
600186.SH,莲花控股,Success,True,True,513,6545
688515.SH,裕太微-U,Success,True,True,513,6545
603611.SH,诺力股份,Success,True,True,513,6545
601369.SH,陕鼓动力,Success,True,True,513,6545
688561.SH,奇安信-U,Success,True,True,513,6545
603665.SH,康隆达,Success,True,True,513,6545
600858.SH,银座股份,Success,True,True,513,6546
605133.SH,嵘泰股份,Success,True,True,513,6546
688396.SH,华润微,Success,True,True,513,6546
603938.SH,三孚股份,Success,True,True,513,6546
603489.SH,八方股份,Success,True,True,513,6546
603092.SH,德力佳,Success,True,True,67,6546
600771.SH,广誉远,Success,True,True,513,6546
688765.SH,禾元生物-U,Success,True,True,75,6546
605337.SH,李子园,Success,True,True,513,6546
600382.SH,广东明珠,Success,True,True,513,6546
688711.SH,宏微科技,Success,True,True,513,6546
603178.SH,圣龙股份,Success,True,True,513,6546
688667.SH,菱电电控,Success,True,True,513,6546
603517.SH,ST绝味,Success,True,True,513,6546
600280.SH,中央商场,Success,True,True,513,6546
688208.SH,道通科技,Success,True,True,513,6546
688613.SH,奥精医疗,Success,True,True,513,6546
603190.SH,亚通精工,Success,True,True,513,6546
600673.SH,东阳光,Success,True,True,513,6546
600268.SH,国电南自,Success,True,True,513,6546
688776.SH,国光电气,Success,True,True,513,6546
603069.SH,海汽集团,Success,True,True,513,6546
600391.SH,航发科技,Success,True,True,513,6546
688319.SH,欧林生物,Success,True,True,513,6546
688702.SH,盛科通信-U,Success,True,True,513,6546
603406.SH,天富龙,Success,True,True,126,6546
688385.SH,复旦微电,Success,True,True,513,6546
600716.SH,凤凰股份,Success,True,True,513,6546
603081.SH,大丰实业,Success,True,True,513,6546
600379.SH,宝光股份,Success,True,True,513,6546
603598.SH,引力传媒,Success,True,True,513,6546
603183.SH,建研院,Success,True,True,513,6546
688287.SH,*ST观典,Success,True,True,513,6546
603829.SH,洛凯股份,Success,True,True,513,6546
600660.SH,福耀玻璃,Success,True,True,513,6546
600293.SH,三峡新材,Success,True,True,513,6546
600688.SH,上海石化,Success,True,True,513,6546
601008.SH,连云港,Success,True,True,513,6546
688600.SH,皖仪科技,Success,True,True,513,6546
603387.SH,基蛋生物,Success,True,True,513,6546
688083.SH,中望软件,Success,True,True,513,6546
688498.SH,源杰科技,Success,True,True,513,6546
600410.SH,华胜天成,Success,True,True,513,6546
603700.SH,宁水集团,Success,True,True,513,6546
605056.SH,咸亨国际,Success,True,True,513,6546
600097.SH,开创国际,Success,True,True,513,6546
600195.SH,中牧股份,Success,True,True,513,6546
688506.SH,百利天恒,Success,True,True,513,6546
603602.SH,纵横通信,Success,True,True,513,6546
603219.SH,富佳股份,Success,True,True,513,6546
688169.SH,石头科技,Success,True,True,513,6546
603676.SH,卫信康,Success,True,True,513,6546
600566.SH,济川药业,Success,True,True,513,6546
688181.SH,八亿时空,Success,True,True,513,6546
601789.SH,宁波建工,Success,True,True,513,6546
600109.SH,国金证券,Success,True,True,513,6546
600512.SH,腾达建设,Success,True,True,513,6546
603285.SH,键邦股份,Success,True,True,392,6546
601918.SH,新集能源,Success,True,True,513,6546
600229.SH,城市传媒,Success,True,True,513,6546
603556.SH,海兴电力,Success,True,True,513,6547
688652.SH,京仪装备,Success,True,True,513,6547
688249.SH,晶合集成,Success,True,True,513,6547
603139.SH,康惠股份,Success,True,True,513,6547
688626.SH,翔宇医疗,Success,True,True,513,6547
603893.SH,瑞芯微,Success,True,True,513,6547
688750.SH,金天钛业,Success,True,True,301,6547
601158.SH,重庆水务,Success,True,True,513,6547
603991.SH,至正股份,Success,True,True,513,6547
601886.SH,江河集团,Success,True,True,513,6547
605376.SH,博迁新材,Success,True,True,513,6547
600730.SH,中国高科,Success,True,True,513,6547
603979.SH,金诚信,Success,True,True,513,6547
600744.SH,华银电力,Success,True,True,513,6547
688520.SH,神州细胞,Success,True,True,513,6547
601328.SH,交通银行,Success,True,True,513,6547
600819.SH,耀皮玻璃,Success,True,True,513,6547
603650.SH,彤程新材,Success,True,True,513,6547
600540.SH,新赛股份,Success,True,True,513,6547
600885.SH,宏发股份,Success,True,True,513,6547
605098.SH,行动教育,Success,True,True,513,6547
600059.SH,古越龙山,Success,True,True,513,6547
600987.SH,航民股份,Success,True,True,513,6547
600436.SH,片仔癀,Success,True,True,513,6547
603726.SH,朗迪集团,Success,True,True,513,6547
688039.SH,当虹科技,Success,True,True,513,6547
688456.SH,有研粉材,Success,True,True,513,6547
600148.SH,长春一东,Success,True,True,513,6547
605189.SH,富春染织,Success,True,True,513,6547
600527.SH,江南高纤,Success,True,True,513,6547
688128.SH,中国电研,Success,True,True,513,6547
688533.SH,上声电子,Success,True,True,513,6547
603637.SH,镇海股份,Success,True,True,513,6547
603258.SH,电魂网络,Success,True,True,513,6547
600908.SH,无锡银行,Success,True,True,513,6547
600425.SH,青松建化,Success,True,True,513,6547
601997.SH,贵阳银行,Success,True,True,513,6547
603880.SH,南卫股份,Success,True,True,513,6547
600621.SH,华鑫股份,Success,True,True,513,6547
603868.SH,飞科电器,Success,True,True,513,6547
600655.SH,豫园股份,Success,True,True,513,6547
600338.SH,西藏珠峰,Success,True,True,513,6547
600757.SH,长江传媒,Success,True,True,513,6547
688358.SH,祥生医疗,Success,True,True,513,6547
603982.SH,泉峰汽车,Success,True,True,513,6547
688737.SH,中自科技,Success,True,True,513,6547
603028.SH,赛福天,Success,True,True,513,6547
605365.SH,立达信,Success,True,True,513,6547
688177.SH,百奥泰,Success,True,True,513,6547
603668.SH,天马科技,Success,True,True,513,6547
603273.SH,天元智能,Success,True,True,513,6547
600855.SH,航天长峰,Success,True,True,513,6547
600590.SH,泰豪科技,Success,True,True,513,6547
688518.SH,联赢激光,Success,True,True,513,6547
688103.SH,国力电子,Success,True,True,513,6547
603207.SH,小方制药,Success,True,True,356,6547
600821.SH,金开新能,Success,True,True,513,6547
688584.SH,上海合晶,Success,True,True,486,6547
600117.SH,西宁特钢,Success,True,True,513,6547
603680.SH,今创集团,Success,True,True,513,6547
600163.SH,中闽能源,Success,True,True,513,6548
600578.SH,京能电力,Success,True,True,513,6547
603399.SH,永杉锂业,Success,True,True,513,6548
688486.SH,龙迅股份,Success,True,True,513,6547
600015.SH,华夏银行,Success,True,True,513,6548
600061.SH,国投资本,Success,True,True,513,6547
688075.SH,安旭生物,Success,True,True,513,6548
603305.SH,旭升集团,Success,True,True,513,6548
600089.SH,特变电工,Success,True,True,513,6548
601212.SH,白银有色,Success,True,True,513,6548
688001.SH,华兴源创,Success,True,True,513,6548
601609.SH,金田股份,Success,True,True,513,6548
603843.SH,*ST正平,Success,True,True,513,6548
600265.SH,ST景谷,Success,True,True,513,6548
603586.SH,金麒麟,Success,True,True,513,6548
688682.SH,霍莱沃,Success,True,True,513,6548
688299.SH,长阳科技,Success,True,True,513,6548
600211.SH,西藏药业,Success,True,True,513,6548
603101.SH,汇嘉时代,Success,True,True,513,6548
600696.SH,*ST岩石,Success,True,True,513,6548
601016.SH,节能风电,Success,True,True,513,6548
688205.SH,德科立,Success,True,True,513,6548
603175.SH,超颖电子,Success,True,True,77,6548
688271.SH,联影医疗,Success,True,True,513,6548
600794.SH,保税科技,Success,True,True,513,6548
688307.SH,中润光学,Success,True,True,513,6548
603418.SH,友升股份,Success,True,True,94,6548
688373.SH,盟科药业-U,Success,True,True,513,6548
688768.SH,容知日新,Success,True,True,513,6548
603077.SH,和邦生物,Success,True,True,513,6548
600367.SH,红星发展,Success,True,True,513,6548
601188.SH,龙江交通,Success,True,True,513,6548
600708.SH,光明地产,Success,True,True,513,6548
600313.SH,农发种业,Success,True,True,513,6548
603112.SH,华翔股份,Success,True,True,513,6548
600685.SH,中船防务,Success,True,True,513,6548
601005.SH,重庆钢铁,Success,True,True,513,6548
688216.SH,气派科技,Success,True,True,513,6548
603166.SH,福达股份,Success,True,True,513,6548
688262.SH,国芯科技,Success,True,True,513,6548
688679.SH,通源环境,Success,True,True,513,6548
600276.SH,恒瑞医药,Success,True,True,513,6548
601933.SH,永辉超市,Success,True,True,513,6548
603595.SH,ST东尼,Success,True,True,513,6548
601099.SH,太平洋,Success,True,True,513,6548
688691.SH,灿芯股份,Success,True,True,449,6548
600619.SH,海立股份,Success,True,True,513,6548
600202.SH,哈空调,Success,True,True,513,6548
688793.SH,倍轻松,Success,True,True,513,6548
603926.SH,铁流股份,Success,True,True,513,6548
688388.SH,嘉元科技,Success,True,True,513,6548
600300.SH,维维股份,Success,True,True,513,6548
600787.SH,中储股份,Success,True,True,513,6548
601107.SH,四川成渝,Success,True,True,513,6548
688314.SH,康拓医疗,Success,True,True,513,6548
603010.SH,万盛股份,Success,True,True,513,6548
688360.SH,德马科技,Success,True,True,513,6548
601568.SH,北元集团,Success,True,True,513,6548
688597.SH,煜邦电力,Success,True,True,513,6548
600104.SH,上汽集团,Success,True,True,513,6548
603288.SH,海天味业,Success,True,True,513,6548
603693.SH,江苏新能,Success,True,True,513,6548
600170.SH,上海建工,Success,True,True,513,6548
601377.SH,兴业证券,Success,True,True,513,6548
603260.SH,合盛硅业,Success,True,True,513,6548
600846.SH,同济科技,Success,True,True,513,6548
600583.SH,海油工程,Success,True,True,513,6548
600198.SH,大唐电信,Success,True,True,513,6548
688110.SH,东芯股份,Success,True,True,513,6548
601718.SH,际华集团,Success,True,True,513,6548
603214.SH,爱婴室,Success,True,True,513,6549
603779.SH,威龙股份,Success,True,True,513,6549
688066.SH,航天宏图,Success,True,True,513,6549
603316.SH,诚邦股份,Success,True,True,513,6548
600930.SH,XD华电新,Success,True,True,143,6549
600481.SH,双良节能,Success,True,True,513,6549
688409.SH,富创精密,Success,True,True,513,6549
688012.SH,中微公司,Success,True,True,513,6549
601686.SH,友发集团,Success,True,True,513,6549
600006.SH,东风股份,Success,True,True,513,6549
600072.SH,中船科技,Success,True,True,513,6549
600469.SH,风神股份,Success,True,True,513,6549
600352.SH,浙江龙盛,Success,True,True,513,6549
600749.SH,西藏旅游,Success,True,True,513,6549
603900.SH,莱绅通灵,Success,True,True,513,6549
600326.SH,西藏天路,Success,True,True,513,6549
601121.SH,宝地矿业,Success,True,True,513,6549
688729.SH,屹唐股份,Success,True,True,149,6549
688332.SH,中科蓝讯,Success,True,True,513,6549
603036.SH,如通股份,Success,True,True,513,6549
601155.SH,新城控股,Success,True,True,513,6549
603042.SH,华脉科技,Success,True,True,513,6549
688230.SH,芯导科技,Success,True,True,513,6549
688244.SH,永信至诚,Success,True,True,513,6549
603876.SH,鼎胜新材,Success,True,True,513,6549
600250.SH,南京商旅,Success,True,True,513,6549
603344.SH,星德胜,Success,True,True,463,6549
600962.SH,国投中鲁,Success,True,True,513,6549
605009.SH,豪悦护理,Success,True,True,513,6549
603330.SH,天洋新材,Success,True,True,513,6549
600916.SH,中国黄金,Success,True,True,513,6549
600020.SH,中原高速,Success,True,True,513,6549
600054.SH,黄山旅游,Success,True,True,513,6549
600539.SH,狮头股份,Success,True,True,513,6549
600888.SH,新疆众和,Success,True,True,513,6549
688800.SH,瑞可达,Success,True,True,513,6549
600156.SH,华升股份,Success,True,True,513,6549
688559.SH,海目星,Success,True,True,513,6549
600860.SH,京城股份,Success,True,True,513,6549
688136.SH,科兴制药,Success,True,True,513,6549
603232.SH,格尔软件,Success,True,True,513,6549
603629.SH,利通电子,Success,True,True,513,6549
600814.SH,杭州解百,Success,True,True,513,6549
600999.SH,招商证券,Success,True,True,513,6549
600428.SH,中远海特,Success,True,True,513,6549
600033.SH,福建高速,Success,True,True,513,6549
605086.SH,龙高股份,Success,True,True,513,6549
603357.SH,设计总院,Success,True,True,513,6549
600971.SH,恒源煤电,Success,True,True,513,6549
688053.SH,ST思科瑞,Success,True,True,513,6549
688448.SH,磁谷科技,Success,True,True,513,6549
603323.SH,苏农银行,Success,True,True,513,6549
603738.SH,泰晶科技,Success,True,True,513,6549
600905.SH,三峡能源,Success,True,True,513,6549
688027.SH,国盾量子,Success,True,True,513,6549
688151.SH,华强科技,Success,True,True,513,6549
603255.SH,鼎际得,Success,True,True,513,6549
600873.SH,梅花生物,Success,True,True,513,6549
605118.SH,力鼎光电,Success,True,True,513,6549
601336.SH,新华保险,Success,True,True,513,6549
688125.SH,安达智能,Success,True,True,513,6550
603221.SH,爱丽家居,Success,True,True,513,6550
605577.SH,龙版传媒,Success,True,True,513,6550
600807.SH,济高发展,Success,True,True,513,6550
600131.SH,国网信通,Success,True,True,513,6550
688321.SH,微芯生物,Success,True,True,513,6550
603025.SH,大豪科技,Success,True,True,513,6550
601898.SH,中煤能源,Success,True,True,513,6550
605368.SH,蓝天燃气,Success,True,True,513,6550
688355.SH,明志科技,Success,True,True,513,6549
603051.SH,鹿山新材,Success,True,True,513,6550
603967.SH,中创物流,Success,True,True,513,6550
600335.SH,国机汽车,Success,True,True,513,6550
600243.SH,*ST海华,Success,True,True,513,6550
600658.SH,电子城,Success,True,True,513,6550
603811.SH,诚意药业,Success,True,True,513,6550
600237.SH,铜峰电子,Success,True,True,513,6550
603127.SH,昭衍新药,Success,True,True,513,6550
688638.SH,誉辰智能,Success,True,True,513,6550
688223.SH,晶科能源,Success,True,True,513,6550
603153.SH,上海建科,Success,True,True,513,6550
688257.SH,新锐股份,Success,True,True,513,6550
600055.SH,万东医疗,Success,True,True,513,6550
600021.SH,上海电力,Success,True,True,513,6550
600917.SH,重庆燃气,Success,True,True,513,6550
603331.SH,百达精工,Success,True,True,513,6550
688035.SH,德邦科技,Success,True,True,513,6550
601226.SH,华电科工,Success,True,True,513,6550
600963.SH,岳阳林纸,Success,True,True,513,6550
605008.SH,长鸿高科,Success,True,True,513,6550
603345.SH,安井食品,Success,True,True,513,6550
688041.SH,海光信息,Success,True,True,513,6550
688137.SH,近岸蛋白,Success,True,True,513,6550
600815.SH,厦工股份,Success,True,True,513,6550
603628.SH,清源股份,Success,True,True,513,6550
603233.SH,大参林,Success,True,True,513,6550
688558.SH,国盛智科,Success,True,True,513,6550
688143.SH,长盈通,Success,True,True,513,6550
600861.SH,北京人力,Success,True,True,513,6550
600157.SH,永泰能源,Success,True,True,513,6550
605196.SH,华通线缆,Success,True,True,513,6550
600123.SH,兰花科创,Success,True,True,513,6550
600538.SH,国发股份,Success,True,True,513,6550
600889.SH,南京化纤,Success,True,True,513,6550
688347.SH,华虹公司,Success,True,True,513,6550
603043.SH,广州酒家,Success,True,True,513,6550
603458.SH,勘设股份,Success,True,True,513,6550
688333.SH,铂力特,Success,True,True,513,6550
688728.SH,格科微,Success,True,True,513,6550
603037.SH,凯众股份,Success,True,True,513,6550
600327.SH,大东方,Success,True,True,513,6550
603901.SH,永创智能,Success,True,True,513,6550
601816.SH,京沪高铁,Success,True,True,513,6550
600748.SH,上实发展,Success,True,True,513,6550
600353.SH,旭光电子,Success,True,True,513,6550
603803.SH,瑞斯康达,Success,True,True,513,6550
600251.SH,冠农股份,Success,True,True,513,6550
603877.SH,太平鸟,Success,True,True,513,6550
603135.SH,中重科技,Success,True,True,513,6550
601988.SH,中国银行,Success,True,True,513,6550
688231.SH,隆达股份,Success,True,True,513,6550
601022.SH,宁波远洋,Success,True,True,513,6550
603912.SH,佳力图,Success,True,True,513,6550
600340.SH,华夏幸福,Success,True,True,513,6550
603966.SH,法兰泰克,Success,True,True,513,6550
603050.SH,科林电气,Success,True,True,513,6551
601528.SH,瑞丰银行,Success,True,True,513,6550
688320.SH,禾川科技,Success,True,True,513,6550
601133.SH,柏诚股份,Success,True,True,513,6551
605369.SH,拱东医疗,Success,True,True,513,6550
601899.SH,紫金矿业,Success,True,True,513,6551
688256.SH,寒武纪-U,Success,True,True,513,6551
603126.SH,中材节能,Success,True,True,513,6551
688222.SH,成都先导,Success,True,True,513,6551
688639.SH,华恒生物,Success,True,True,513,6551
600236.SH,桂冠电力,Success,True,True,513,6551
603810.SH,丰山集团,Success,True,True,513,6551
603739.SH,蔚蓝生物,Success,True,True,513,6551
603322.SH,超讯通信,Success,True,True,513,6551
688026.SH,洁特生物,Success,True,True,513,6551
600970.SH,中材国际,Success,True,True,513,6551
603356.SH,华菱精工,Success,True,True,513,6551
688449.SH,联芸科技,Success,True,True,294,6551
688052.SH,纳芯微,Success,True,True,513,6551
600998.SH,九州通,Success,True,True,513,6551
600032.SH,浙江新能,Success,True,True,513,6551
600429.SH,三元股份,Success,True,True,513,6551
600130.SH,*ST波导,Success,True,True,513,6551
603220.SH,中贝通信,Success,True,True,513,6551
688150.SH,莱特光电,Success,True,True,513,6551
600872.SH,中炬高新,Success,True,True,513,6551
688270.SH,臻镭科技,Success,True,True,513,6551
603100.SH,川仪股份,Success,True,True,513,6551
600697.SH,欧亚集团,Success,True,True,513,6551
603587.SH,地素时尚,Success,True,True,513,6551
601921.SH,浙版传媒,Success,True,True,513,6551
600210.SH,紫江企业,Success,True,True,513,6551
688298.SH,东方生物,Success,True,True,513,6551
603836.SH,海程邦达,Success,True,True,513,6551
688683.SH,莱尔科技,Success,True,True,513,6551
600312.SH,平高电气,Success,True,True,513,6551
600366.SH,宁波韵升,Success,True,True,513,6551
601857.SH,中国石油,Success,True,True,513,6551
688372.SH,伟测科技,Success,True,True,513,6551
603076.SH,乐惠国际,Success,True,True,513,6551
688306.SH,均普智能,Success,True,True,513,6551
600795.SH,国电电力,Success,True,True,513,6551
603002.SH,宏昌电子,Success,True,True,513,6551
600579.SH,中化装备,Success,True,True,513,6551
600162.SH,香江控股,Success,True,True,513,6551
600116.SH,三峡水利,Success,True,True,513,6551
688585.SH,上纬新材,Success,True,True,513,6551
603681.SH,永冠新材,Success,True,True,513,6551
688102.SH,斯瑞新材,Success,True,True,513,6551
688519.SH,南亚新材,Success,True,True,513,6551
601311.SH,骆驼股份,Success,True,True,513,6551
600820.SH,隧道股份,Success,True,True,513,6551
603206.SH,嘉环科技,Success,True,True,513,6551
688176.SH,亚虹医药-U,Success,True,True,513,6551
600854.SH,春兰股份,Success,True,True,513,6551
603272.SH,联翔股份,Success,True,True,513,6551
603669.SH,灵康药业,Success,True,True,513,6551
601608.SH,中信重工,Success,True,True,513,6551
600088.SH,中视传媒,Success,True,True,513,6551
600493.SH,凤竹纺织,Success,True,True,513,6551
600956.SH,新天绿能,Success,True,True,513,6551
603370.SH,华新精科,Success,True,True,106,6551
600060.SH,海信视像,Success,True,True,513,6551
603398.SH,*ST沐邦,Success,True,True,513,6551
688111.SH,金山办公,Success,True,True,513,6551
600199.SH,金种子酒,Success,True,True,513,6552
600582.SH,天地科技,Success,True,True,513,6552
605158.SH,华达新材,Success,True,True,513,6552
600833.SH,第一医药,Success,True,True,513,6552
603215.SH,比依股份,Success,True,True,513,6552
688165.SH,埃夫特-U,Success,True,True,513,6552
600847.SH,万里股份,Success,True,True,513,6552
603261.SH,*ST立航,Success,True,True,513,6552
600171.SH,上海贝岭,Success,True,True,513,6552
600105.SH,永鼎股份,Success,True,True,513,6552
688596.SH,正帆科技,Success,True,True,513,6552
603289.SH,泰瑞机器,Success,True,True,513,6552
600468.SH,百利电气,Success,True,True,513,6552
600073.SH,光明肉业,Success,True,True,513,6552
603790.SH,雅运股份,Success,True,True,513,6552
600007.SH,中国国贸,Success,True,True,513,6552
603317.SH,天味食品,Success,True,True,513,6552
688013.SH,天臣医疗,Success,True,True,513,6552
688408.SH,中信博,Success,True,True,513,6552
601200.SH,上海环境,Success,True,True,513,6552
600480.SH,凌云股份,Success,True,True,513,6552
603363.SH,傲农生物,Success,True,True,513,6552
603778.SH,国晟科技,Success,True,True,513,6552
688067.SH,爱威科技,Success,True,True,513,6552
600203.SH,福日电子,Success,True,True,513,6552
600618.SH,氯碱化工,Success,True,True,513,6552
601098.SH,中南传媒,Success,True,True,513,6552
603825.SH,ST华扬,Success,True,True,513,6552
688690.SH,纳微科技,Success,True,True,513,6552
603167.SH,渤海轮渡,Success,True,True,513,6552
688678.SH,福立旺,Success,True,True,513,6552
603508.SH,思维列控,Success,True,True,513,6070
603113.SH,金能科技,Success,True,True,513,6552
688217.SH,睿昂基因,Success,True,True,513,6552
600684.SH,珠江股份,Success,True,True,513,6552
688361.SH,中科飞测,Success,True,True,513,6552
603065.SH,宿迁联盛,Success,True,True,513,6552
688315.SH,诺禾致源,Success,True,True,513,6552
601106.SH,中国一重,Success,True,True,513,6552
603011.SH,合锻智能,Success,True,True,513,6552
600301.SH,华锡有色,Success,True,True,513,6552
688389.SH,普门科技,Success,True,True,513,6552
603927.SH,中科软,Success,True,True,513,6552
603496.SH,恒为科技,Success,True,True,513,6552
600375.SH,汉马科技,Success,True,True,513,6552
600535.SH,天士力,Success,True,True,513,6552
600884.SH,杉杉股份,Success,True,True,513,6552
605580.SH,恒盛能源,Success,True,True,513,6552
688521.SH,芯原股份,Success,True,True,513,6552
600818.SH,中路股份,Success,True,True,513,6552
605005.SH,合兴股份,Success,True,True,513,6552
603348.SH,文灿股份,Success,True,True,513,6552
603727.SH,博迈科,Success,True,True,513,6552
688038.SH,中科通达,Success,True,True,513,6552
600986.SH,浙文互联,Success,True,True,513,6552
605099.SH,共创草坪,Success,True,True,513,6552
600058.SH,五矿发展,Success,True,True,513,4624
603138.SH,海量数据,Success,True,True,513,6552
601985.SH,中国核电,Success,True,True,513,6552
688627.SH,精智达,Success,True,True,513,6552
603557.SH,ST起步,Success,True,True,513,6552
688248.SH,南网科技,Success,True,True,513,6553
688653.SH,康希通信,Success,True,True,513,6553
601919.SH,中远海控,Success,True,True,513,6553
600633.SH,浙数文化,Success,True,True,513,6552
600228.SH,*ST返利,Success,True,True,513,6552
600745.SH,闻泰科技,Success,True,True,513,6553
603978.SH,深圳新星,Success,True,True,513,6553
600731.SH,湖南海利,Success,True,True,513,6553
603990.SH,麦迪科技,Success,True,True,513,6553
605377.SH,华旺科技,Success,True,True,513,6553
603421.SH,鼎信通讯,Success,True,True,513,6553
605303.SH,园林股份,Success,True,True,513,6553
600654.SH,中安科,Success,True,True,513,6553
603869.SH,ST智知,Success,True,True,513,6553
600620.SH,天宸股份,Success,True,True,513,6553
605266.SH,健之佳,Success,True,True,513,6553
601996.SH,丰林集团,Success,True,True,513,6553
603530.SH,神马电力,Success,True,True,513,6553
603881.SH,数据港,Success,True,True,513,6553
603983.SH,丸美生物,Success,True,True,513,6553
603029.SH,天鹅股份,Success,True,True,513,6553
688359.SH,三孚新科,Success,True,True,513,6553
600756.SH,浪潮软件,Success,True,True,513,6553
600722.SH,金牛化工,Success,True,True,513,6553
600339.SH,中油工程,Success,True,True,513,6553
601808.SH,中海油服,Success,True,True,513,6553
603259.SH,药明康德,Success,True,True,513,6553
688129.SH,东来技术,Success,True,True,513,6553
603636.SH,南威软件,Success,True,True,513,6553
600526.SH,菲达环保,Success,True,True,513,6553
600897.SH,厦门空港,Success,True,True,513,6553
600149.SH,廊坊发展,Success,True,True,513,6553
600552.SH,凯盛科技,Success,True,True,513,6553
605188.SH,国光连锁,Success,True,True,513,6553
600995.SH,南网储能,Success,True,True,513,6553
605016.SH,百龙创园,Success,True,True,513,6553
600909.SH,华安证券,Success,True,True,513,6553
688981.SH,中芯国际,Success,True,True,513,6553
601238.SH,广汽集团,Success,True,True,513,6553
601118.SH,海南橡胶,Success,True,True,513,6553
688710.SH,益诺思,Success,True,True,350,6553
600798.SH,宁波海运,Success,True,True,513,6553
600383.SH,金地集团,Success,True,True,513,6553
601577.SH,长沙银行,Success,True,True,513,6553
605336.SH,帅丰电器,Success,True,True,513,6553
600770.SH,综艺股份,Success,True,True,513,6553
600704.SH,物产中大,Success,True,True,513,6553
603939.SH,益丰药房,Success,True,True,513,6553
603093.SH,南华期货,Success,True,True,513,6553
603488.SH,展鹏科技,Success,True,True,513,6553
601958.SH,金钼股份,Success,True,True,513,6553
600269.SH,赣粤高速,Success,True,True,513,6553
603191.SH,望变电气,Success,True,True,513,6553
600606.SH,绿地控股,Success,True,True,513,6553
601086.SH,国芳集团,Success,True,True,513,6553
688295.SH,中复神鹰,Success,True,True,513,6553
603516.SH,淳中科技,Success,True,True,513,6553
688612.SH,威迈斯,Success,True,True,513,6553
688209.SH,英集芯,Success,True,True,513,6553
600281.SH,华阳新材,Success,True,True,513,6553
603179.SH,新泉股份,Success,True,True,513,6553
603395.SH,红四方,Success,True,True,297,6553
600019.SH,宝钢股份,Success,True,True,513,6553
688091.SH,上海谊众,Success,True,True,513,6553
601699.SH,潞安环能,Success,True,True,513,6553
600476.SH,湘邮科技,Success,True,True,513,6553
603766.SH,隆鑫通用,Success,True,True,513,6553
688079.SH,美迪凯,Success,True,True,513,6553
603309.SH,维力医疗,Success,True,True,513,6553
603712.SH,七一二,Success,True,True,513,6554
688416.SH,恒烁股份,Success,True,True,513,6554
600085.SH,同仁堂,Success,True,True,513,6554
601368.SH,绿城水务,Success,True,True,513,6554
688560.SH,明冠新材,Success,True,True,513,6554
600859.SH,王府井,Success,True,True,513,6554
600187.SH,国中水务,Success,True,True,513,6554
603610.SH,麒盛科技,Success,True,True,513,6554
600500.SH,中化国际,Success,True,True,513,6554
688588.SH,凌志软件,Success,True,True,513,6554
688193.SH,仁度生物,Success,True,True,513,6554
603297.SH,永新光学,Success,True,True,513,6554
601279.SH,英利汽车,Success,True,True,513,6554
603701.SH,德宏股份,Success,True,True,513,6554
601616.SH,广电电气,Success,True,True,513,6554
600096.SH,云天化,Success,True,True,513,6554
603386.SH,骏亚科技,Success,True,True,513,6554
688499.SH,利元亨,Success,True,True,513,6554
688082.SH,盛美上海,Success,True,True,513,6554
600513.SH,联环药业,Success,True,True,513,6554
600108.SH,亚盛集团,Success,True,True,513,6554
688180.SH,君实生物-U,Success,True,True,513,6554
601788.SH,光大证券,Success,True,True,513,6554
603284.SH,C林平,Success,True,True,2,288
600567.SH,山鹰国际,Success,True,True,513,6554
688168.SH,安博通,Success,True,True,513,6554
688573.SH,信宇人,Success,True,True,513,6554
603677.SH,奇精机械,Success,True,True,513,6554
688507.SH,索辰科技,Success,True,True,513,6554
605155.SH,西大门,Success,True,True,513,6554
603218.SH,日月股份,Success,True,True,513,6554
600378.SH,昊华科技,Success,True,True,513,6554
600763.SH,通策医疗,Success,True,True,513,6554
600717.SH,天津港,Success,True,True,513,6554
603080.SH,新疆火炬,Success,True,True,513,6554
688318.SH,财富趋势,Success,True,True,513,6554
600390.SH,五矿资本,Success,True,True,513,6554
688777.SH,中控技术,Success,True,True,513,6554
603068.SH,博通集成,Success,True,True,513,6554
603505.SH,金石资源,Success,True,True,513,6554
601009.SH,南京银行,Success,True,True,513,6554
688601.SH,力芯微,Success,True,True,513,6554
600689.SH,上海三毛,Success,True,True,513,6554
600292.SH,电投水电,Success,True,True,513,6554
600661.SH,昂立教育,Success,True,True,513,6554
603182.SH,嘉华股份,Success,True,True,513,6554
603599.SH,广信股份,Success,True,True,513,6554
600615.SH,鑫源智造,Success,True,True,513,6554
603828.SH,ST柯利达,Success,True,True,513,5349
688286.SH,敏芯股份,Success,True,True,513,6554
600750.SH,华润江中,Success,True,True,513,6554
600724.SH,宁波富达,Success,True,True,513,6554
603919.SH,金徽酒,Success,True,True,513,6554
601138.SH,工业富联,Success,True,True,513,6554
603985.SH,恒润股份,Success,True,True,513,6554
603536.SH,惠发食品,Success,True,True,513,6554
601990.SH,南京证券,Success,True,True,513,6554
688229.SH,博睿数据,Success,True,True,513,6554
603887.SH,城地香江,Success,True,True,513,6554
603159.SH,上海亚虹,Success,True,True,513,6554
688646.SH,ST逸飞,Success,True,True,513,6555
605288.SH,凯迪股份,Success,True,True,513,6555
600249.SH,两面针,Success,True,True,513,6554
600626.SH,申达股份,Success,True,True,513,6554
688059.SH,华锐精密,Success,True,True,513,6555
603329.SH,上海雅仕,Success,True,True,513,6554
600993.SH,马应龙,Success,True,True,513,6555
600039.SH,四川路桥,Success,True,True,513,6555
600422.SH,昆药集团,Success,True,True,513,6555
600456.SH,宝钛股份,Success,True,True,513,6555
600520.SH,三佳科技,Success,True,True,513,6555
688819.SH,天能股份,Success,True,True,513,6555
600879.SH,航天电子,Success,True,True,513,6555
601727.SH,上海电气,Success,True,True,513,6555
605166.SH,聚合顺,Success,True,True,513,6555
603630.SH,拉芳家化,Success,True,True,513,6555
600980.SH,北矿科技,Success,True,True,513,6555
600968.SH,海油发展,Success,True,True,513,6555
605003.SH,众望布艺,Success,True,True,513,6555
603755.SH,日辰股份,Success,True,True,513,6555
605077.SH,华康股份,Success,True,True,513,6555
603721.SH,*ST天择,Success,True,True,513,6555
601636.SH,旗滨集团,Success,True,True,513,6555
688425.SH,铁建重工,Success,True,True,513,6555
688553.SH,汇宇制药-W,Success,True,True,513,6555
688148.SH,芳源股份,Success,True,True,513,6555
603657.SH,春光科技,Success,True,True,513,6555
603238.SH,诺邦股份,Success,True,True,513,6555
600128.SH,苏豪弘业,Success,True,True,513,6555
600533.SH,栖霞建设,Success,True,True,513,6555
600882.SH,妙可蓝多,Success,True,True,513,6555
600547.SH,山东黄金,Success,True,True,513,6555
688338.SH,赛科希德,Success,True,True,513,6555
601881.SH,中国银河,Success,True,True,513,6555
688757.SH,胜科纳米,Success,True,True,219,6555
605305.SH,中际联合,Success,True,True,513,6555
603048.SH,浙江黎明,Success,True,True,513,6555
600743.SH,华远控股,Success,True,True,513,6555
600358.SH,ST联合,Success,True,True,513,6555
601869.SH,长飞光纤,Success,True,True,513,6555
605399.SH,晨光新材,Success,True,True,513,6555
600737.SH,中粮糖业,Success,True,True,513,6555
600641.SH,先导基电,Success,True,True,513,6555
600635.SH,大众公用,Success,True,True,513,6555
603808.SH,歌力思,Success,True,True,513,6555
688621.SH,阳光诺和,Success,True,True,513,6555
603551.SH,奥普科技,Success,True,True,513,6555
688655.SH,迅捷兴,Success,True,True,513,6555
688575.SH,亚辉龙,Success,True,True,513,6555
601766.SH,中国中车,Success,True,True,513,6555
688501.SH,青达环保,Success,True,True,513,6555
600192.SH,长城电工,Success,True,True,513,6555
600589.SH,大位科技,Success,True,True,513,6555
600838.SH,上海九百,Success,True,True,513,6555
603605.SH,珀莱雅,Success,True,True,513,6555
600515.SH,海南机场,Success,True,True,513,6555
688186.SH,广大特材,Success,True,True,513,6555
603699.SH,纽威股份,Success,True,True,513,6555
603282.SH,亚光股份,Success,True,True,513,6555
600561.SH,江西长运,Success,True,True,513,6555
603380.SH,易德龙,Success,True,True,513,6555
688084.SH,晶品特装,Success,True,True,513,6555
600463.SH,空港股份,Success,True,True,513,6555
600078.SH,澄星股份,Success,True,True,513,6555
603368.SH,柳药集团,Success,True,True,513,6555
603773.SH,沃格光电,Success,True,True,513,6555
603707.SH,健友股份,Success,True,True,513,6555
688018.SH,乐鑫科技,Success,True,True,513,6555
688403.SH,汇成股份,Success,True,True,513,6555
600667.SH,太极实业,Success,True,True,513,6555
601939.SH,建设银行,Success,True,True,513,6556
600208.SH,衢州发展,Success,True,True,513,6556
600613.SH,神奇制药,Success,True,True,513,6556
688280.SH,精进电动-UW,Success,True,True,513,6556
605255.SH,天普股份,Success,True,True,513,5351
603118.SH,共进股份,Success,True,True,513,6556
688607.SH,康众医疗,Success,True,True,513,6556
603577.SH,汇金通,Success,True,True,513,6556
688268.SH,华特气体,Success,True,True,513,6556
600396.SH,华电辽能,Success,True,True,513,6556
601179.SH,中国西电,Success,True,True,513,6556
600765.SH,中航重机,Success,True,True,513,6556
603958.SH,哈森股份,Success,True,True,503,6556
600711.SH,盛屯矿业,Success,True,True,513,6556
688382.SH,益方生物-U,Success,True,True,513,6556
688799.SH,华纳药厂,Success,True,True,513,6556
603086.SH,先达股份,Success,True,True,513,6556
600287.SH,苏豪时尚,Success,True,True,513,6556
688660.SH,电气风电,Success,True,True,513,6556
601068.SH,中铝国际,Success,True,True,513,6556
600674.SH,川投能源,Success,True,True,513,6556
603197.SH,保隆科技,Success,True,True,513,6556
600600.SH,青岛啤酒,Success,True,True,513,6556
688293.SH,奥浦迈,Success,True,True,513,6556
600776.SH,东方通信,Success,True,True,513,6556
600319.SH,亚星化学,Success,True,True,513,6556
600702.SH,舍得酒业,Success,True,True,513,6556
601599.SH,浙文影业,Success,True,True,513,6556
688391.SH,钜泉科技,Success,True,True,513,6556
603095.SH,越剑智能,Success,True,True,513,6556
601828.SH,美凯龙,Success,True,True,513,6556
688716.SH,中研股份,Success,True,True,513,6556
603009.SH,北特科技,Success,True,True,513,6556
688379.SH,华光新材,Success,True,True,513,6556
603466.SH,风语筑,Success,True,True,513,6556
600506.SH,统一股份,Success,True,True,513,6556
688195.SH,腾景科技,Success,True,True,513,6556
603291.SH,联合水务,Success,True,True,513,6556
600572.SH,康恩贝,Success,True,True,513,6556
600169.SH,ST太重,Success,True,True,513,6556
688566.SH,吉贝尔,Success,True,True,513,6556
603279.SH,景津装备,Success,True,True,513,6556
603662.SH,柯力传感,Success,True,True,513,6556
688109.SH,品茗科技,Success,True,True,513,6556
688512.SH,慧智微-U,Success,True,True,513,6556
603616.SH,韩建河山,Success,True,True,513,6556
601677.SH,明泰铝业,Success,True,True,513,6556
600929.SH,雪天盐业,Success,True,True,513,6556
688410.SH,山外山,Success,True,True,513,6556
601218.SH,吉鑫科技,Success,True,True,513,6556
600498.SH,烽火通信,Success,True,True,513,6556
603788.SH,宁波高发,Success,True,True,513,6556
603393.SH,新天然气,Success,True,True,513,6556
688097.SH,博众精工,Success,True,True,513,6556
600470.SH,六国化工,Success,True,True,513,6556
601901.SH,方正证券,Success,True,True,513,6556
600230.SH,沧州大化,Success,True,True,513,6556
603816.SH,顾家家居,Success,True,True,513,6556
601975.SH,招商南油,Success,True,True,513,6556
603120.SH,肯特催化,Success,True,True,204,6556
688352.SH,颀中科技,Success,True,True,513,6557
603056.SH,德邦股份,Success,True,True,497,2892
603988.SH,中电电机,Success,True,True,513,6557
688326.SH,经纬恒润-W,Success,True,True,513,6557
603022.SH,新通联,Success,True,True,513,6557
603439.SH,三力制药,Success,True,True,513,6556
600729.SH,重庆百货,Success,True,True,513,6556
600332.SH,白云山,Success,True,True,513,6557
600346.SH,恒力石化,Success,True,True,513,6557
603960.SH,克来机电,Success,True,True,513,6557
601877.SH,正泰电器,Success,True,True,513,6557
688539.SH,高华科技,Success,True,True,513,6557
688122.SH,西部超导,Success,True,True,513,6557
600800.SH,渤海化学,Success,True,True,513,6557
603226.SH,菲林格尔,Success,True,True,513,6557
688156.SH,路德科技,Success,True,True,513,6557
600874.SH,创业环保,Success,True,True,513,6557
600559.SH,老白干酒,Success,True,True,513,6557
605183.SH,确成股份,Success,True,True,513,6557
605598.SH,上海港湾,Success,True,True,513,6557
600136.SH,ST明诚,Success,True,True,513,6557
605081.SH,*ST太和,Success,True,True,513,6557
605069.SH,正和生态,Success,True,True,513,6557
603324.SH,盛剑科技,Success,True,True,513,6557
601233.SH,桐昆股份,Success,True,True,513,6557
688020.SH,方邦股份,Success,True,True,513,6557
601628.SH,中国人寿,Success,True,True,513,6557
600976.SH,健民集团,Success,True,True,513,6557
603350.SH,安乃达,Success,True,True,394,6557
600151.SH,航天机电,Success,True,True,513,6557
600125.SH,铁龙物流,Success,True,True,513,6557
688807.SH,优迅股份,Success,True,True,37,6557
688131.SH,皓元医药,Success,True,True,513,6557
605178.SH,时空科技,Success,True,True,513,6557
603235.SH,天新药业,Success,True,True,513,6557
600867.SH,通化东宝,Success,True,True,513,6557
603337.SH,杰克科技,Success,True,True,513,6557
688428.SH,诺诚健华-U,Success,True,True,513,6557
688033.SH,天宜新材,Success,True,True,513,6557
600965.SH,福成股份,Success,True,True,513,6557
603758.SH,秦安股份,Success,True,True,513,6557
688047.SH,龙芯中科,Success,True,True,513,6557
600053.SH,九鼎投资,Success,True,True,513,6557
600448.SH,华纺股份,Success,True,True,513,6557
600027.SH,华电国际,Success,True,True,513,6557
688658.SH,悦康药业,Success,True,True,513,6557
603528.SH,多伦科技,Success,True,True,513,6557
603899.SH,晨光股份,Success,True,True,513,6557
688237.SH,超卓航科,Success,True,True,513,6557
600638.SH,新黄浦,Success,True,True,513,6557
600223.SH,福瑞达,Success,True,True,513,6557
601966.SH,玲珑轮胎,Success,True,True,513,6557
605296.SH,神农集团,Success,True,True,513,6557
600257.SH,大湖股份,Success,True,True,513,6557
603871.SH,嘉友国际,Success,True,True,513,6557
600355.SH,*ST精伦,Success,True,True,513,6557
603045.SH,福达合金,Success,True,True,513,6557
601126.SH,四方股份,Success,True,True,513,6557
688335.SH,复洁科技,Success,True,True,513,6557
603031.SH,安孚科技,Success,True,True,513,6557
603311.SH,金海高科,Success,True,True,513,6557
688015.SH,交控科技,Success,True,True,513,6557
600486.SH,扬农化工,Success,True,True,513,6557
605028.SH,世茂能源,Success,True,True,513,6557
603365.SH,水星家纺,Success,True,True,513,6557
601669.SH,中国电建,Success,True,True,513,6557
688061.SH,灿瑞科技,Success,True,True,513,6557
600075.SH,新疆天业,Success,True,True,513,6557
688089.SH,嘉必优,Success,True,True,513,6557
600177.SH,雅戈尔,Success,True,True,513,6558
600518.SH,康美药业,Success,True,True,513,6558
600103.SH,青山纸业,Success,True,True,513,6558
688590.SH,新致软件,Success,True,True,513,6558
601398.SH,工商银行,Success,True,True,513,6558
688117.SH,圣诺生物,Success,True,True,513,6558
600584.SH,长电科技,Success,True,True,513,6558
600835.SH,上海机电,Success,True,True,513,6558
603213.SH,镇洋发展,Success,True,True,513,6558
603608.SH,天创时尚,Success,True,True,513,6558
688163.SH,赛伦生物,Success,True,True,513,6558
688578.SH,艾力斯,Success,True,True,513,6558
600841.SH,动力新科,Success,True,True,513,6558
603267.SH,鸿远电子,Success,True,True,513,6558
600307.SH,酒钢宏兴,Success,True,True,513,6558
600373.SH,中文传媒,Success,True,True,513,6558
600768.SH,宁波富邦,Success,True,True,513,6558
603955.SH,大千生态,Success,True,True,513,6558
688367.SH,工大高科,Success,True,True,513,6558
603063.SH,禾望电气,Success,True,True,513,6558
601100.SH,恒立液压,Success,True,True,513,6558
688708.SH,佳驰科技,Success,True,True,290,6558
688313.SH,仕佳光子,Success,True,True,513,6558
600780.SH,通宝能源,Success,True,True,513,6558
603017.SH,中衡设计,Success,True,True,513,6558
603161.SH,科华控股,Success,True,True,513,6558
688265.SH,南模生物,Success,True,True,513,6558
605258.SH,协和电子,Success,True,True,513,6558
603115.SH,海星股份,Success,True,True,513,6558
601002.SH,晋亿实业,Success,True,True,513,6558
688211.SH,中科微至,Success,True,True,513,6558
600682.SH,南京新百,Success,True,True,513,6558
600299.SH,安迪苏,Success,True,True,513,6558
603189.SH,网达软件,Success,True,True,513,6558
603823.SH,百合花,Success,True,True,513,6558
688696.SH,极米科技,Success,True,True,513,6558
600271.SH,航天信息,Success,True,True,513,6558
603070.SH,万控智造,Success,True,True,513,6558
601113.SH,华鼎股份,Success,True,True,513,6558
688300.SH,联瑞新材,Success,True,True,513,6558
600793.SH,宜宾纸业,Success,True,True,513,6558
600388.SH,龙净环保,Success,True,True,513,6558
603004.SH,鼎龙科技,Success,True,True,513,6558
688787.SH,海天瑞声,Success,True,True,513,6558
603098.SH,森特股份,Success,True,True,513,6558
601825.SH,沪农商行,Success,True,True,513,6558
600360.SH,*ST华微,Success,True,True,513,6558
600216.SH,浙江医药,Success,True,True,513,6558
688685.SH,迈信林,Success,True,True,513,6558
600262.SH,北方股份,Success,True,True,513,6558
600679.SH,上海凤凰,Success,True,True,513,6558
603569.SH,长久物流,Success,True,True,513,6558
603172.SH,万丰股份,Success,True,True,513,6558
688276.SH,百克生物,Success,True,True,513,6558
601065.SH,江盐集团,Success,True,True,513,6558
603106.SH,恒银科技,Success,True,True,513,6558
601011.SH,宝泰隆,Success,True,True,513,6558
688619.SH,罗普特,Success,True,True,513,6558
688202.SH,美迪西,Success,True,True,513,6558
600691.SH,潞化科技,Success,True,True,513,6558
600066.SH,宇通客车,Success,True,True,513,6558
600409.SH,三友化工,Success,True,True,513,6559
600012.SH,皖通高速,Success,True,True,513,6559
603719.SH,良品铺子,Success,True,True,513,6559
688006.SH,杭可科技,Success,True,True,513,6558
600495.SH,晋西车轴,Success,True,True,513,6559
603376.SH,大明电子,Success,True,True,68,6559
688072.SH,拓荆科技,Success,True,True,513,6559
688469.SH,芯联集成-U,Success,True,True,513,6559
600597.SH,光明乳业,Success,True,True,513,6558
600826.SH,兰生股份,Success,True,True,513,6559
603200.SH,上海洗霸,Success,True,True,513,6559
601778.SH,晶科科技,Success,True,True,513,6559
688170.SH,德龙激光,Success,True,True,513,6559
600110.SH,诺德股份,Success,True,True,513,6559
688583.SH,思看科技,Success,True,True,262,6559
688198.SH,佰仁医疗,Success,True,True,513,6559
603687.SH,大胜达,Success,True,True,513,6559
002107.SZ,沃华医药,Success,True,True,513,6559
000010.SZ,美丽生态,Success,True,True,513,6559
002568.SZ,百润股份,Success,True,True,513,6559
002173.SZ,创新医疗,Success,True,True,513,6559
300344.SZ,*ST立方,Success,True,True,513,6559
000952.SZ,广济药业,Success,True,True,513,6559
301558.SZ,三态股份,Success,True,True,513,6559
002845.SZ,同兴达,Success,True,True,513,6559
000926.SZ,福星股份,Success,True,True,513,6559
002580.SZ,圣阳股份,Success,True,True,513,6559
002831.SZ,裕同科技,Success,True,True,513,6559
301137.SZ,哈焊华通,Success,True,True,513,6559
001217.SZ,华尔泰,Success,True,True,513,6559
002947.SZ,恒铭达,Success,True,True,513,6559
301041.SZ,金百泽,Success,True,True,513,6559
000850.SZ,华茂股份,Success,True,True,513,6559
301035.SZ,润丰股份,Success,True,True,513,6559
002933.SZ,新兴装备,Success,True,True,513,6559
000595.SZ,*ST宝实,Success,True,True,513,6559
002099.SZ,海翔药业,Success,True,True,513,6559
002482.SZ,广田集团,Success,True,True,513,6559
300629.SZ,新劲刚,Success,True,True,513,6559
001389.SZ,广合科技,Success,True,True,454,6559
300232.SZ,洲明科技,Success,True,True,513,6559
000509.SZ,华塑控股,Success,True,True,513,6559
002005.SZ,ST德豪,Success,True,True,513,6559
300246.SZ,宝莱特,Success,True,True,513,6559
000166.SZ,申万宏源,Success,True,True,513,6559
301231.SZ,荣信文化,Success,True,True,513,6559
000791.SZ,甘肃能源,Success,True,True,513,6559
300900.SZ,广联航空,Success,True,True,513,6559
003006.SZ,百亚股份,Success,True,True,513,6559
002686.SZ,亿利达,Success,True,True,513,6559
300042.SZ,朗科科技,Success,True,True,513,6559
300459.SZ,汤姆猫,Success,True,True,513,6559
000779.SZ,甘咨询,Success,True,True,513,6559
002275.SZ,桂林三金,Success,True,True,513,6559
300036.SZ,超图软件,Success,True,True,513,6559
002201.SZ,九鼎新材,Success,True,True,513,6559
002377.SZ,国创高新,Success,True,True,513,6559
300140.SZ,节能环境,Success,True,True,513,6559
002303.SZ,美盈森,Success,True,True,513,6559
002718.SZ,友邦吊顶,Success,True,True,513,6559
300134.SZ,大富科技,Success,True,True,513,6559
300802.SZ,矩子科技,Success,True,True,513,6559
301333.SZ,诺思格,Success,True,True,513,6559
300876.SZ,蒙泰高新,Success,True,True,513,6559
300051.SZ,琏升科技,Success,True,True,513,6559
002266.SZ,浙富控股,Success,True,True,513,6560
300025.SZ,华星创业,Success,True,True,513,6560
002212.SZ,天融信,Success,True,True,513,6560
002609.SZ,捷顺科技,Success,True,True,513,6560
302132.SZ,中航成飞,Success,True,True,513,6560
301222.SZ,浙江恒威,Success,True,True,513,6560
000782.SZ,恒申新材,Success,True,True,513,6560
300913.SZ,兆龙互连,Success,True,True,513,6560
003015.SZ,日久光电,Success,True,True,513,6560
002695.SZ,煌上煌,Success,True,True,513,6560
301256.SZ,华融化学,Success,True,True,513,6560
300967.SZ,晓鸣股份,Success,True,True,513,6560
300811.SZ,铂科新材,Success,True,True,513,6560
002797.SZ,第一创业,Success,True,True,513,6560
301320.SZ,豪江智能,Success,True,True,513,6560
000680.SZ,山推股份,Success,True,True,513,6560
300865.SZ,大宏立,Success,True,True,513,6560
002364.SZ,中恒电气,Success,True,True,513,6560
300153.SZ,科泰电源,Success,True,True,513,6560
300548.SZ,长芯博创,Success,True,True,513,6560
000668.SZ,*ST荣控,Success,True,True,513,6559
002310.SZ,东方新能,Success,True,True,513,6560
300127.SZ,银河磁体,Success,True,True,513,6560
301150.SZ,中一科技,Success,True,True,513,6560
002856.SZ,美芝股份,Success,True,True,513,6560
001270.SZ,*ST铖昌,Success,True,True,513,6560
000935.SZ,四川双马,Success,True,True,513,6560
002188.SZ,中天服务,Success,True,True,513,6560
002593.SZ,日上集团,Success,True,True,513,6560
002822.SZ,ST中装,Success,True,True,513,6560
002114.SZ,罗平锌电,Success,True,True,513,6560
300738.SZ,奥飞数据,Success,True,True,513,6560
001298.SZ,好上好,Success,True,True,513,6560
300323.SZ,华灿光电,Success,True,True,513,6560
002160.SZ,常铝股份,Success,True,True,513,6560
300357.SZ,我武生物,Success,True,True,513,6560
300221.SZ,银禧科技,Success,True,True,513,6560
002016.SZ,世荣兆业,Success,True,True,513,6560
300255.SZ,常山药业,Success,True,True,513,6560
002479.SZ,富春环保,Success,True,True,513,6560
002062.SZ,宏润建设,Success,True,True,513,6560
301449.SZ,天溯计量,Success,True,True,35,6560
301052.SZ,果麦文化,Success,True,True,513,6560
301026.SZ,浩通科技,Success,True,True,513,6560
002920.SZ,德赛西威,Success,True,True,513,6560
000586.SZ,汇源通信,Success,True,True,513,6560
001306.SZ,夏厦精密,Success,True,True,513,6560
000837.SZ,秦川机床,Success,True,True,513,6560
002491.SZ,通鼎互联,Success,True,True,513,6560
300837.SZ,浙矿股份,Success,True,True,513,6560
301306.SZ,西测测试,Success,True,True,513,6560
300586.SZ,美联新材,Success,True,True,513,6560
300843.SZ,胜蓝股份,Success,True,True,513,6560
301372.SZ,科净源,Success,True,True,513,6560
002759.SZ,天际股份,Success,True,True,513,6560
002342.SZ,巨力索具,Success,True,True,513,6560
300175.SZ,ST朗源,Success,True,True,513,6560
300101.SZ,振芯科技,Success,True,True,513,6560
300077.SZ,国民技术,Success,True,True,513,6560
002240.SZ,盛新锂能,Success,True,True,513,6560
300418.SZ,昆仑万维,Success,True,True,513,6560
300003.SZ,乐普医疗,Success,True,True,513,6560
301298.SZ,东利机械,Success,True,True,513,6560
000738.SZ,航发控制,Success,True,True,513,6560
002234.SZ,民和股份,Success,True,True,513,6560
300484.SZ,蓝海华腾,Success,True,True,513,6561
003033.SZ,征和工业,Success,True,True,513,6561
300935.SZ,盈建科,Success,True,True,513,6560
301270.SZ,汉仪股份,Success,True,True,513,6561
300941.SZ,创识科技,Success,True,True,513,6561
300207.SZ,欣旺达,Success,True,True,513,6561
301487.SZ,盟固利,Success,True,True,513,6561
002030.SZ,达安基因,Success,True,True,513,6561
300668.SZ,杰恩设计,Success,True,True,513,6561
000548.SZ,湖南投资,Success,True,True,513,6561
000153.SZ,丰原药业,Success,True,True,513,6561
002044.SZ,美年健康,Success,True,True,513,6561
002972.SZ,科安达,Success,True,True,513,6561
002906.SZ,华阳集团,Success,True,True,513,6561
301000.SZ,肇民科技,Success,True,True,513,6561
300680.SZ,隆盛科技,Success,True,True,513,6561
000811.SZ,冰轮环境,Success,True,True,513,6561
000967.SZ,盈峰环境,Success,True,True,513,6561
002870.SZ,香山股份,Success,True,True,513,6561
301176.SZ,逸豪新材,Success,True,True,513,6561
001256.SZ,炜冈科技,Success,True,True,513,6561
000913.SZ,钱江摩托,Success,True,True,513,6561
301102.SZ,兆讯传媒,Success,True,True,513,6561
301519.SZ,舜禹股份,Success,True,True,513,6561
300782.SZ,卓胜微,Success,True,True,513,6561
001222.SZ,源飞宠物,Success,True,True,513,6561
300399.SZ,天利科技,Success,True,True,513,6561
002132.SZ,恒星科技,Success,True,True,513,6561
002529.SZ,*ST海源,Success,True,True,513,6560
300305.SZ,裕兴股份,Success,True,True,513,6561
002898.SZ,*ST赛隆,Success,True,True,513,6561
000025.SZ,特 力Ａ,Success,True,True,513,6561
301585.SZ,蓝宇股份,Success,True,True,279,6561
002146.SZ,荣盛发展,Success,True,True,513,6561
300371.SZ,汇中股份,Success,True,True,513,6561
301067.SZ,显盈科技,Success,True,True,513,6561
002961.SZ,瑞达期货,Success,True,True,513,6561
000876.SZ,新 希 望,Success,True,True,513,6561
002915.SZ,中欣氟材,Success,True,True,513,6561
301013.SZ,利和兴,Success,True,True,513,6561
301408.SZ,华人健康,Success,True,True,513,6561
300693.SZ,盛弘股份,Success,True,True,513,6561
001333.SZ,光华股份,Success,True,True,513,6561
300288.SZ,朗玛信息,Success,True,True,513,6561
000802.SZ,北京文化,Success,True,True,513,6561
300214.SZ,日科化学,Success,True,True,513,6561
002989.SZ,中天精装,Success,True,True,513,6561
002023.SZ,海特高新,Success,True,True,513,6561
002438.SZ,江苏神通,Success,True,True,513,6561
300260.SZ,新莱应材,Success,True,True,513,6561
002057.SZ,中钢天源,Success,True,True,513,6561
002121.SZ,科陆电子,Success,True,True,513,6561
300316.SZ,晶盛机电,Success,True,True,513,6561
000036.SZ,华联控股,Success,True,True,513,6561
301596.SZ,瑞迪智驱,Success,True,True,430,6561
002155.SZ,湖南黄金,Success,True,True,513,6561
300779.SZ,惠城环保,Success,True,True,513,6561
000042.SZ,中洲控股,Success,True,True,513,6561
002863.SZ,今飞凯达,Success,True,True,513,6561
301165.SZ,锐捷网络,Success,True,True,513,6561
000900.SZ,现代投资,Success,True,True,513,6562
301111.SZ,粤万年青,Success,True,True,513,6562
002817.SZ,黄山胶囊,Success,True,True,513,6562
300791.SZ,仙乐健康,Success,True,True,513,6561
001231.SZ,农心科技,Success,True,True,513,6562
002351.SZ,漫步者,Success,True,True,513,6562
300166.SZ,东方国信,Success,True,True,513,6562
300509.SZ,新美星,Success,True,True,513,6562
300112.SZ,万讯自控,Success,True,True,513,6562
301389.SZ,隆扬电子,Success,True,True,513,6562
000629.SZ,钒钛股份,Success,True,True,513,6562
300824.SZ,北鼎股份,Success,True,True,513,6562
301315.SZ,威士顿,Success,True,True,513,6562
300595.SZ,欧普康视,Success,True,True,513,6562
300850.SZ,新强联,Success,True,True,513,6562
301361.SZ,众智科技,Success,True,True,513,6562
301217.SZ,铜冠铜箔,Success,True,True,513,6562
300497.SZ,富祥药业,Success,True,True,513,6562
003020.SZ,立方制药,Success,True,True,513,6562
300926.SZ,博俊科技,Success,True,True,513,6562
301678.SZ,新恒汇,Success,True,True,161,6562
301263.SZ,泰恩康,Success,True,True,513,6562
300952.SZ,恒辉安防,Success,True,True,513,6562
002648.SZ,卫星化学,Success,True,True,513,6562
002253.SZ,*ST智胜,Success,True,True,513,6562
300010.SZ,豆神教育,Success,True,True,513,6562
002227.SZ,奥 特 迅,Success,True,True,513,6562
300650.SZ,太龙股份,Success,True,True,513,6562
000570.SZ,苏常柴Ａ,Success,True,True,513,6562
002467.SZ,二六三,Success,True,True,513,6562
300624.SZ,万兴科技,Success,True,True,513,6562
000504.SZ,*ST生物,Success,True,True,513,6562
002413.SZ,雷科防务,Success,True,True,513,6562
002008.SZ,大族激光,Success,True,True,513,6562
000598.SZ,兴蓉环境,Success,True,True,513,6562
301038.SZ,深水规院,Success,True,True,513,6562
001318.SZ,阳光乳业,Success,True,True,513,6562
000829.SZ,天音控股,Success,True,True,513,6562
002094.SZ,青岛金王,Success,True,True,513,6562
002196.SZ,方正电机,Success,True,True,513,6562
002848.SZ,*ST高斯,Success,True,True,513,6562
301555.SZ,惠柏新材,Success,True,True,513,6562
002565.SZ,顺灏股份,Success,True,True,513,6562
300752.SZ,隆利科技,Success,True,True,513,6562
300349.SZ,金卡智能,Success,True,True,513,6562
000069.SZ,华侨城Ａ,Success,True,True,513,6562
002511.SZ,中顺洁柔,Success,True,True,513,6562
001286.SZ,陕西能源,Success,True,True,513,6562
300726.SZ,宏达电子,Success,True,True,513,6562
002789.SZ,*ST建艺,Success,True,True,513,6562
002392.SZ,北京利尔,Success,True,True,513,6562
002715.SZ,登云股份,Success,True,True,513,6562
300893.SZ,松原安全,Success,True,True,513,6562
300139.SZ,晓程科技,Success,True,True,513,6562
300522.SZ,世名科技,Success,True,True,513,6562
002761.SZ,浙江建投,Success,True,True,513,6562
300556.SZ,丝路视觉,Success,True,True,513,6562
000676.SZ,智度股份,Success,True,True,513,6562
300420.SZ,五洋自控,Success,True,True,513,6562
000700.SZ,模塑科技,Success,True,True,513,6562
002617.SZ,露笑科技,Success,True,True,513,6563
300991.SZ,创益通,Success,True,True,513,6563
300454.SZ,深信服,Success,True,True,513,6563
002278.SZ,神开股份,Success,True,True,513,6563
002663.SZ,普邦股份,Success,True,True,513,6562
301248.SZ,杰创智能,Success,True,True,513,6563
300979.SZ,华利集团,Success,True,True,513,6563
002290.SZ,禾盛新材,Success,True,True,513,6563
002706.SZ,良信股份,Success,True,True,513,6563
300880.SZ,迦南智能,Success,True,True,513,6563
300531.SZ,优博讯,Success,True,True,513,6563
002369.SZ,卓翼科技,Success,True,True,513,6563
002772.SZ,众兴菌业,Success,True,True,513,6563
300545.SZ,联得装备,Success,True,True,513,6563
000665.SZ,湖北广电,Success,True,True,513,6563
300868.SZ,杰美特,Success,True,True,513,6562
301359.SZ,东南电子,Success,True,True,513,6563
002381.SZ,双箭股份,Success,True,True,513,6563
003018.SZ,金富科技,Success,True,True,513,6563
002698.SZ,博实股份,Success,True,True,513,6563
002283.SZ,天润工业,Success,True,True,513,6563
300433.SZ,蓝思科技,Success,True,True,513,6563
000713.SZ,国投丰乐,Success,True,True,513,6563
300982.SZ,苏文电能,Success,True,True,513,6563
300447.SZ,全信股份,Success,True,True,513,6563
000767.SZ,晋控电力,Success,True,True,513,6563
002670.SZ,国盛证券,Success,True,True,513,6563
002959.SZ,小熊电器,Success,True,True,513,6563
300643.SZ,万通智控,Success,True,True,513,6563
300258.SZ,精锻科技,Success,True,True,513,6563
000563.SZ,陕国投Ａ,Success,True,True,513,6563
002474.SZ,榕基软件,Success,True,True,513,6563
300637.SZ,扬帆新材,Success,True,True,513,6563
000517.SZ,荣安地产,Success,True,True,513,6563
002400.SZ,省广集团,Success,True,True,513,6563
002576.SZ,通达动力,Success,True,True,513,6563
300741.SZ,华宝股份,Success,True,True,513,6563
002119.SZ,康强电子,Success,True,True,513,6563
300735.SZ,光弘科技,Success,True,True,513,6563
000415.SZ,渤海租赁,Success,True,True,513,6563
000938.SZ,紫光股份,Success,True,True,513,6563
002185.SZ,华天科技,Success,True,True,513,6563
301129.SZ,瑞纳智能,Success,True,True,513,6563
001209.SZ,洪兴股份,Success,True,True,513,6563
301209.SZ,联合化学,Success,True,True,513,6563
300092.SZ,科新机电,Success,True,True,513,6563
300489.SZ,光智科技,Success,True,True,513,6563
300938.SZ,信测标准,Success,True,True,513,6563
300415.SZ,伊之密,Success,True,True,513,6563
000735.SZ,罗 牛 山,Success,True,True,513,6563
301295.SZ,美硕科技,Success,True,True,513,6563
002622.SZ,皓宸医疗,Success,True,True,513,6563
002239.SZ,奥特佳,Success,True,True,513,6563
300461.SZ,田中精机,Success,True,True,513,6563
002656.SZ,*ST摩登,Success,True,True,513,6563
300517.SZ,海波重科,Success,True,True,513,6563
000637.SZ,茂化实华,Success,True,True,513,6563
301397.SZ,溯联股份,Success,True,True,513,6563
300563.SZ,神宇股份,Success,True,True,513,6563
300190.SZ,维尔利,Success,True,True,513,6563
002550.SZ,千红制药,Success,True,True,513,6563
300767.SZ,震安科技,Success,True,True,513,6563
002524.SZ,光正眼科,Success,True,True,513,6563
300308.SZ,中际旭创,Success,True,True,513,6563
300713.SZ,英可瑞,Success,True,True,513,6563
301588.SZ,美新科技,Success,True,True,468,6563
301193.SZ,家联科技,Success,True,True,513,6563
002895.SZ,川恒股份,Success,True,True,513,6563
000028.SZ,国药一致,Success,True,True,513,6563
002809.SZ,红墙股份,Success,True,True,513,6563
300394.SZ,天孚通信,Success,True,True,513,6564
301560.SZ,众捷汽车,Success,True,True,197,6564
300296.SZ,利亚德,Success,True,True,513,6564
301079.SZ,邵阳液压,Success,True,True,513,6564
001359.SZ,平安电工,Success,True,True,457,6564
000868.SZ,安凯客车,Success,True,True,513,6564
300665.SZ,飞鹿股份,Success,True,True,513,6564
000545.SZ,金浦钛业,Success,True,True,513,6564
002049.SZ,紫光国微,Success,True,True,513,4636
002452.SZ,长高电新,Success,True,True,513,6564
300611.SZ,美力科技,Success,True,True,513,6564
000531.SZ,穗恒运Ａ,Success,True,True,513,6564
002997.SZ,瑞鹄模具,Success,True,True,513,6564
301091.SZ,深城交,Success,True,True,513,6564
002426.SZ,胜利精密,Success,True,True,513,6564
000880.SZ,潍柴重机,Success,True,True,513,6564
301507.SZ,民生健康,Success,True,True,513,6564
300387.SZ,富邦科技,Success,True,True,513,6564
301168.SZ,通灵股份,Success,True,True,513,6564
002158.SZ,汉钟精机,Success,True,True,513,6564
002543.SZ,万和电气,Success,True,True,513,6564
300774.SZ,倍杰特,Success,True,True,513,6564
002537.SZ,海联金汇,Success,True,True,513,6564
300700.SZ,岱勒新材,Success,True,True,513,6564
000420.SZ,吉林化纤,Success,True,True,513,6564
301180.SZ,万祥科技,Success,True,True,513,6564
002886.SZ,沃特股份,Success,True,True,513,6564
300676.SZ,华大基因,Success,True,True,513,6564
002441.SZ,众业达,Success,True,True,513,6564
300219.SZ,鸿利智汇,Success,True,True,513,6564
300602.SZ,飞荣达,Success,True,True,513,6564
301499.SZ,维科精密,Success,True,True,513,6564
002984.SZ,森麒麟,Success,True,True,513,6564
301082.SZ,久盛电气,Success,True,True,513,6564
000893.SZ,亚钾国际,Success,True,True,513,6564
002918.SZ,蒙娜丽莎,Success,True,True,513,6564
300285.SZ,国瓷材料,Success,True,True,513,6564
300406.SZ,九强生物,Success,True,True,513,6564
000726.SZ,鲁 泰Ａ,Success,True,True,513,6564
301286.SZ,侨源股份,Success,True,True,513,6564
002631.SZ,德尔未来,Success,True,True,513,6564
300472.SZ,*ST新元,Success,True,True,513,6564
300069.SZ,金利华电,Success,True,True,513,6564
000752.SZ,ST西发,Success,True,True,513,6564
002645.SZ,华宏科技,Success,True,True,513,6564
301601.SZ,惠通科技,Success,True,True,262,6564
300081.SZ,恒信东方,Success,True,True,513,6564
300829.SZ,金丹科技,Success,True,True,513,6564
301318.SZ,维海德,Success,True,True,513,6564
300183.SZ,东软载波,Success,True,True,513,6564
300598.SZ,诚迈科技,Success,True,True,513,6564
002733.SZ,雄韬股份,Success,True,True,513,6564
002328.SZ,新朋股份,Success,True,True,513,6564
300504.SZ,天邑股份,Success,True,True,513,6564
002747.SZ,埃斯顿,Success,True,True,513,6564
300570.SZ,太辰光,Success,True,True,513,6564
000650.SZ,仁和药业,Success,True,True,513,6564
300435.SZ,中泰股份,Success,True,True,513,6564
000715.SZ,中兴商业,Success,True,True,513,6564
002219.SZ,新里程,Success,True,True,513,6564
002602.SZ,世纪华通,Success,True,True,513,6565
300984.SZ,金沃股份,Success,True,True,513,6564
300441.SZ,鲍斯股份,Success,True,True,513,6564
000761.SZ,本钢板材,Success,True,True,513,6565
002676.SZ,顺威股份,Success,True,True,513,6565
301229.SZ,纽泰格,Success,True,True,513,6564
000789.SZ,万年青,Success,True,True,513,6565
301632.SZ,广东建科,Success,True,True,124,6565
300918.SZ,南山智尚,Success,True,True,513,6565
002285.SZ,世联行,Success,True,True,513,6565
002387.SZ,维信诺,Success,True,True,513,6565
002700.SZ,万憬能源,Success,True,True,513,6565
300886.SZ,华业香料,Success,True,True,513,6565
300537.SZ,广信材料,Success,True,True,513,6565
000617.SZ,中油资本,Success,True,True,513,6565
002774.SZ,快意电梯,Success,True,True,513,6565
300158.SZ,振东制药,Success,True,True,513,6565
300543.SZ,朗科智能,Success,True,True,513,6565
000663.SZ,永安林业,Success,True,True,513,6565
002183.SZ,怡 亚 通,Success,True,True,513,6565
002598.SZ,山东章鼓,Success,True,True,513,6565
002829.SZ,星网宇达,Success,True,True,513,6565
002570.SZ,贝因美,Success,True,True,513,6565
300747.SZ,锐科激光,Success,True,True,513,6565
300733.SZ,西菱动力,Success,True,True,513,6565
300328.SZ,宜安科技,Success,True,True,513,6565
000008.SZ,神州高铁,Success,True,True,513,6565
300645.SZ,正元智慧,Success,True,True,513,6565
000565.SZ,渝三峡Ａ,Success,True,True,513,6565
002472.SZ,双环传动,Success,True,True,513,6565
002069.SZ,獐子岛,Success,True,True,513,6565
300631.SZ,久吾高科,Success,True,True,513,6565
001391.SZ,国货航,Success,True,True,273,6565
002406.SZ,远东传动,Success,True,True,513,6565
002081.SZ,金 螳 螂,Success,True,True,513,6565
301059.SZ,金三江,Success,True,True,513,6565
001379.SZ,腾达科技,Success,True,True,500,6565
000848.SZ,承德露露,Success,True,True,513,6565
002563.SZ,森马服饰,Success,True,True,513,6565
002178.SZ,延华智能,Success,True,True,513,6565
002517.SZ,恺英网络,Success,True,True,513,6565
300720.SZ,海川智能,Success,True,True,513,6565
001280.SZ,中国铀业,Success,True,True,49,6565
000400.SZ,许继电气,Success,True,True,513,6565
002190.SZ,成飞集成,Success,True,True,513,6565
000959.SZ,首钢股份,Success,True,True,513,6565
301148.SZ,嘉戎技术,Success,True,True,513,6565
001268.SZ,联合精密,Success,True,True,513,6565
002938.SZ,鹏鼎控股,Success,True,True,513,6565
002092.SZ,中泰化学,Success,True,True,513,6565
002489.SZ,浙江永强,Success,True,True,513,6565
300656.SZ,民德电子,Success,True,True,513,6565
000576.SZ,甘化科工,Success,True,True,513,6565
002461.SZ,珠江啤酒,Success,True,True,513,6565
300622.SZ,博士眼镜,Success,True,True,513,6565
001382.SZ,新亚电缆,Success,True,True,221,6565
300239.SZ,东宝生物,Success,True,True,513,6565
002415.SZ,海康威视,Success,True,True,513,6565
002296.SZ,辉煌科技,Success,True,True,513,6565
300426.SZ,华智数媒,Success,True,True,513,6565
002611.SZ,东方精工,Success,True,True,513,6565
300997.SZ,欢乐家,Success,True,True,513,6565
300049.SZ,福瑞医科,Success,True,True,513,6565
300452.SZ,山河药辅,Success,True,True,513,6565
002713.SZ,*ST东易,Success,True,True,513,6565
300895.SZ,铜牛信息,Success,True,True,513,6565
002767.SZ,先锋电子,Success,True,True,513,6565
300550.SZ,和仁科技,Success,True,True,513,6565
000670.SZ,盈方微,Success,True,True,513,6566
300809.SZ,华辰装备,Success,True,True,513,6565
002394.SZ,联发股份,Success,True,True,513,6566
301338.SZ,凯格精机,Success,True,True,513,6566
000698.SZ,ST沈化,Success,True,True,513,6566
301018.SZ,申菱环境,Success,True,True,513,6566
300698.SZ,万马科技,Success,True,True,513,6566
001338.SZ,永顺泰,Success,True,True,513,6566
300283.SZ,温州宏丰,Success,True,True,513,6566
000809.SZ,和展能源,Success,True,True,513,6566
300670.SZ,大烨智能,Success,True,True,513,6565
000550.SZ,江铃汽车,Success,True,True,513,6566
300604.SZ,长川科技,Success,True,True,513,6566
002982.SZ,湘佳股份,Success,True,True,513,6566
000524.SZ,岭南控股,Success,True,True,513,6566
000895.SZ,双汇发展,Success,True,True,513,6566
002028.SZ,思源电气,Success,True,True,513,6566
002545.SZ,东方铁塔,Success,True,True,513,6566
300369.SZ,绿盟科技,Success,True,True,513,6566
300772.SZ,运达股份,Success,True,True,513,6566
000049.SZ,德赛电池,Success,True,True,513,6566
000997.SZ,新 大 陆,Success,True,True,513,6566
002531.SZ,天顺风能,Success,True,True,513,6566
300706.SZ,阿石创,Success,True,True,513,6566
301186.SZ,超达装备,Success,True,True,513,6566
002880.SZ,卫光生物,Success,True,True,513,6566
000426.SZ,兴业银锡,Success,True,True,513,6566
301501.SZ,恒鑫生活,Success,True,True,223,6566
300381.SZ,溢多利,Success,True,True,513,6566
301575.SZ,艾芬达,Success,True,True,103,6566
002868.SZ,*ST绿康,Success,True,True,513,6566
002735.SZ,王子新材,Success,True,True,513,6566
300502.SZ,新易盛,Success,True,True,513,6566
300119.SZ,瑞普生物,Success,True,True,513,6566
301382.SZ,蜂助手,Success,True,True,513,6566
002741.SZ,光华科技,Success,True,True,513,6566
300576.SZ,容大感光,Success,True,True,513,6566
000656.SZ,*ST金科,Success,True,True,513,6566
300185.SZ,通裕重工,Success,True,True,513,6566
301268.SZ,铭利达,Success,True,True,513,6566
300959.SZ,线上线下,Success,True,True,513,6566
301607.SZ,富特科技,Success,True,True,349,6566
300087.SZ,荃银高科,Success,True,True,513,6566
001896.SZ,豫能控股,Success,True,True,513,6566
300400.SZ,劲拓股份,Success,True,True,513,6566
301280.SZ,珠城科技,Success,True,True,513,6566
000720.SZ,新能泰山,Success,True,True,513,6566
002637.SZ,赞宇科技,Success,True,True,513,6566
300474.SZ,景嘉微,Success,True,True,513,6566
002643.SZ,万润股份,Success,True,True,513,6566
002258.SZ,利尔化学,Success,True,True,513,6566
300848.SZ,美瑞新材,Success,True,True,513,6566
301379.SZ,天山电子,Success,True,True,513,6566
300196.SZ,长海股份,Success,True,True,513,6566
002726.SZ,龙大美食,Success,True,True,513,6566
300511.SZ,雪榕生物,Success,True,True,513,6566
301391.SZ,卡莱特,Success,True,True,513,6566
000631.SZ,顺发恒能,Success,True,True,513,6566
002752.SZ,昇兴股份,Success,True,True,513,6566
002349.SZ,精华制药,Success,True,True,513,6566
300565.SZ,科信技术,Success,True,True,513,6566
300413.SZ,芒果超媒,Success,True,True,513,6566
300008.SZ,天海防务,Success,True,True,513,6567
301293.SZ,三博脑科,Success,True,True,513,6567
000733.SZ,振华科技,Success,True,True,513,6567
002624.SZ,完美世界,Success,True,True,513,6567
300467.SZ,迅游科技,Success,True,True,513,6567
002650.SZ,ST加加,Success,True,True,513,6566
300094.SZ,国联水产,Success,True,True,513,6567
003038.SZ,鑫铂股份,Success,True,True,513,6567
300278.SZ,华昌达,Success,True,True,513,6567
300663.SZ,科蓝软件,Success,True,True,513,6567
000543.SZ,皖能电力,Success,True,True,513,6567
000158.SZ,常山北明,Success,True,True,513,6567
002454.SZ,松芝股份,Success,True,True,513,6567
300617.SZ,安靠智电,Success,True,True,513,6567
002991.SZ,甘源食品,Success,True,True,513,6567
301097.SZ,天益医疗,Success,True,True,513,6567
000537.SZ,绿发电力,Success,True,True,513,6567
000886.SZ,海南高速,Success,True,True,513,6567
002420.SZ,毅昌科技,Success,True,True,513,6567
300290.SZ,荣科科技,Success,True,True,513,6567
002979.SZ,雷赛智能,Success,True,True,513,6567
301109.SZ,军信股份,Success,True,True,513,6567
301512.SZ,智信精密,Success,True,True,513,6567
300789.SZ,唐源电气,Success,True,True,513,6567
001229.SZ,魅视科技,Success,True,True,513,6567
301566.SZ,达利凯普,Success,True,True,513,6567
002556.SZ,辉隆股份,Success,True,True,513,6567
300761.SZ,立华股份,Success,True,True,513,6567
002139.SZ,拓邦股份,Success,True,True,513,6567
002522.SZ,浙江众成,Success,True,True,513,6567
300715.SZ,凯伦股份,Success,True,True,513,6567
301195.SZ,北路智控,Success,True,True,513,6567
002893.SZ,京能热力,Success,True,True,513,6567
002362.SZ,汉王科技,Success,True,True,513,6567
002779.SZ,中坚科技,Success,True,True,513,6567
300155.SZ,安居宝,Success,True,True,513,6567
002316.SZ,亚联发展,Success,True,True,513,6567
300121.SZ,阳谷华泰,Success,True,True,513,6567
300817.SZ,双飞集团,Success,True,True,513,6567
002791.SZ,坚朗五金,Success,True,True,513,6567
000686.SZ,东北证券,Success,True,True,513,6567
301326.SZ,捷邦科技,Success,True,True,513,6567
300863.SZ,卡倍亿,Success,True,True,513,6567
300915.SZ,海融科技,Success,True,True,513,6567
003013.SZ,地铁设计,Success,True,True,513,6567
002693.SZ,*ST双成,Success,True,True,513,6567
300961.SZ,深水海纳,Success,True,True,513,6567
300057.SZ,万顺新材,Success,True,True,513,6567
300438.SZ,鹏辉能源,Success,True,True,513,6567
000718.SZ,苏宁环球,Success,True,True,513,6567
002214.SZ,*ST大立,Success,True,True,513,6567
300989.SZ,蕾奥规划,Success,True,True,513,6567
002952.SZ,亚世光电,Success,True,True,513,6567
301020.SZ,密封科技,Success,True,True,513,6567
002926.SZ,华西证券,Success,True,True,513,6567
001300.SZ,三柏硕,Success,True,True,513,6567
002497.SZ,雅化集团,Success,True,True,513,6567
000831.SZ,中国稀土,Success,True,True,513,6567
300227.SZ,光韵达,Success,True,True,513,6567
002010.SZ,传化智联,Success,True,True,513,6567
300648.SZ,星云股份,Success,True,True,513,6567
300253.SZ,卫宁健康,Success,True,True,513,6567
000568.SZ,泸州老窖,Success,True,True,513,6568
002064.SZ,华峰化学,Success,True,True,513,6568
002112.SZ,三变科技,Success,True,True,513,6568
002166.SZ,莱茵生物,Success,True,True,513,6568
300351.SZ,永贵电器,Success,True,True,513,6568
301156.SZ,美农生物,Success,True,True,513,6568
002850.SZ,科达利,Success,True,True,513,6568
002595.SZ,豪迈科技,Success,True,True,513,6568
000933.SZ,神火股份,Success,True,True,513,6568
301539.SZ,宏鑫科技,Success,True,True,447,6568
002824.SZ,和胜股份,Success,True,True,513,6568
301122.SZ,采纳股份,Success,True,True,513,6568
000099.SZ,中信海直,Success,True,True,513,6568
001202.SZ,炬申股份,Success,True,True,513,6568
300234.SZ,开尔新材,Success,True,True,513,6568
002418.SZ,康盛股份,Success,True,True,513,6568
002003.SZ,伟星股份,Success,True,True,513,6568
300240.SZ,飞力达,Success,True,True,513,6568
002077.SZ,大港股份,Success,True,True,513,6568
002941.SZ,新疆交建,Success,True,True,513,6568
301047.SZ,义翘神州,Success,True,True,513,6568
001367.SZ,海森药业,Success,True,True,513,6568
000856.SZ,冀东装备,Success,True,True,513,6568
301428.SZ,世纪恒通,Success,True,True,513,6568
000593.SZ,德龙汇能,Success,True,True,513,6568
301033.SZ,迈普医学,Success,True,True,513,6568
002935.SZ,天奥电子,Success,True,True,513,6568
001313.SZ,粤海饲料,Success,True,True,513,6568
002484.SZ,江海股份,Success,True,True,513,6568
000822.SZ,山东海化,Success,True,True,513,6568
002843.SZ,泰嘉股份,Success,True,True,513,6568
002586.SZ,ST围海,Success,True,True,513,6567
000920.SZ,沃顿科技,Success,True,True,513,6568
002837.SZ,英维克,Success,True,True,513,6568
301131.SZ,聚赛龙,Success,True,True,513,6568
001211.SZ,双枪科技,Success,True,True,513,6568
002101.SZ,广东鸿图,Success,True,True,513,6568
001696.SZ,宗申动力,Success,True,True,513,6568
000016.SZ,深康佳Ａ,Success,True,True,513,6568
002175.SZ,东方智造,Success,True,True,513,6568
300759.SZ,康龙化成,Success,True,True,513,6568
300342.SZ,天银机电,Success,True,True,513,6568
000062.SZ,深圳华强,Success,True,True,513,6568
300804.SZ,广康生化,Success,True,True,513,6568
002782.SZ,可立克,Success,True,True,513,6568
002399.SZ,海普瑞,Success,True,True,513,6568
000695.SZ,滨海能源,Success,True,True,513,6568
301335.SZ,天元宠物,Success,True,True,513,6568
300870.SZ,欧陆通,Success,True,True,513,6568
002371.SZ,北方华创,Success,True,True,513,6568
300146.SZ,汤臣倍健,Success,True,True,513,6568
002305.SZ,*ST南置,Success,True,True,513,6568
300898.SZ,熊猫乳品,Success,True,True,513,6568
300132.SZ,青松股份,Success,True,True,513,6568
300529.SZ,健帆生物,Success,True,True,513,6568
000609.SZ,ST中迪,Success,True,True,513,6568
300044.SZ,ST赛为,Success,True,True,513,6568
002273.SZ,水晶光电,Success,True,True,513,6568
002668.SZ,TCL智家,Success,True,True,513,6568
300030.SZ,阳普医疗,Success,True,True,513,6568
002207.SZ,准油股份,Success,True,True,513,6568
000797.SZ,中国武夷,Success,True,True,513,6568
301237.SZ,和顺科技,Success,True,True,513,6568
300906.SZ,日月明,Success,True,True,513,6568
003000.SZ,劲仔食品,Success,True,True,513,6568
301658.SZ,首航新能,Success,True,True,213,6568
300972.SZ,万辰集团,Success,True,True,513,6568
000972.SZ,*ST中基,Success,True,True,513,6568
002865.SZ,钧达股份,Success,True,True,513,6569
301163.SZ,宏德股份,Success,True,True,513,6568
301578.SZ,辰奕智能,Success,True,True,513,6568
000906.SZ,浙商中拓,Success,True,True,513,6569
301117.SZ,佳缘科技,Success,True,True,513,6568
002811.SZ,郑中设计,Success,True,True,513,6569
300797.SZ,钢研纳克,Success,True,True,513,6569
002127.SZ,南极电商,Success,True,True,513,6569
300310.SZ,宜通世纪,Success,True,True,513,6569
301590.SZ,优优绿能,Success,True,True,172,6569
000030.SZ,富奥股份,Success,True,True,513,6569
002153.SZ,石基信息,Success,True,True,513,6569
002548.SZ,金新农,Success,True,True,513,6569
300364.SZ,中文在线,Success,True,True,513,6569
300212.SZ,易华录,Success,True,True,513,6569
300609.SZ,汇纳科技,Success,True,True,513,6569
000529.SZ,广弘控股,Success,True,True,513,6569
301089.SZ,拓新药业,Success,True,True,513,6569
000898.SZ,鞍钢股份,Success,True,True,513,6569
002025.SZ,航天电器,Success,True,True,513,6569
300266.SZ,兴源环境,Success,True,True,513,6569
002051.SZ,中工国际,Success,True,True,513,6569
301061.SZ,匠心家居,Success,True,True,513,6569
002967.SZ,广电计量,Success,True,True,513,6569
002913.SZ,奥士康,Success,True,True,513,6569
301015.SZ,百洋医药,Success,True,True,513,6569
001335.SZ,信凯科技,Success,True,True,205,6569
300695.SZ,兆丰股份,Success,True,True,513,6569
300479.SZ,神思电子,Success,True,True,513,6569
300062.SZ,中能电气,Success,True,True,513,6569
000759.SZ,中百集团,Success,True,True,513,6569
002255.SZ,海陆重工,Success,True,True,513,6569
300016.SZ,北陆药业,Success,True,True,513,6569
002221.SZ,东华能源,Success,True,True,513,6569
301211.SZ,亨迪药业,Success,True,True,513,6569
300491.SZ,通合科技,Success,True,True,513,6569
003026.SZ,中晶科技,Success,True,True,513,6569
300920.SZ,润阳科技,Success,True,True,513,6569
301265.SZ,华新环保,Success,True,True,513,6569
300822.SZ,贝仕达克,Success,True,True,513,6569
301313.SZ,凡拓数创,Success,True,True,513,6569
300188.SZ,国投智能,Success,True,True,513,6569
300593.SZ,新雷能,Success,True,True,513,6569
300856.SZ,科思股份,Success,True,True,513,6569
301367.SZ,瑞迈特,Success,True,True,513,6569
002357.SZ,富临运业,Success,True,True,513,6569
300160.SZ,秀强股份,Success,True,True,513,6569
002738.SZ,中矿资源,Success,True,True,513,6569
002323.SZ,雅博股份,Success,True,True,513,6569
301202.SZ,朗威股份,Success,True,True,513,6569
300099.SZ,尤洛卡,Success,True,True,513,6569
300482.SZ,万孚生物,Success,True,True,513,6569
003035.SZ,南网能源,Success,True,True,513,6569
300933.SZ,中辰股份,Success,True,True,513,6569
301276.SZ,嘉曼服饰,Success,True,True,513,6569
300947.SZ,德必集团,Success,True,True,513,6569
003041.SZ,真爱美家,Success,True,True,513,6569
300071.SZ,福石控股,Success,True,True,513,6569
002246.SZ,北化股份,Success,True,True,513,6569
300005.SZ,探路者,Success,True,True,513,6569
002629.SZ,仁智股份,Success,True,True,513,6570
002232.SZ,启明信息,Success,True,True,513,6570
002344.SZ,海宁皮城,Success,True,True,513,6570
300568.SZ,星源材质,Success,True,True,513,6570
300173.SZ,ST福能,Success,True,True,513,6569
002330.SZ,得利斯,Success,True,True,513,6570
300107.SZ,建新股份,Success,True,True,513,6570
300831.SZ,派瑞股份,Success,True,True,513,6570
301300.SZ,远翔新材,Success,True,True,513,6569
300580.SZ,贝斯特,Success,True,True,513,6570
300845.SZ,捷安高科,Success,True,True,513,6570
000989.SZ,九芝堂,Success,True,True,513,6570
002134.SZ,天津普林,Success,True,True,513,6570
300303.SZ,聚飞光电,Success,True,True,513,6570
300718.SZ,长盛轴承,Success,True,True,513,6570
301198.SZ,喜悦智行,Success,True,True,513,6570
002140.SZ,东华科技,Success,True,True,513,6570
300377.SZ,赢时胜,Success,True,True,513,6570
002876.SZ,三利谱,Success,True,True,513,6570
301170.SZ,锡南科技,Success,True,True,513,6570
000915.SZ,华特达因,Success,True,True,513,6570
002802.SZ,洪汇新材,Success,True,True,513,6570
300784.SZ,利安科技,Success,True,True,411,6570
301072.SZ,中捷精工,Success,True,True,513,6570
301469.SZ,恒达新材,Success,True,True,513,6570
000863.SZ,三湘印象,Success,True,True,513,6570
002900.SZ,哈三联,Success,True,True,513,6570
301006.SZ,迈拓股份,Success,True,True,513,6570
001326.SZ,联域股份,Success,True,True,513,6570
300686.SZ,智动力,Success,True,True,513,6570
300201.SZ,海伦哲,Success,True,True,513,6570
002036.SZ,联创电子,Success,True,True,513,6570
300275.SZ,梅安森,Success,True,True,513,6570
000155.SZ,川能动力,Success,True,True,513,6570
002042.SZ,华孚时尚,Success,True,True,513,6570
002459.SZ,晶澳科技,Success,True,True,513,6570
300955.SZ,嘉亨家化,Success,True,True,513,6570
300490.SZ,华自科技,Success,True,True,513,6570
301210.SZ,金杨精密,Success,True,True,513,6570
003027.SZ,同兴科技,Success,True,True,513,6570
300921.SZ,南凌科技,Success,True,True,513,6570
300017.SZ,网宿科技,Success,True,True,513,6570
000758.SZ,中色股份,Success,True,True,513,6570
300063.SZ,天龙集团,Success,True,True,513,6570
300478.SZ,杭州高新,Success,True,True,513,6570
001872.SZ,招商港口,Success,True,True,513,6570
002254.SZ,泰和新材,Success,True,True,513,6570
002322.SZ,理工能科,Success,True,True,513,6570
002739.SZ,万达电影,Success,True,True,513,6570
300115.SZ,长盈精密,Success,True,True,513,6570
002356.SZ,赫美集团,Success,True,True,513,6570
300161.SZ,华中数控,Success,True,True,513,6570
300857.SZ,协创数据,Success,True,True,513,6570
301366.SZ,一博科技,Success,True,True,513,6570
300823.SZ,建科智能,Success,True,True,513,6570
300592.SZ,华凯易佰,Success,True,True,513,6570
300189.SZ,神农种业,Success,True,True,513,6570
301312.SZ,智立方,Success,True,True,513,6570
002549.SZ,凯美特气,Success,True,True,513,6570
002152.SZ,广电运通,Success,True,True,513,6570
000045.SZ,深纺织Ａ,Success,True,True,513,6570
300365.SZ,恒华科技,Success,True,True,513,6570
002126.SZ,银轮股份,Success,True,True,513,6570
000031.SZ,大悦城,Success,True,True,513,6570
301591.SZ,肯特股份,Success,True,True,478,6570
300311.SZ,ST任子行,Success,True,True,513,6570
300796.SZ,贝斯美,Success,True,True,513,6570
001236.SZ,弘业期货,Success,True,True,513,6571
301116.SZ,益客食品,Success,True,True,513,6570
002810.SZ,山东赫达,Success,True,True,513,6571
000973.SZ,佛塑科技,Success,True,True,513,6571
002864.SZ,盘龙药业,Success,True,True,513,6571
301162.SZ,国能日新,Success,True,True,513,6571
300694.SZ,蠡湖股份,Success,True,True,513,6571
002912.SZ,中新赛克,Success,True,True,513,6571
301060.SZ,兰卫医学,Success,True,True,513,6571
002966.SZ,苏州银行,Success,True,True,513,6571
300267.SZ,尔康制药,Success,True,True,513,6571
002050.SZ,三花智控,Success,True,True,513,6571
301088.SZ,戎美股份,Success,True,True,513,6571
000528.SZ,柳 工,Success,True,True,513,6571
300608.SZ,思特奇,Success,True,True,513,6571
300213.SZ,佳讯飞鸿,Success,True,True,513,6571
000899.SZ,赣能股份,Success,True,True,513,6571
002024.SZ,ST易购,Success,True,True,513,6571
300785.SZ,值得买,Success,True,True,513,6571
001225.SZ,和泰机电,Success,True,True,513,6571
301105.SZ,鸿铭股份,Success,True,True,513,6571
002803.SZ,吉宏股份,Success,True,True,513,6571
000960.SZ,锡业股份,Success,True,True,513,6571
002877.SZ,智能自控,Success,True,True,513,6571
301171.SZ,易点天下,Success,True,True,513,6571
002141.SZ,贤丰控股,Success,True,True,513,6571
000056.SZ,皇庭国际,Success,True,True,513,6571
300376.SZ,易事特,Success,True,True,513,6571
000988.SZ,华工科技,Success,True,True,513,6571
002135.SZ,东南网架,Success,True,True,513,6571
301199.SZ,迈赫股份,Success,True,True,513,6571
300719.SZ,安达维尔,Success,True,True,513,6571
300302.SZ,同有科技,Success,True,True,513,6571
300274.SZ,阳光电源,Success,True,True,513,6571
002458.SZ,益生股份,Success,True,True,513,6571
002043.SZ,兔 宝 宝,Success,True,True,513,6571
300200.SZ,高盟新材,Success,True,True,513,6571
002037.SZ,保利联合,Success,True,True,513,6571
300687.SZ,赛意信息,Success,True,True,513,6571
002901.SZ,大博医疗,Success,True,True,513,6571
301007.SZ,德迈仕,Success,True,True,513,6571
000816.SZ,智慧农业,Success,True,True,513,6571
301468.SZ,博盈特焊,Success,True,True,513,6571
301073.SZ,君亭酒店,Success,True,True,513,6571
002975.SZ,博杰股份,Success,True,True,513,6571
000862.SZ,银星能源,Success,True,True,513,6571
300004.SZ,南风股份,Success,True,True,513,6571
002233.SZ,塔牌集团,Success,True,True,513,6571
002628.SZ,成都路桥,Success,True,True,513,6571
300070.SZ,碧水源,Success,True,True,513,6571
002247.SZ,聚力文化,Success,True,True,513,6571
301277.SZ,新天地,Success,True,True,513,6571
300946.SZ,恒而达,Success,True,True,513,6571
003040.SZ,楚天龙,Success,True,True,513,6571
300483.SZ,首华燃气,Success,True,True,513,6571
300098.SZ,高新兴,Success,True,True,513,6571
301203.SZ,国泰环保,Success,True,True,513,6571
301618.SZ,长联科技,Success,True,True,333,6571
300932.SZ,三友联众,Success,True,True,513,6571
300844.SZ,山水比德,Success,True,True,513,6571
300830.SZ,金现代,Success,True,True,513,6571
300581.SZ,晨曦航空,Success,True,True,513,6571
301301.SZ,川宁生物,Success,True,True,513,6571
002331.SZ,皖通科技,Success,True,True,513,6572
300106.SZ,西部牧业,Success,True,True,513,6572
002345.SZ,潮宏基,Success,True,True,513,6572
300172.SZ,中电环保,Success,True,True,513,6572
300569.SZ,天能重工,Success,True,True,513,6572
300252.SZ,金信诺,Success,True,True,513,6572
300649.SZ,杭州园林,Success,True,True,513,6572
002065.SZ,东华软件,Success,True,True,513,6572
300226.SZ,上海钢联,Success,True,True,513,6572
002011.SZ,盾安环境,Success,True,True,513,6572
001301.SZ,尚太科技,Success,True,True,513,6572
301021.SZ,英诺激光,Success,True,True,513,6572
002927.SZ,泰永长征,Success,True,True,513,6572
000581.SZ,威孚高科,Success,True,True,513,6572
000830.SZ,鲁西化工,Success,True,True,513,6572
002496.SZ,*ST辉丰,Success,True,True,513,6572
002953.SZ,日丰股份,Success,True,True,513,6572
301055.SZ,张小泉,Success,True,True,513,6572
000932.SZ,华菱钢铁,Success,True,True,513,6572
002594.SZ,比亚迪,Success,True,True,513,6572
001203.SZ,大中矿业,Success,True,True,513,6572
002825.SZ,纳尔股份,Success,True,True,513,6572
301123.SZ,奕东电子,Success,True,True,513,6572
301538.SZ,骏鼎达,Success,True,True,463,6572
001277.SZ,速达股份,Success,True,True,350,6572
301157.SZ,华塑科技,Success,True,True,513,6572
002851.SZ,麦格米特,Success,True,True,513,6572
002167.SZ,东方锆业,Success,True,True,513,6572
000070.SZ,特发信息,Success,True,True,513,6572
300350.SZ,华鹏飞,Success,True,True,513,6572
002508.SZ,老板电器,Success,True,True,513,6572
000004.SZ,*ST国华,Success,True,True,513,6572
300324.SZ,旋极信息,Success,True,True,513,6572
300862.SZ,蓝盾光电,Success,True,True,513,6572
301353.SZ,普莱得,Success,True,True,513,6572
002790.SZ,瑞尔特,Success,True,True,513,6572
300816.SZ,艾可蓝,Success,True,True,513,6572
301327.SZ,华宝新能,Success,True,True,513,6572
002317.SZ,众生药业,Success,True,True,513,6572
300120.SZ,经纬辉开,Success,True,True,513,6572
002778.SZ,中晟高科,Success,True,True,513,6572
002363.SZ,隆基机械,Success,True,True,513,6572
300154.SZ,瑞凌股份,Success,True,True,513,6572
000719.SZ,中原传媒,Success,True,True,513,6572
300439.SZ,美康生物,Success,True,True,513,6572
300022.SZ,吉峰科技,Success,True,True,513,6572
300988.SZ,津荣天宇,Success,True,True,513,6572
002215.SZ,诺 普 信,Success,True,True,513,6572
300056.SZ,中创环保,Success,True,True,513,6572
002261.SZ,拓维信息,Success,True,True,513,6572
301251.SZ,威尔高,Success,True,True,513,6572
300960.SZ,通业科技,Success,True,True,513,6572
301225.SZ,恒勃股份,Success,True,True,513,6572
000785.SZ,居然智家,Success,True,True,513,6572
002289.SZ,*ST宇顺,Success,True,True,513,6572
002692.SZ,远程股份,Success,True,True,513,6572
003012.SZ,东鹏控股,Success,True,True,513,6572
300899.SZ,*ST凯鑫,Success,True,True,513,6572
002304.SZ,洋河股份,Success,True,True,513,6572
000608.SZ,*ST阳光,Success,True,True,513,6572
300528.SZ,幸福蓝海,Success,True,True,513,6573
300133.SZ,华策影视,Success,True,True,513,6573
002370.SZ,亚太药业,Success,True,True,513,6573
300147.SZ,ST香雪,Success,True,True,513,6573
300871.SZ,回盛生物,Success,True,True,513,6573
002398.SZ,垒知集团,Success,True,True,513,6573
002783.SZ,凯龙股份,Success,True,True,513,6573
300805.SZ,电声股份,Success,True,True,513,6573
300973.SZ,立高食品,Success,True,True,513,6573
301236.SZ,软通动力,Success,True,True,513,6573
000796.SZ,凯撒旅业,Success,True,True,513,6573
002681.SZ,奋达科技,Success,True,True,513,6573
300907.SZ,康平科技,Success,True,True,513,6573
003001.SZ,中岩大地,Success,True,True,513,6573
300031.SZ,宝通科技,Success,True,True,513,6573
002206.SZ,海 利 得,Success,True,True,513,6573
300045.SZ,华力创通,Success,True,True,513,6573
002669.SZ,康达新材,Success,True,True,513,6573
002272.SZ,川润股份,Success,True,True,513,6573
301032.SZ,新柴股份,Success,True,True,513,6573
301429.SZ,森泰股份,Success,True,True,513,6573
000592.SZ,平潭发展,Success,True,True,513,6573
000823.SZ,超声电子,Success,True,True,513,6573
002485.SZ,ST雪发,Success,True,True,513,6572
001366.SZ,播恩集团,Success,True,True,513,6573
002940.SZ,昂利康,Success,True,True,513,6573
301046.SZ,能辉科技,Success,True,True,513,6573
300241.SZ,瑞丰光电,Success,True,True,513,6573
002076.SZ,*ST星光,Success,True,True,513,6573
300235.SZ,方直科技,Success,True,True,513,6573
002419.SZ,天虹股份,Success,True,True,513,6573
002174.SZ,游族网络,Success,True,True,513,6573
000063.SZ,中兴通讯,Success,True,True,513,6573
300343.SZ,ST联创,Success,True,True,513,6573
300758.SZ,七彩化学,Success,True,True,513,6573
002100.SZ,天康生物,Success,True,True,513,6573
000017.SZ,深中华A,Success,True,True,513,6573
300337.SZ,银邦股份,Success,True,True,513,6573
000921.SZ,海信家电,Success,True,True,513,6573
002587.SZ,奥拓电子,Success,True,True,513,6573
001210.SZ,金房能源,Success,True,True,513,6573
002836.SZ,新宏泽,Success,True,True,513,6573
301130.SZ,西点药业,Success,True,True,513,6573
000955.SZ,欣龙控股,Success,True,True,513,6573
002842.SZ,翔鹭钨业,Success,True,True,513,6573
300184.SZ,力源信息,Success,True,True,513,6573
000657.SZ,中钨高新,Success,True,True,507,6573
300577.SZ,开润股份,Success,True,True,513,6573
002734.SZ,利民股份,Success,True,True,513,6573
000623.SZ,吉林敖东,Success,True,True,513,6573
301383.SZ,天键股份,Success,True,True,513,6573
300118.SZ,东方日升,Success,True,True,513,6573
300503.SZ,昊志机电,Success,True,True,513,6573
000755.SZ,山西高速,Success,True,True,513,6573
300475.SZ,香农芯创,Success,True,True,513,6573
002259.SZ,升达林业,Success,True,True,513,6573
002642.SZ,荣联科技,Success,True,True,513,6573
000721.SZ,西安饮食,Success,True,True,513,6573
301281.SZ,科源制药,Success,True,True,513,6573
300401.SZ,花园生物,Success,True,True,513,6573
002636.SZ,金安国纪,Success,True,True,513,6573
300086.SZ,康芝药业,Success,True,True,513,6573
301606.SZ,绿联科技,Success,True,True,377,6573
301269.SZ,华大九天,Success,True,True,513,6573
300958.SZ,建工修复,Success,True,True,513,6573
000525.SZ,红太阳,Success,True,True,513,6574
002983.SZ,芯瑞达,Success,True,True,513,6574
301085.SZ,亚康股份,Success,True,True,513,6573
300605.SZ,恒锋信息,Success,True,True,513,6574
002432.SZ,九安医疗,Success,True,True,513,6573
002029.SZ,七 匹 狼,Success,True,True,513,6574
000551.SZ,创元科技,Success,True,True,513,6574
300671.SZ,富满微,Success,True,True,513,6574
002446.SZ,盛路通信,Success,True,True,513,6574
001339.SZ,智微智能,Success,True,True,513,6574
300699.SZ,光威复材,Success,True,True,513,6574
301019.SZ,宁波色母,Success,True,True,513,6574
002869.SZ,金溢科技,Success,True,True,513,6574
300380.SZ,安硕信息,Success,True,True,513,6574
301500.SZ,飞南资源,Success,True,True,513,6574
002530.SZ,金财互联,Success,True,True,513,6574
301187.SZ,欧圣电气,Success,True,True,513,6574
002881.SZ,美格智能,Success,True,True,513,6574
300707.SZ,威唐工业,Success,True,True,513,6574
002544.SZ,普天科技,Success,True,True,513,6574
000048.SZ,京基智农,Success,True,True,513,6574
300773.SZ,拉卡拉,Success,True,True,513,6574
300368.SZ,汇金股份,Success,True,True,513,6574
002978.SZ,安宁股份,Success,True,True,513,6574
300291.SZ,百纳千成,Success,True,True,513,6574
000536.SZ,华映科技,Success,True,True,513,6574
002990.SZ,盛视科技,Success,True,True,513,6574
301096.SZ,百诚医药,Success,True,True,513,6574
300616.SZ,尚品宅配,Success,True,True,513,6574
002421.SZ,达实智能,Success,True,True,513,6574
000887.SZ,中鼎股份,Success,True,True,513,6574
000159.SZ,国际实业,Success,True,True,513,6574
300662.SZ,科锐国际,Success,True,True,513,6574
300279.SZ,和晶科技,Success,True,True,513,6574
002455.SZ,百川股份,Success,True,True,513,6574
002523.SZ,天桥起重,Success,True,True,513,6574
000985.SZ,大庆华科,Success,True,True,513,6574
002138.SZ,顺络电子,Success,True,True,513,6574
002892.SZ,科力尔,Success,True,True,513,6574
002557.SZ,洽洽食品,Success,True,True,513,6574
300760.SZ,迈瑞医疗,Success,True,True,513,6574
301567.SZ,贝隆精密,Success,True,True,503,6574
000919.SZ,金陵药业,Success,True,True,513,6574
001228.SZ,永泰运,Success,True,True,513,6574
300393.SZ,中来股份,Success,True,True,513,6574
300788.SZ,中信出版,Success,True,True,513,6574
301108.SZ,洁雅股份,Success,True,True,513,6574
002348.SZ,高乐股份,Success,True,True,513,6574
002753.SZ,永东股份,Success,True,True,513,6574
300564.SZ,筑博设计,Success,True,True,513,6574
002727.SZ,一心堂,Success,True,True,513,6574
000630.SZ,铜陵有色,Success,True,True,513,6574
301390.SZ,经纬股份,Success,True,True,513,6574
300510.SZ,金冠股份,Success,True,True,513,6574
300197.SZ,节能铁汉,Success,True,True,513,6574
300849.SZ,锦盛新材,Success,True,True,513,6574
301378.SZ,通达海,Success,True,True,513,6574
300095.SZ,华伍股份,Success,True,True,513,6574
003039.SZ,顺控发展,Success,True,True,513,6574
300466.SZ,赛摩智能,Success,True,True,513,6574
002651.SZ,利君股份,Success,True,True,513,6574
301292.SZ,海科新源,Success,True,True,513,6574
300009.SZ,安科生物,Success,True,True,513,6574
300412.SZ,迦南科技,Success,True,True,513,6574
002625.SZ,光启技术,Success,True,True,513,6574
000009.SZ,中国宝安,Success,True,True,513,6575
300329.SZ,海伦钢琴,Success,True,True,513,6575
300732.SZ,设研院,Success,True,True,513,6575
002571.SZ,德力股份,Success,True,True,513,6575
300746.SZ,汉嘉数智,Success,True,True,513,6575
002599.SZ,盛通股份,Success,True,True,513,6575
002182.SZ,宝武镁业,Success,True,True,513,6575
301535.SZ,浙江华远,Success,True,True,217,6575
002828.SZ,贝肯能源,Success,True,True,513,6575
001378.SZ,德冠新材,Success,True,True,513,6575
301058.SZ,中粮科工,Success,True,True,513,6575
002080.SZ,中材科技,Success,True,True,513,6575
000510.SZ,新金路,Success,True,True,513,6575
001390.SZ,古麒绒材,Success,True,True,176,6575
002407.SZ,多氟多,Success,True,True,513,6575
000564.SZ,供销大集,Success,True,True,513,6575
300644.SZ,南京聚隆,Success,True,True,513,6575
002068.SZ,黑猫股份,Success,True,True,513,6575
000788.SZ,北大医药,Success,True,True,513,6575
301633.SZ,港迪技术,Success,True,True,310,6575
301228.SZ,实朴检测,Success,True,True,513,6575
002284.SZ,亚太股份,Success,True,True,513,6575
300919.SZ,中伟新材,Success,True,True,513,6575
300440.SZ,运达科技,Success,True,True,513,6575
002677.SZ,浙江美大,Success,True,True,513,6575
300434.SZ,金石亚药,Success,True,True,513,6575
300985.SZ,致远新能,Success,True,True,513,6575
002603.SZ,以岭药业,Success,True,True,513,6575
002218.SZ,拓日新能,Success,True,True,513,6575
002775.SZ,文科股份,Success,True,True,513,6575
300542.SZ,新晨科技,Success,True,True,513,6575
300159.SZ,*ST新研,Success,True,True,513,6575
300887.SZ,谱尼测试,Success,True,True,513,6575
002701.SZ,奥瑞金,Success,True,True,513,6575
300536.SZ,农尚环境,Success,True,True,513,6575
002386.SZ,天原股份,Success,True,True,513,6575
300453.SZ,三鑫医疗,Success,True,True,513,6575
300048.SZ,合康新能,Success,True,True,513,6575
002664.SZ,信质集团,Success,True,True,513,6575
000707.SZ,双环科技,Success,True,True,513,6575
300427.SZ,红相股份,Success,True,True,513,6575
300996.SZ,普联软件,Success,True,True,513,6575
002297.SZ,博云新材,Success,True,True,513,6575
002395.SZ,双象股份,Success,True,True,513,6575
300808.SZ,久量股份,Success,True,True,513,6575
301339.SZ,通行宝,Success,True,True,513,6575
002766.SZ,索菱股份,Success,True,True,513,6575
300551.SZ,古鳌科技,Success,True,True,513,6575
300894.SZ,火星人,Success,True,True,513,6575
002712.SZ,思美传媒,Success,True,True,513,6575
002309.SZ,中利集团,Success,True,True,513,6575
000605.SZ,渤海股份,Success,True,True,513,6575
300525.SZ,博思软件,Success,True,True,513,6575
000958.SZ,电投产融,Success,True,True,513,6575
001269.SZ,欧晶科技,Success,True,True,513,6575
301149.SZ,隆华新材,Success,True,True,513,6575
301552.SZ,科力装备,Success,True,True,381,6575
002191.SZ,劲嘉股份,Success,True,True,513,6575
301526.SZ,国际复材,Success,True,True,513,6575
002516.SZ,旷达科技,Success,True,True,513,6575
000401.SZ,金隅冀东,Success,True,True,513,6576
300721.SZ,怡达股份,Success,True,True,513,6576
002179.SZ,中航光电,Success,True,True,513,6576
002562.SZ,兄弟科技,Success,True,True,513,6576
300755.SZ,华致酒行,Success,True,True,513,6575
000503.SZ,国新健康,Success,True,True,513,6576
300238.SZ,冠昊生物,Success,True,True,513,6576
300623.SZ,捷捷微电,Success,True,True,513,6576
002414.SZ,高德红外,Success,True,True,513,6576
300657.SZ,弘信电子,Success,True,True,513,6576
002460.SZ,赣锋锂业,Success,True,True,513,6576
002939.SZ,长城证券,Success,True,True,513,6576
002488.SZ,金固股份,Success,True,True,513,6576
002093.SZ,国脉科技,Success,True,True,513,6576
300395.SZ,菲利华,Success,True,True,513,6576
002808.SZ,*ST恒久,Success,True,True,513,6576
301515.SZ,港通医疗,Success,True,True,513,6576
000983.SZ,山西焦煤,Success,True,True,513,6576
301192.SZ,泰祥股份,Success,True,True,513,6576
000029.SZ,深深房Ａ,Success,True,True,513,6576
301589.SZ,诺瓦星云,Success,True,True,486,6576
300712.SZ,永福股份,Success,True,True,513,6576
002551.SZ,尚荣医疗,Success,True,True,513,6576
300766.SZ,每日互动,Success,True,True,513,6576
002996.SZ,顺博合金,Success,True,True,513,6576
301090.SZ,华润材料,Success,True,True,513,6576
000530.SZ,冰山冷热,Success,True,True,513,6576
300610.SZ,晨化股份,Success,True,True,513,6576
000881.SZ,中广核技,Success,True,True,513,6576
002427.SZ,尤夫股份,Success,True,True,513,6576
000544.SZ,中原环保,Success,True,True,513,6576
300664.SZ,鹏鹞环保,Success,True,True,513,6576
002453.SZ,华软科技,Success,True,True,513,6576
002048.SZ,宁波华翔,Success,True,True,513,6576
001358.SZ,兴欣新材,Success,True,True,513,6576
301078.SZ,孩子王,Success,True,True,513,6576
000869.SZ,张 裕Ａ,Success,True,True,513,6575
300460.SZ,ST惠伦,Success,True,True,513,6576
002657.SZ,中科金财,Success,True,True,513,6576
300414.SZ,中光防雷,Success,True,True,513,6576
002238.SZ,天威视讯,Success,True,True,513,6576
002623.SZ,亚玛顿,Success,True,True,513,6576
300488.SZ,恒锋工具,Success,True,True,513,6576
300093.SZ,*ST金刚,Success,True,True,513,6576
301208.SZ,中亦科技,Success,True,True,513,6576
301613.SZ,新铝时代,Success,True,True,319,6576
300939.SZ,秋田微,Success,True,True,513,6576
301667.SZ,纳百川,Success,True,True,35,6576
300191.SZ,潜能恒信,Success,True,True,513,6576
002755.SZ,奥赛康,Success,True,True,513,6576
300179.SZ,四方达,Success,True,True,513,6576
300562.SZ,乐心医疗,Success,True,True,513,6576
002721.SZ,金一文化,Success,True,True,513,6576
301396.SZ,宏景科技,Success,True,True,513,6576
000636.SZ,风华高科,Success,True,True,513,6576
300516.SZ,久之洋,Success,True,True,513,6576
300080.SZ,易成新能,Success,True,True,513,6576
301600.SZ,慧翰股份,Success,True,True,344,6576
000753.SZ,漳州发展,Success,True,True,513,6576
300068.SZ,南都电源,Success,True,True,513,6576
300473.SZ,德尔股份,Success,True,True,513,6576
002644.SZ,佛慈制药,Success,True,True,513,6576
301287.SZ,康力源,Success,True,True,513,6576
000727.SZ,冠捷科技,Success,True,True,513,6576
300407.SZ,凯发电气,Success,True,True,513,6576
002630.SZ,ST华西,Success,True,True,513,6576
002746.SZ,仙坛股份,Success,True,True,513,6576
000651.SZ,格力电器,Success,True,True,513,6576
300571.SZ,平治信息,Success,True,True,513,6576
002329.SZ,皇氏集团,Success,True,True,513,6576
002732.SZ,燕塘乳业,Success,True,True,513,6577
000625.SZ,长安汽车,Success,True,True,513,6577
300505.SZ,川金诺,Success,True,True,513,6577
300828.SZ,锐新科技,Success,True,True,508,5543
300599.SZ,雄塑科技,Success,True,True,513,6577
300182.SZ,捷成股份,Success,True,True,513,6577
301319.SZ,唯特偶,Success,True,True,513,6576
000990.SZ,诚志股份,Success,True,True,513,6577
002536.SZ,飞龙股份,Success,True,True,513,6577
301181.SZ,标榜股份,Success,True,True,513,6577
002887.SZ,绿茵生态,Success,True,True,513,6577
000421.SZ,南京公用,Success,True,True,513,6577
300701.SZ,森霸传感,Success,True,True,513,6577
002542.SZ,中化岩土,Success,True,True,513,6577
002159.SZ,三特索道,Success,True,True,513,6577
300775.SZ,三角防务,Success,True,True,513,6577
000978.SZ,桂林旅游,Success,True,True,513,6577
301169.SZ,零点有数,Success,True,True,513,6577
300386.SZ,飞天诚信,Success,True,True,513,6577
300284.SZ,苏交科,Success,True,True,513,6577
002919.SZ,名臣健康,Success,True,True,513,6577
002985.SZ,北摩高科,Success,True,True,513,6577
301083.SZ,百胜智能,Success,True,True,513,6577
301498.SZ,乖宝宠物,Success,True,True,513,6577
000523.SZ,红棉股份,Success,True,True,513,6577
300603.SZ,立昂技术,Success,True,True,513,6577
300218.SZ,安利股份,Success,True,True,513,6577
000892.SZ,欢瑞世纪,Success,True,True,513,6577
002434.SZ,万里扬,Success,True,True,513,6577
000557.SZ,西部创业,Success,True,True,513,6577
300677.SZ,英科医疗,Success,True,True,513,6577
002440.SZ,闰土股份,Success,True,True,513,6577
002760.SZ,凤形股份,Success,True,True,513,6577
000677.SZ,恒天海龙,Success,True,True,513,6577
300557.SZ,理工光科,Success,True,True,513,6577
300892.SZ,品渥食品,Success,True,True,513,6577
002714.SZ,牧原股份,Success,True,True,513,6577
000603.SZ,盛达资源,Success,True,True,513,6577
300523.SZ,辰安科技,Success,True,True,513,6577
300138.SZ,晨光生物,Success,True,True,513,6577
002393.SZ,力生制药,Success,True,True,513,6577
002788.SZ,鹭燕医药,Success,True,True,513,6577
301626.SZ,苏州天脉,Success,True,True,320,6577
002291.SZ,遥望科技,Success,True,True,513,6577
300978.SZ,东箭科技,Success,True,True,513,6577
300455.SZ,航天智装,Success,True,True,513,6577
002662.SZ,峰璟股份,Success,True,True,513,6577
002279.SZ,久其软件,Success,True,True,513,6577
000701.SZ,厦门信达,Success,True,True,513,6577
300421.SZ,力星股份,Success,True,True,513,6577
300990.SZ,同飞股份,Success,True,True,513,6577
002616.SZ,长青集团,Success,True,True,513,6577
301456.SZ,盘古智能,Success,True,True,513,6577
001319.SZ,铭科精技,Success,True,True,513,6577
301039.SZ,中集车辆,Success,True,True,513,6577
000599.SZ,青岛双星,Success,True,True,513,6577
000828.SZ,东莞控股,Success,True,True,513,6577
002095.SZ,生 意 宝,Success,True,True,513,6577
000505.SZ,京粮控股,Success,True,True,513,6577
300625.SZ,三雄极光,Success,True,True,513,6577
002009.SZ,天奇股份,Success,True,True,513,6578
002412.SZ,汉森制药,Success,True,True,513,6578
000571.SZ,新大洲A,Success,True,True,513,6578
300651.SZ,金陵体育,Success,True,True,513,6578
002466.SZ,天齐锂业,Success,True,True,513,6578
002510.SZ,天汽模,Success,True,True,509,5784
000407.SZ,胜利股份,Success,True,True,513,6578
300727.SZ,润禾材料,Success,True,True,513,6578
001287.SZ,中电港,Success,True,True,513,6578
002564.SZ,天沃科技,Success,True,True,513,6578
000068.SZ,华控赛格,Success,True,True,513,6578
300348.SZ,长亮科技,Success,True,True,513,6578
300753.SZ,爱朋医疗,Success,True,True,513,6578
002849.SZ,威星智能,Success,True,True,513,6578
002197.SZ,证通电子,Success,True,True,513,6578
301520.SZ,万邦医药,Success,True,True,513,6578
000516.SZ,国际医学,Success,True,True,513,6578
300636.SZ,同和药业,Success,True,True,513,6578
001396.SZ,誉帆科技,Success,True,True,30,6578
002401.SZ,中远海科,Success,True,True,513,6578
300259.SZ,新天科技,Success,True,True,513,6578
300642.SZ,透景生命,Success,True,True,513,6578
002475.SZ,立讯精密,Success,True,True,513,6578
002958.SZ,青农商行,Success,True,True,513,6578
002086.SZ,东方海洋,Success,True,True,513,6578
002184.SZ,海得控制,Success,True,True,513,6578
001208.SZ,华菱线缆,Success,True,True,513,6578
301128.SZ,强瑞技术,Success,True,True,513,6578
301533.SZ,威马农机,Success,True,True,513,6578
000488.SZ,ST晨鸣,Success,True,True,513,6578
002577.SZ,雷柏科技,Success,True,True,513,6578
300740.SZ,水羊股份,Success,True,True,513,6578
002380.SZ,科远智慧,Success,True,True,513,6578
300869.SZ,康泰医学,Success,True,True,513,6578
301358.SZ,湖南裕能,Success,True,True,513,6578
002773.SZ,康弘药业,Success,True,True,513,6578
002368.SZ,太极股份,Success,True,True,513,6578
300881.SZ,盛德鑫泰,Success,True,True,513,6578
002707.SZ,众信旅游,Success,True,True,513,6578
000610.SZ,西安旅游,Success,True,True,513,6578
300530.SZ,领湃科技,Success,True,True,513,6578
000766.SZ,通化金马,Success,True,True,513,6578
300446.SZ,航天智造,Success,True,True,513,6578
002671.SZ,龙泉股份,Success,True,True,513,6578
000712.SZ,锦龙股份,Success,True,True,513,6578
300432.SZ,富临精工,Success,True,True,513,6578
300029.SZ,*ST天龙,Success,True,True,513,6578
300983.SZ,尤安设计,Success,True,True,513,6578
002605.SZ,姚记科技,Success,True,True,513,6578
002282.SZ,博深股份,Success,True,True,513,6578
003019.SZ,宸展光电,Success,True,True,513,6578
300681.SZ,英搏尔,Success,True,True,513,6578
002907.SZ,华森制药,Success,True,True,513,6578
301001.SZ,凯淳股份,Success,True,True,513,6578
000810.SZ,创维数字,Success,True,True,513,6578
301075.SZ,多瑞医药,Success,True,True,513,6578
002973.SZ,侨银股份,Success,True,True,513,6578
300669.SZ,沪宁股份,Success,True,True,513,6578
300272.SZ,开能健康,Success,True,True,513,6578
002045.SZ,国光电器,Success,True,True,513,6578
301486.SZ,致尚科技,Success,True,True,513,6578
300206.SZ,理邦仪器,Success,True,True,513,6578
002031.SZ,巨轮智能,Success,True,True,513,6578
000050.SZ,深天马Ａ,Success,True,True,513,6578
300370.SZ,安控科技,Success,True,True,513,6578
002528.SZ,ST英飞拓,Success,True,True,513,6578
002133.SZ,广宇集团,Success,True,True,513,6578
301584.SZ,建发致新,Success,True,True,92,6578
002899.SZ,英派斯,Success,True,True,513,6579
300304.SZ,云意电气,Success,True,True,513,6579
000912.SZ,泸天化,Success,True,True,513,6579
001223.SZ,欧克科技,Success,True,True,513,6579
300398.SZ,飞凯材料,Success,True,True,513,6579
300783.SZ,三只松鼠,Success,True,True,513,6579
301518.SZ,长华化学,Success,True,True,513,6579
301103.SZ,何氏眼科,Success,True,True,513,6579
002805.SZ,丰元股份,Success,True,True,513,6579
000966.SZ,长源电力,Success,True,True,513,6579
002871.SZ,伟隆股份,Success,True,True,513,6579
301177.SZ,迪阿股份,Success,True,True,513,6579
002337.SZ,赛象科技,Success,True,True,513,6579
300100.SZ,双林股份,Success,True,True,513,6579
001965.SZ,招商公路,Success,True,True,513,6579
002343.SZ,慈文传媒,Success,True,True,513,6579
002758.SZ,浙农股份,Success,True,True,513,6579
300174.SZ,元力股份,Success,True,True,513,6579
300842.SZ,帝科股份,Success,True,True,513,6579
301373.SZ,凌玮科技,Success,True,True,513,6579
300836.SZ,佰奥智能,Success,True,True,513,6579
300587.SZ,天铁科技,Success,True,True,513,6579
301307.SZ,美利信,Success,True,True,513,6579
300940.SZ,南极光,Success,True,True,513,6579
300485.SZ,赛升药业,Success,True,True,513,6579
301205.SZ,联特科技,Success,True,True,513,6579
003032.SZ,*ST传智,Success,True,True,513,6579
000739.SZ,普洛药业,Success,True,True,513,6579
301299.SZ,卓创资讯,Success,True,True,513,6579
300002.SZ,神州泰岳,Success,True,True,513,6579
300419.SZ,ST浩丰,Success,True,True,513,6579
002235.SZ,安妮股份,Success,True,True,513,6579
300076.SZ,GQY视讯,Success,True,True,513,6579
002241.SZ,歌尔股份,Success,True,True,513,6579
300851.SZ,交大思诺,Success,True,True,513,6579
301360.SZ,荣旗科技,Success,True,True,513,6579
300825.SZ,阿尔特,Success,True,True,513,6579
300594.SZ,朗进科技,Success,True,True,513,6579
301314.SZ,科瑞思,Success,True,True,513,6579
002324.SZ,普利特,Success,True,True,513,6579
000628.SZ,高新发展,Success,True,True,513,6579
301388.SZ,欣灵电气,Success,True,True,513,6579
300113.SZ,顺网科技,Success,True,True,513,6579
300508.SZ,维宏股份,Success,True,True,513,6579
002350.SZ,北京科锐,Success,True,True,513,6579
300167.SZ,ST迪威迅,Success,True,True,513,6579
300011.SZ,鼎汉技术,Success,True,True,513,6579
002226.SZ,江南化工,Success,True,True,513,6579
300065.SZ,海兰信,Success,True,True,513,6579
002252.SZ,上海莱士,Success,True,True,513,6579
002649.SZ,博彦科技,Success,True,True,513,6579
301262.SZ,海看股份,Success,True,True,513,6579
300953.SZ,震裕科技,Success,True,True,513,6579
300496.SZ,中科创达,Success,True,True,513,6579
301216.SZ,万凯新材,Success,True,True,513,6579
003021.SZ,兆威机电,Success,True,True,513,6579
300927.SZ,江天化学,Success,True,True,513,6579
300261.SZ,雅本化学,Success,True,True,513,6579
002056.SZ,横店东磁,Success,True,True,513,6579
002988.SZ,豪美新材,Success,True,True,513,6579
300215.SZ,电科院,Success,True,True,513,6579
002439.SZ,启明星辰,Success,True,True,513,6579
002022.SZ,科华生物,Success,True,True,513,6580
001332.SZ,锡装股份,Success,True,True,513,6580
300289.SZ,利德曼,Success,True,True,513,6579
300692.SZ,中赋科技,Success,True,True,513,6580
301012.SZ,扬电科技,Success,True,True,513,6580
000803.SZ,山高环能,Success,True,True,513,6580
301066.SZ,万事利,Success,True,True,513,6580
002960.SZ,青鸟消防,Success,True,True,513,6580
000877.SZ,天山股份,Success,True,True,513,6580
000901.SZ,航天科技,Success,True,True,513,6580
001230.SZ,劲旅环境,Success,True,True,513,6580
300790.SZ,宇瞳光学,Success,True,True,513,6580
301110.SZ,青木科技,Success,True,True,513,6580
002816.SZ,*ST和科,Success,True,True,513,6580
000975.SZ,山金国际,Success,True,True,513,6580
002862.SZ,实丰文化,Success,True,True,513,6580
002154.SZ,报 喜 鸟,Success,True,True,513,6580
300778.SZ,新城市,Success,True,True,513,6580
300363.SZ,博腾股份,Success,True,True,513,6580
002120.SZ,韵达股份,Success,True,True,513,6580
000037.SZ,深南电A,Success,True,True,513,6580
300317.SZ,珈伟新能,Success,True,True,513,6580
300037.SZ,新宙邦,Success,True,True,513,6580
002200.SZ,*ST交投,Success,True,True,513,6580
000778.SZ,新兴铸管,Success,True,True,513,6580
300458.SZ,全志科技,Success,True,True,513,6580
300043.SZ,星辉娱乐,Success,True,True,513,6580
002274.SZ,华昌化工,Success,True,True,513,6580
300975.SZ,商络电子,Success,True,True,513,6580
000790.SZ,华神科技,Success,True,True,513,6580
301230.SZ,泓博医药,Success,True,True,513,6580
002687.SZ,乔治白,Success,True,True,513,6580
300901.SZ,中胤时尚,Success,True,True,513,6580
003007.SZ,直真科技,Success,True,True,513,6580
300877.SZ,金春股份,Success,True,True,513,6580
002785.SZ,万里石,Success,True,True,513,6580
300803.SZ,指南针,Success,True,True,513,6580
000692.SZ,惠天热电,Success,True,True,513,6580
301332.SZ,德尔玛,Success,True,True,513,6580
002719.SZ,麦趣尔,Success,True,True,513,6580
002302.SZ,西部建设,Success,True,True,513,6580
300135.SZ,宝利国际,Success,True,True,513,6580
002376.SZ,新北洋,Success,True,True,513,6580
300141.SZ,和顺电气,Success,True,True,513,6580
002581.SZ,ST未名,Success,True,True,513,6580
000927.SZ,中国铁物,Success,True,True,513,6580
001216.SZ,华瓷股份,Success,True,True,513,6580
002830.SZ,名雕股份,Success,True,True,513,6580
301136.SZ,招标股份,Success,True,True,513,6580
000953.SZ,河化股份,Success,True,True,513,6580
301559.SZ,中集环科,Success,True,True,513,6580
002172.SZ,澳洋健康,Success,True,True,513,6580
002569.SZ,*ST步森,Success,True,True,513,6580
000065.SZ,北方国际,Success,True,True,513,6580
300345.SZ,华民股份,Success,True,True,513,6580
002106.SZ,莱宝高科,Success,True,True,513,6580
000011.SZ,深物业A,Success,True,True,513,6580
300331.SZ,苏大维格,Success,True,True,513,6580
300247.SZ,融捷健康,Success,True,True,513,6580
001388.SZ,信通电子,Success,True,True,154,6580
300233.SZ,金城医药,Success,True,True,513,6580
300628.SZ,亿联网络,Success,True,True,513,6580
002004.SZ,华邦健康,Success,True,True,513,6581
001314.SZ,亿道信息,Success,True,True,513,6580
002932.SZ,明德生物,Success,True,True,513,6580
002483.SZ,润邦股份,Success,True,True,513,6581
000825.SZ,太钢不锈,Success,True,True,513,6581
002098.SZ,浔兴股份,Success,True,True,513,6581
001360.SZ,南矿集团,Success,True,True,513,6580
002946.SZ,新乳业,Success,True,True,513,6581
301040.SZ,中环海陆,Success,True,True,513,6581
002161.SZ,远 望 谷,Success,True,True,513,6581
002115.SZ,三维通信,Success,True,True,513,6581
000419.SZ,通程控股,Success,True,True,513,6581
000002.SZ,万 科Ａ,Success,True,True,513,6581
001299.SZ,美能能源,Success,True,True,513,6581
300322.SZ,硕贝德,Success,True,True,513,6581
300739.SZ,明阳电路,Success,True,True,513,6581
002592.SZ,ST八菱,Success,True,True,513,6581
002189.SZ,中光学,Success,True,True,513,6581
001205.SZ,盛航股份,Success,True,True,513,6581
002823.SZ,凯中精密,Success,True,True,513,6581
301125.SZ,腾亚精工,Success,True,True,513,6581
301151.SZ,冠龙节能,Success,True,True,513,6581
002857.SZ,三晖电气,Success,True,True,513,6581
301027.SZ,华蓝集团,Success,True,True,513,6581
002921.SZ,联诚精密,Success,True,True,513,6581
002490.SZ,山东墨龙,Success,True,True,513,6581
001373.SZ,翔腾新材,Success,True,True,513,6581
002955.SZ,鸿合科技,Success,True,True,513,6581
301053.SZ,远信工业,Success,True,True,513,6581
301448.SZ,开创电气,Success,True,True,513,6581
300254.SZ,仟源医药,Success,True,True,513,6581
002063.SZ,远光软件,Success,True,True,513,6581
002478.SZ,常宝股份,Success,True,True,513,6581
000100.SZ,TCL科技,Success,True,True,513,6581
300220.SZ,金运激光,Success,True,True,513,6581
002017.SZ,东信和平,Success,True,True,513,6581
301257.SZ,普蕊斯,Success,True,True,513,6581
300966.SZ,共同药业,Success,True,True,513,6581
000783.SZ,长江证券,Success,True,True,513,6581
301638.SZ,南网数字,Success,True,True,60,6581
301223.SZ,中荣股份,Success,True,True,513,6581
002694.SZ,顾地科技,Success,True,True,513,6581
300912.SZ,凯龙高科,Success,True,True,513,6581
300024.SZ,机器人,Success,True,True,513,6581
002608.SZ,江苏国信,Success,True,True,513,6581
002213.SZ,大为股份,Success,True,True,513,6581
300050.SZ,世纪鼎利,Success,True,True,513,6581
002267.SZ,陕天然气,Success,True,True,513,6581
002311.SZ,海大集团,Success,True,True,513,6581
300126.SZ,锐奇股份,Success,True,True,513,6581
002365.SZ,永安药业,Success,True,True,513,6581
000669.SZ,ST金鸿,Success,True,True,513,6581
300549.SZ,优德精密,Success,True,True,513,6581
300152.SZ,ST新动力,Success,True,True,513,6581
300864.SZ,南大环境,Success,True,True,513,6581
301355.SZ,南王科技,Success,True,True,513,6581
002796.SZ,世嘉科技,Success,True,True,513,6581
300810.SZ,中科海讯,Success,True,True,513,6581
000681.SZ,视觉中国,Success,True,True,513,6581
301321.SZ,翰博高新,Success,True,True,513,6581
300951.SZ,博硕科技,Success,True,True,513,6581
301260.SZ,格力博,Success,True,True,513,6581
003023.SZ,彩虹集团,Success,True,True,513,6581
300925.SZ,法本信息,Success,True,True,513,6581
300494.SZ,盛天网络,Success,True,True,513,6581
002224.SZ,三 力 士,Success,True,True,513,6581
300013.SZ,新宁物流,Success,True,True,513,6581
300408.SZ,三环集团,Success,True,True,513,6581
000728.SZ,国元证券,Success,True,True,513,6582
000333.SZ,美的集团,Success,True,True,513,6582
301288.SZ,*ST清研,Success,True,True,513,6581
002250.SZ,联化科技,Success,True,True,513,6582
300067.SZ,安诺其,Success,True,True,513,6582
300111.SZ,向日葵,Success,True,True,513,6582
002326.SZ,永太科技,Success,True,True,510,6025
300165.SZ,ST天瑞,Success,True,True,513,6582
002352.SZ,顺丰控股,Success,True,True,513,6582
002749.SZ,国光股份,Success,True,True,513,6582
301362.SZ,民爆光电,Success,True,True,513,6582
300853.SZ,申昊科技,Success,True,True,513,6582
301316.SZ,慧博云通,Success,True,True,513,6582
300596.SZ,利安隆,Success,True,True,513,6582
300827.SZ,上能电气,Success,True,True,513,6582
002156.SZ,通富微电,Success,True,True,513,6582
300315.SZ,掌趣科技,Success,True,True,513,6582
301595.SZ,太力科技,Success,True,True,184,6582
002888.SZ,惠威科技,Success,True,True,513,6582
000035.SZ,中国天楹,Success,True,True,513,6582
002539.SZ,云图控股,Success,True,True,513,6582
002122.SZ,ST汇洲,Success,True,True,513,6582
301509.SZ,金凯生科,Success,True,True,513,6582
301112.SZ,信邦智能,Success,True,True,513,6582
300389.SZ,艾比森,Success,True,True,513,6582
300792.SZ,壹网壹创,Success,True,True,513,6582
000903.SZ,ST云动,Success,True,True,513,6582
002860.SZ,星帅尔,Success,True,True,513,6582
301166.SZ,优宁维,Success,True,True,513,6582
000977.SZ,浪潮信息,Success,True,True,513,6582
000801.SZ,四川九洲,Success,True,True,510,6582
002916.SZ,深南电路,Success,True,True,513,6582
301010.SZ,晶雪节能,Success,True,True,513,6582
001330.SZ,博纳影业,Success,True,True,513,6582
300690.SZ,双一科技,Success,True,True,513,6582
000875.SZ,电投绿能,Success,True,True,513,6582
002962.SZ,五方光电,Success,True,True,513,6582
002054.SZ,德美化工,Success,True,True,513,6582
300678.SZ,中科信息,Success,True,True,513,6582
300263.SZ,隆华科技,Success,True,True,513,6582
000558.SZ,天府文旅,Success,True,True,513,6582
002020.SZ,京新药业,Success,True,True,513,6582
300217.SZ,东方电热,Success,True,True,513,6582
301101.SZ,明月镜片,Success,True,True,513,6582
002807.SZ,江阴银行,Success,True,True,513,6582
001221.SZ,悍高集团,Success,True,True,133,6582
300781.SZ,因赛集团,Success,True,True,513,6582
000910.SZ,大亚圣象,Success,True,True,513,6582
002873.SZ,新天药业,Success,True,True,513,6582
301175.SZ,中科环保,Success,True,True,513,6582
001255.SZ,博菲电气,Success,True,True,513,6582
300769.SZ,德方纳米,Success,True,True,513,6582
002145.SZ,钛能化学,Success,True,True,513,6582
300306.SZ,远方信息,Success,True,True,513,6582
301586.SZ,佳力奇,Success,True,True,354,6582
000026.SZ,飞亚达,Success,True,True,513,6582
002131.SZ,利欧股份,Success,True,True,513,6582
002047.SZ,*ST宝鹰,Success,True,True,513,6582
300270.SZ,中威电子,Success,True,True,513,6582
002428.SZ,云南锗业,Success,True,True,513,6582
002033.SZ,丽江股份,Success,True,True,513,6582
300204.SZ,舒泰神,Success,True,True,513,6583
002999.SZ,天禾股份,Success,True,True,513,6582
000812.SZ,陕西金叶,Success,True,True,513,6583
301418.SZ,协昌科技,Success,True,True,513,6582
002905.SZ,金逸影视,Success,True,True,513,6583
301003.SZ,江苏博云,Success,True,True,513,6582
001323.SZ,慕思股份,Success,True,True,513,6582
300298.SZ,三诺生物,Success,True,True,513,6583
300683.SZ,海特生物,Success,True,True,513,6583
301077.SZ,星华新材,Success,True,True,513,6583
002971.SZ,和远气体,Success,True,True,513,6583
002237.SZ,恒邦股份,Success,True,True,513,6583
002243.SZ,力合科创,Success,True,True,513,6583
002658.SZ,雪迪龙,Success,True,True,513,6583
300074.SZ,华平股份,Success,True,True,513,6583
300942.SZ,易瑞生物,Success,True,True,513,6583
301273.SZ,瑞晨环保,Success,True,True,513,6583
301668.SZ,昊创瑞通,Success,True,True,91,6582
003030.SZ,祖名股份,Success,True,True,513,6583
300936.SZ,中英科技,Success,True,True,513,6583
301207.SZ,华兰疫苗,Success,True,True,513,6583
300487.SZ,蓝晓科技,Success,True,True,513,6583
301371.SZ,敷尔佳,Success,True,True,513,6583
300840.SZ,酷特智能,Success,True,True,513,6583
301305.SZ,朗坤科技,Success,True,True,513,6583
300585.SZ,奥联电子,Success,True,True,513,6583
300834.SZ,星辉环材,Success,True,True,513,6583
300102.SZ,乾照光电,Success,True,True,513,6583
300519.SZ,新光药业,Success,True,True,513,6583
000639.SZ,西王食品,Success,True,True,513,6583
301399.SZ,英特科技,Success,True,True,513,6583
002335.SZ,科华数据,Success,True,True,513,6583
300176.SZ,鸿特科技,Success,True,True,513,6583
002061.SZ,浙江交科,Success,True,True,513,6583
300256.SZ,星星科技,Success,True,True,513,6583
002015.SZ,协鑫能科,Success,True,True,513,6583
300222.SZ,科大智能,Success,True,True,513,6583
300639.SZ,凯普生物,Success,True,True,513,6583
000519.SZ,中兵红箭,Success,True,True,513,6583
002492.SZ,恒基达鑫,Success,True,True,513,6583
301025.SZ,读客文化,Success,True,True,513,6583
002923.SZ,润都股份,Success,True,True,513,6583
002957.SZ,科瑞技术,Success,True,True,513,6583
301051.SZ,信濠光电,Success,True,True,513,6583
002821.SZ,凯莱英,Success,True,True,513,6583
301127.SZ,武汉天源,Success,True,True,513,6583
001207.SZ,联科科技,Success,True,True,513,6583
002590.SZ,万安科技,Success,True,True,513,6583
000936.SZ,华西股份,Success,True,True,513,6583
301153.SZ,中科江南,Success,True,True,513,6583
002855.SZ,捷荣技术,Success,True,True,513,6583
301548.SZ,崇德科技,Success,True,True,513,6583
300354.SZ,东华测试,Success,True,True,513,6583
002163.SZ,海南发展,Success,True,True,513,6583
002578.SZ,闽发铝业,Success,True,True,513,6583
300320.SZ,海达股份,Success,True,True,513,6583
002117.SZ,东港股份,Success,True,True,513,6583
301357.SZ,北方长龙,Success,True,True,513,6583
300866.SZ,安克创新,Success,True,True,513,6583
000683.SZ,博源化工,Success,True,True,513,6583
301323.SZ,新莱福,Success,True,True,513,6583
300812.SZ,易天股份,Success,True,True,513,6583
300124.SZ,汇川技术,Success,True,True,513,6583
002708.SZ,光洋股份,Success,True,True,513,6583
002313.SZ,日海智能,Success,True,True,513,6583
300150.SZ,世纪瑞尔,Success,True,True,513,6583
002367.SZ,康力电梯,Success,True,True,513,6583
002211.SZ,ST宏达,Success,True,True,513,6583
300026.SZ,红日药业,Success,True,True,513,6583
002265.SZ,建设工业,Success,True,True,513,6584
300449.SZ,汉邦高科,Success,True,True,513,6584
300052.SZ,ST中青宝,Success,True,True,513,6584
300964.SZ,本川智能,Success,True,True,513,6584
301255.SZ,通力科技,Success,True,True,513,6583
300910.SZ,瑞丰新材,Success,True,True,513,6584
003016.SZ,欣贺股份,Success,True,True,513,6584
002696.SZ,百洋股份,Success,True,True,513,6584
301221.SZ,光庭信息,Success,True,True,513,6584
300137.SZ,先河环保,Success,True,True,513,6584
002300.SZ,太阳电缆,Success,True,True,513,6584
300558.SZ,贝达药业,Success,True,True,513,6584
300143.SZ,盈康生命,Success,True,True,513,6584
000678.SZ,襄阳轴承,Success,True,True,513,6584
002374.SZ,中锐股份,Success,True,True,513,6584
300875.SZ,捷强装备,Success,True,True,513,6584
000690.SZ,宝新能源,Success,True,True,513,6584
301330.SZ,熵基科技,Success,True,True,513,6584
300801.SZ,泰和科技,Success,True,True,513,6584
002787.SZ,华源控股,Success,True,True,513,6584
300977.SZ,深圳瑞捷,Success,True,True,513,6584
301246.SZ,宏源药业,Success,True,True,513,6584
300903.SZ,科翔股份,Success,True,True,513,6584
003005.SZ,竞业达,Success,True,True,513,6584
002685.SZ,华东重机,Success,True,True,513,6584
000792.SZ,盐湖股份,Success,True,True,513,6584
301629.SZ,矽电股份,Success,True,True,220,6584
301232.SZ,飞沃科技,Success,True,True,513,6584
002202.SZ,金风科技,Success,True,True,513,6584
300035.SZ,中科电气,Success,True,True,513,6584
002276.SZ,万马股份,Success,True,True,513,6584
300041.SZ,回天新材,Success,True,True,513,6584
002481.SZ,双塔食品,Success,True,True,513,6584
000596.SZ,古井贡酒,Success,True,True,513,6584
301036.SZ,双乐股份,Success,True,True,513,6584
002930.SZ,宏川智慧,Success,True,True,513,6584
001316.SZ,润贝航科,Success,True,True,513,6584
301042.SZ,安联锐视,Success,True,True,513,6584
301459.SZ,丰茂股份,Success,True,True,513,6584
002072.SZ,凯瑞德,Success,True,True,513,6584
002469.SZ,三维化学,Success,True,True,513,6584
300245.SZ,天玑科技,Success,True,True,513,6584
002006.SZ,精工科技,Success,True,True,513,6584
300231.SZ,银信科技,Success,True,True,513,6584
300347.SZ,泰格医药,Success,True,True,513,6584
002170.SZ,芭田股份,Success,True,True,513,6584
001288.SZ,运机集团,Success,True,True,513,6584
300333.SZ,兆日科技,Success,True,True,513,6584
000408.SZ,藏格矿业,Success,True,True,513,6584
002104.SZ,恒宝股份,Success,True,True,513,6584
002832.SZ,比音勒芬,Success,True,True,513,6584
002583.SZ,海能达,Success,True,True,513,6584
000925.SZ,众合科技,Success,True,True,513,6584
002198.SZ,嘉应制药,Success,True,True,513,6584
002846.SZ,英联股份,Success,True,True,513,6584
001260.SZ,坤泰股份,Success,True,True,513,6584
000951.SZ,中国重汽,Success,True,True,513,6584
300180.SZ,华峰超纤,Success,True,True,513,6584
300168.SZ,万达信息,Success,True,True,513,6584
300573.SZ,兴齐眼药,Success,True,True,513,6584
001979.SZ,招商蛇口,Success,True,True,513,6585
300507.SZ,苏奥传感,Success,True,True,513,6585
301387.SZ,光大同创,Success,True,True,513,6585
002730.SZ,电光科技,Success,True,True,513,6585
002646.SZ,天佑德酒,Success,True,True,513,6585
300471.SZ,厚普股份,Success,True,True,513,6585
000751.SZ,锌业股份,Success,True,True,513,6585
002229.SZ,鸿博股份,Success,True,True,513,6585
002632.SZ,道明光学,Success,True,True,513,6585
300405.SZ,科隆股份,Success,True,True,513,6585
301285.SZ,鸿日达,Success,True,True,513,6585
000725.SZ,京东方Ａ,Success,True,True,513,6585
300928.SZ,华安鑫创,Success,True,True,513,6585
301219.SZ,腾远钴业,Success,True,True,513,6585
301602.SZ,超研股份,Success,True,True,257,6584
300499.SZ,高澜股份,Success,True,True,513,6585
300082.SZ,奥克股份,Success,True,True,513,6585
000890.SZ,法尔胜,Success,True,True,513,6585
002436.SZ,兴森科技,Success,True,True,513,6585
300601.SZ,康泰生物,Success,True,True,513,6585
002987.SZ,京北方,Success,True,True,513,6585
301081.SZ,严牌股份,Success,True,True,513,6585
000521.SZ,长虹美菱,Success,True,True,513,6585
002442.SZ,龙星科技,Success,True,True,513,6585
002059.SZ,云南旅游,Success,True,True,513,6585
300675.SZ,建科院,Success,True,True,513,6585
000555.SZ,神州信息,Success,True,True,513,6585
000878.SZ,云南铜业,Success,True,True,513,6585
301069.SZ,凯盛新材,Success,True,True,513,6585
300286.SZ,安科瑞,Success,True,True,513,6585
002819.SZ,东方中科,Success,True,True,513,6585
300384.SZ,三联虹普,Success,True,True,513,6585
300703.SZ,创源股份,Success,True,True,513,6585
300318.SZ,博晖创新,Success,True,True,513,6585
301183.SZ,东田微,Success,True,True,513,6585
002885.SZ,京泉华,Success,True,True,513,6585
301598.SZ,博科测试,Success,True,True,279,6585
000423.SZ,东阿阿胶,Success,True,True,513,6585
002534.SZ,西子洁能,Success,True,True,513,6585
300777.SZ,中简科技,Success,True,True,513,6585
002540.SZ,亚太科技,Success,True,True,513,6585
002908.SZ,德生科技,Success,True,True,513,6585
300295.SZ,三六五网,Success,True,True,513,6585
000883.SZ,湖北能源,Success,True,True,513,6585
002425.SZ,凯撒文化,Success,True,True,513,6585
300612.SZ,宣亚国际,Success,True,True,513,6585
300209.SZ,有棵树,Success,True,True,513,6585
301092.SZ,争光股份,Success,True,True,513,6585
301489.SZ,思泉新材,Success,True,True,513,6585
000532.SZ,华金资本,Success,True,True,513,6585
002451.SZ,摩恩电气,Success,True,True,513,6585
300666.SZ,江丰电子,Success,True,True,513,6585
000546.SZ,金圆股份,Success,True,True,513,6585
300710.SZ,万隆光电,Success,True,True,513,6585
301190.SZ,善水科技,Success,True,True,513,6585
002896.SZ,中大力德,Success,True,True,513,6585
000430.SZ,*ST张股,Success,True,True,512,6507
000981.SZ,山子高科,Success,True,True,513,6585
002527.SZ,新时达,Success,True,True,513,6585
002553.SZ,南方精工,Success,True,True,513,6585
002148.SZ,北纬科技,Success,True,True,513,6585
301563.SZ,云汉芯城,Success,True,True,89,6585
301178.SZ,天亿马,Success,True,True,513,6585
001258.SZ,立新能源,Success,True,True,513,6585
000969.SZ,安泰科技,Success,True,True,513,6585
301517.SZ,陕西华达,Success,True,True,513,6585
300397.SZ,天和防务,Success,True,True,513,6585
300560.SZ,中富通,Success,True,True,513,6585
002757.SZ,南兴股份,Success,True,True,513,6586
300514.SZ,友讯达,Success,True,True,513,6585
002338.SZ,奥普光电,Success,True,True,513,6586
002723.SZ,小崧股份,Success,True,True,513,6586
301308.SZ,江波龙,Success,True,True,513,6586
300588.SZ,熙菱信息,Success,True,True,513,6586
300193.SZ,佳士科技,Success,True,True,513,6586
300839.SZ,博汇股份,Success,True,True,513,6586
301611.SZ,珂玛科技,Success,True,True,362,6586
300091.SZ,*ST金灵,Success,True,True,512,6266
301665.SZ,泰禾股份,Success,True,True,207,6586
002655.SZ,共达电声,Success,True,True,513,6586
300079.SZ,数码视讯,Success,True,True,513,6586
300462.SZ,ST华铭,Success,True,True,513,6585
300416.SZ,苏试试验,Success,True,True,513,6586
301296.SZ,新巨丰,Success,True,True,513,6586
000736.SZ,*ST中地,Success,True,True,513,6586
300736.SZ,百邦科技,Success,True,True,513,6586
001296.SZ,长江材料,Success,True,True,513,6586
002501.SZ,利源股份,Success,True,True,513,6586
300359.SZ,全通教育,Success,True,True,513,6586
002575.SZ,群兴玩具,Success,True,True,513,6586
002858.SZ,力盛体育,Success,True,True,513,6586
002186.SZ,全 聚 德,Success,True,True,513,6586
000839.SZ,国安股份,Success,True,True,513,6586
002084.SZ,海鸥住工,Success,True,True,513,6586
301028.SZ,鼎熔岩,Success,True,True,513,6586
001308.SZ,康冠科技,Success,True,True,513,6586
002403.SZ,爱仕达,Success,True,True,513,6586
300634.SZ,彩讯股份,Success,True,True,513,6586
000514.SZ,渝 开 发,Success,True,True,513,6586
300640.SZ,德艺文创,Success,True,True,513,6586
000560.SZ,我爱我家,Success,True,True,513,6586
300969.SZ,恒帅股份,Success,True,True,513,6586
301258.SZ,富士莱,Success,True,True,513,6586
002673.SZ,西部证券,Success,True,True,513,6586
002268.SZ,电科网安,Success,True,True,513,6586
300444.SZ,双杰电气,Success,True,True,513,6586
002607.SZ,中公教育,Success,True,True,513,6586
300981.SZ,中红医疗,Success,True,True,513,6586
300430.SZ,诚益通,Success,True,True,513,6586
000710.SZ,贝瑞基因,Success,True,True,513,6586
300546.SZ,雄帝科技,Success,True,True,513,6586
002771.SZ,真视通,Success,True,True,513,6586
300532.SZ,今天国际,Success,True,True,513,6586
300129.SZ,泰胜风能,Success,True,True,513,6586
000612.SZ,焦作万方,Success,True,True,513,6586
002705.SZ,新宝股份,Success,True,True,513,6586
300883.SZ,龙利得,Success,True,True,513,6586
002382.SZ,蓝帆医疗,Success,True,True,513,6586
002799.SZ,环球印务,Success,True,True,513,6586
002660.SZ,茂硕电源,Success,True,True,513,6586
300457.SZ,赢合科技,Success,True,True,513,6586
000777.SZ,中核科技,Success,True,True,513,6586
002614.SZ,奥佳华,Success,True,True,513,6586
300992.SZ,泰福泵业,Success,True,True,513,6586
300423.SZ,昇辉科技,Success,True,True,513,6586
000703.SZ,恒逸石化,Success,True,True,513,6586
003008.SZ,开普检测,Success,True,True,513,6586
002293.SZ,罗莱生活,Success,True,True,513,6586
002688.SZ,金河生物,Success,True,True,513,6586
002391.SZ,长青股份,Success,True,True,513,6586
301349.SZ,信德新材,Success,True,True,513,6587
300878.SZ,维康药业,Success,True,True,513,6586
300555.SZ,ST路通,Success,True,True,513,6586
002762.SZ,*ST金比,Success,True,True,513,6586
002379.SZ,宏桥控股,Success,True,True,513,6587
300521.SZ,爱司凯,Success,True,True,513,6587
000601.SZ,韶能股份,Success,True,True,513,6587
002716.SZ,湖南白银,Success,True,True,513,6587
300890.SZ,翔丰华,Success,True,True,513,6587
301556.SZ,托普云农,Success,True,True,325,6587
301139.SZ,元道通信,Success,True,True,513,6587
301522.SZ,上大股份,Success,True,True,326,6587
001219.SZ,青岛食品,Success,True,True,513,6587
000928.SZ,中钢国际,Success,True,True,513,6587
002195.SZ,岩山科技,Success,True,True,513,6587
300725.SZ,药石科技,Success,True,True,513,6587
001285.SZ,瑞立科密,Success,True,True,86,6025
002109.SZ,兴化股份,Success,True,True,513,6587
002512.SZ,达华智能,Success,True,True,513,6587
300751.SZ,迈为股份,Success,True,True,513,6587
002566.SZ,益盛药业,Success,True,True,513,6587
002410.SZ,广联达,Success,True,True,513,6587
300627.SZ,华测导航,Success,True,True,513,6587
001387.SZ,雪祺电气,Success,True,True,506,6587
000507.SZ,珠海港,Success,True,True,513,6587
300248.SZ,新开普,Success,True,True,513,6587
300653.SZ,正海生物,Success,True,True,513,6587
000573.SZ,粤宏远Ａ,Success,True,True,513,6587
002949.SZ,华阳国际,Success,True,True,513,6587
002097.SZ,山河智能,Success,True,True,513,6587
002878.SZ,元隆雅图,Success,True,True,513,6587
301565.SZ,中仑新材,Success,True,True,403,6587
301511.SZ,德福科技,Success,True,True,513,6587
300391.SZ,*ST长药,Success,True,True,500,3615
300716.SZ,ST泉为,Success,True,True,513,6587
301196.SZ,唯科科技,Success,True,True,513,6587
002890.SZ,弘宇股份,Success,True,True,513,6587
002521.SZ,齐峰新材,Success,True,True,513,6587
000987.SZ,越秀资本,Success,True,True,513,6587
300762.SZ,上海瀚讯,Success,True,True,513,6587
000059.SZ,华锦股份,Success,True,True,513,6587
002555.SZ,三七互娱,Success,True,True,513,6587
002423.SZ,中粮资本,Success,True,True,513,6587
000885.SZ,城发环境,Success,True,True,513,6587
002038.SZ,双鹭药业,Success,True,True,513,6587
300614.SZ,百川畅银,Success,True,True,513,6587
000534.SZ,万泽股份,Success,True,True,513,6587
002992.SZ,宝明科技,Success,True,True,513,6587
002457.SZ,青龙管业,Success,True,True,513,6587
300660.SZ,江苏雷利,Success,True,True,513,6587
000819.SZ,岳阳兴长,Success,True,True,513,6587
301413.SZ,安培龙,Success,True,True,513,6587
301008.SZ,宏昌科技,Success,True,True,513,6587
001328.SZ,登康口腔,Success,True,True,513,6587
300293.SZ,蓝英装备,Success,True,True,513,6587
300688.SZ,创业黑马,Success,True,True,513,6587
002248.SZ,华东数控,Success,True,True,513,6587
002653.SZ,海思科,Success,True,True,513,6587
300464.SZ,星徽股份,Success,True,True,513,6587
002627.SZ,三峡旅游,Success,True,True,513,6587
300410.SZ,正业科技,Success,True,True,513,6588
301290.SZ,东星医疗,Success,True,True,513,6587
301617.SZ,博苑股份,Success,True,True,286,6588
300097.SZ,ST智云,Success,True,True,513,6588
300949.SZ,奥雅股份,Success,True,True,513,6588
301278.SZ,快可电子,Success,True,True,513,6588
300195.SZ,长荣股份,Success,True,True,513,6588
300566.SZ,激智科技,Success,True,True,513,6588
300109.SZ,新开源,Success,True,True,513,6588
300512.SZ,中亚股份,Success,True,True,513,6588
000632.SZ,三木集团,Success,True,True,513,6588
301392.SZ,汇成真空,Success,True,True,413,6588
002725.SZ,跃岭股份,Success,True,True,513,6588
003028.SZ,振邦智能,Success,True,True,513,6588
300084.SZ,海默科技,Success,True,True,513,6588
002640.SZ,跨境通,Success,True,True,513,6588
300477.SZ,ST合纵,Success,True,True,513,6588
000757.SZ,浩物股份,Success,True,True,513,6588
002634.SZ,棒杰股份,Success,True,True,513,6588
300018.SZ,中元股份,Success,True,True,513,6588
300403.SZ,汉宇集团,Success,True,True,513,6588
000723.SZ,美锦能源,Success,True,True,513,6588
000338.SZ,潍柴动力,Success,True,True,513,6588
301283.SZ,聚胶股份,Success,True,True,513,6588
300575.SZ,中旗股份,Success,True,True,513,6588
000655.SZ,金岭矿业,Success,True,True,513,6588
002742.SZ,*ST三圣,Success,True,True,513,6588
300501.SZ,海顺新材,Success,True,True,513,6588
301381.SZ,赛维时代,Success,True,True,513,6588
002736.SZ,国信证券,Success,True,True,513,6588
301369.SZ,联动科技,Success,True,True,513,6588
300858.SZ,科拓生物,Success,True,True,513,6588
300705.SZ,九典制药,Success,True,True,513,6588
000425.SZ,徐工机械,Success,True,True,513,6588
301185.SZ,鸥玛软件,Success,True,True,513,6588
002883.SZ,中设股份,Success,True,True,513,6588
002532.SZ,天山铝业,Success,True,True,513,6588
002129.SZ,TCL中环,Success,True,True,513,6588
300771.SZ,智莱科技,Success,True,True,513,6588
002546.SZ,新联电子,Success,True,True,513,6588
301502.SZ,华阳智能,Success,True,True,490,6588
301119.SZ,正强股份,Success,True,True,513,6588
001239.SZ,永达股份,Success,True,True,513,6588
300382.SZ,斯莱克,Success,True,True,513,6588
000908.SZ,*ST景峰,Success,True,True,513,6588
002969.SZ,嘉美包装,Success,True,True,513,6588
002430.SZ,杭氧股份,Success,True,True,513,6588
300607.SZ,拓斯达,Success,True,True,513,6588
002981.SZ,朝阳科技,Success,True,True,513,6588
301087.SZ,可孚医疗,Success,True,True,513,6588
002444.SZ,巨星科技,Success,True,True,513,6588
300673.SZ,佩蒂股份,Success,True,True,513,6588
300268.SZ,*ST佳沃,Success,True,True,513,6588
000553.SZ,安道麦A,Success,True,True,513,6588
300553.SZ,集智股份,Success,True,True,513,6588
300148.SZ,天舟文化,Success,True,True,513,6588
300527.SZ,ST应急,Success,True,True,513,6588
000607.SZ,华媒控股,Success,True,True,513,6588
300896.SZ,爱美客,Success,True,True,513,6588
001400.SZ,江顺科技,Success,True,True,198,6588
002397.SZ,梦洁股份,Success,True,True,513,6588
300908.SZ,仲景食品,Success,True,True,513,6588
002295.SZ,精艺股份,Success,True,True,513,6588
000799.SZ,酒鬼酒,Success,True,True,513,6588
301622.SZ,英思特,Success,True,True,291,6588
301239.SZ,普瑞眼科,Success,True,True,513,6588
301656.SZ,联合动力,Success,True,True,92,6588
002666.SZ,德联集团,Success,True,True,513,6588
300451.SZ,创业慧康,Success,True,True,513,6588
002612.SZ,朗姿股份,Success,True,True,513,6588
002209.SZ,达 意 隆,Success,True,True,513,6589
300994.SZ,久祺股份,Success,True,True,513,6589
300425.SZ,中建环能,Success,True,True,513,6589
000705.SZ,浙江震元,Success,True,True,513,6589
000858.SZ,五 粮 液,Success,True,True,513,6589
301049.SZ,超越科技,Success,True,True,513,6589
001369.SZ,双欣环保,Success,True,True,30,6589
002091.SZ,江苏国泰,Success,True,True,513,6589
002416.SZ,爱施德,Success,True,True,513,6589
300621.SZ,维业股份,Success,True,True,513,6589
000501.SZ,武商集团,Success,True,True,513,6589
002079.SZ,苏州固锝,Success,True,True,513,6589
002462.SZ,嘉事堂,Success,True,True,513,6589
300655.SZ,晶瑞电材,Success,True,True,513,6589
001283.SZ,豪鹏科技,Success,True,True,513,6589
300338.SZ,ST开元,Success,True,True,513,6589
300723.SZ,一品红,Success,True,True,513,6589
000403.SZ,派林生物,Success,True,True,513,6589
002514.SZ,宝馨科技,Success,True,True,513,6589
300757.SZ,罗博特科,Success,True,True,513,6589
002560.SZ,通达股份,Success,True,True,513,6589
301550.SZ,斯菱智驱,Success,True,True,513,6589
002839.SZ,张家港行,Success,True,True,513,6589
002588.SZ,史丹利,Success,True,True,513,6589
002193.SZ,如意集团,Success,True,True,513,6589
002405.SZ,四维图新,Success,True,True,513,6589
300229.SZ,拓尔思,Success,True,True,513,6589
300632.SZ,光莆股份,Success,True,True,513,6589
002471.SZ,中超控股,Success,True,True,513,6589
000566.SZ,海南海药,Success,True,True,513,6589
002082.SZ,万邦德,Success,True,True,513,6589
002928.SZ,华夏航空,Success,True,True,513,6589
301158.SZ,德石股份,Success,True,True,513,6589
001278.SZ,一彬科技,Success,True,True,513,6589
000949.SZ,新乡化纤,Success,True,True,513,6589
002180.SZ,纳思达,Success,True,True,513,6589
300730.SZ,科创信息,Success,True,True,513,6589
000410.SZ,沈阳机床,Success,True,True,513,6589
002507.SZ,涪陵榨菜,Success,True,True,513,6589
002168.SZ,*ST惠程,Success,True,True,513,6589
002573.SZ,清新环境,Success,True,True,513,6589
000688.SZ,国城矿业,Success,True,True,513,6589
301328.SZ,维峰电子,Success,True,True,513,6589
300819.SZ,聚杰微纤,Success,True,True,513,6589
002384.SZ,东山精密,Success,True,True,513,6589
300540.SZ,蜀道装备,Success,True,True,513,6589
002777.SZ,久远银海,Success,True,True,513,6589
300534.SZ,陇神戎发,Success,True,True,513,6589
002703.SZ,浙江世宝,Success,True,True,513,6589
002318.SZ,久立特材,Success,True,True,513,6589
300885.SZ,海昌新材,Success,True,True,513,6589
002675.SZ,东诚药业,Success,True,True,513,6589
300442.SZ,润泽科技,Success,True,True,509,5784
300059.SZ,东方财富,Success,True,True,513,6589
000762.SZ,西藏矿业,Success,True,True,513,6589
002601.SZ,龙佰集团,Success,True,True,513,6589
300987.SZ,川网传媒,Success,True,True,513,6589
300436.SZ,广生堂,Success,True,True,513,6589
000716.SZ,黑芝麻,Success,True,True,513,6589
002286.SZ,保龄宝,Success,True,True,513,6589
301631.SZ,壹连科技,Success,True,True,299,6590
002903.SZ,宇环数控,Success,True,True,513,6590
301005.SZ,超捷股份,Success,True,True,513,6590
300685.SZ,艾德生物,Success,True,True,513,6590
001325.SZ,元创股份,Success,True,True,38,6589
000860.SZ,顺鑫农业,Success,True,True,513,6590
301071.SZ,力量钻石,Success,True,True,513,6590
002977.SZ,天箭科技,Success,True,True,513,6590
002041.SZ,登海种业,Success,True,True,513,6590
300276.SZ,三丰智能,Success,True,True,513,6590
000156.SZ,华数传媒,Success,True,True,513,6590
000888.SZ,峨眉山Ａ,Success,True,True,513,6590
002035.SZ,华帝股份,Success,True,True,513,6590
300619.SZ,金银河,Success,True,True,513,6590
301099.SZ,雅创电子,Success,True,True,513,6590
000539.SZ,粤电力Ａ,Success,True,True,513,6590
300374.SZ,中铁装配,Success,True,True,513,6590
002558.SZ,巨人网络,Success,True,True,513,6590
300300.SZ,海峡创新,Success,True,True,513,6590
000020.SZ,深华发Ａ,Success,True,True,513,6590
301580.SZ,爱迪特,Success,True,True,399,6590
002137.SZ,实益达,Success,True,True,513,6590
301107.SZ,瑜欣电子,Success,True,True,513,6590
002801.SZ,微光股份,Success,True,True,513,6590
300787.SZ,海能实业,Success,True,True,513,6590
001227.SZ,兰州银行,Success,True,True,513,6590
301568.SZ,思泰克,Success,True,True,513,6590
002875.SZ,安奈儿,Success,True,True,513,6590
301173.SZ,毓恬冠佳,Success,True,True,235,6590
000962.SZ,东方钽业,Success,True,True,513,6590
002333.SZ,罗普斯金,Success,True,True,513,6590
002728.SZ,特一药业,Success,True,True,513,6590
300170.SZ,汉得信息,Success,True,True,513,6590
002347.SZ,泰尔股份,Success,True,True,513,6590
301377.SZ,鼎泰高科,Success,True,True,513,6590
300846.SZ,首都在线,Success,True,True,513,6590
301303.SZ,真兰仪表,Success,True,True,513,6590
300583.SZ,赛托生物,Success,True,True,513,6590
300198.SZ,ST纳川,Success,True,True,513,6590
300832.SZ,新产业,Success,True,True,513,6590
003042.SZ,中农联合,Success,True,True,513,6590
301275.SZ,汉朔科技,Success,True,True,229,6590
003036.SZ,泰坦股份,Success,True,True,513,6590
300930.SZ,屹通新材,Success,True,True,513,6590
301201.SZ,诚达药业,Success,True,True,513,6590
300481.SZ,濮阳惠成,Success,True,True,513,6590
002231.SZ,*ST奥维,Success,True,True,504,4579
300006.SZ,莱美药业,Success,True,True,513,6590
002245.SZ,蔚蓝锂芯,Success,True,True,513,6590
300072.SZ,海新能科,Success,True,True,513,6590
300469.SZ,信息发展,Success,True,True,513,6590
300855.SZ,图南股份,Success,True,True,513,6590
301310.SZ,鑫宏业,Success,True,True,513,6590
300590.SZ,移为通信,Success,True,True,513,6590
300821.SZ,东岳硅材,Success,True,True,513,6590
002320.SZ,海峡股份,Success,True,True,513,6590
300163.SZ,先锋新材,Success,True,True,513,6590
300578.SZ,会畅科技,Success,True,True,513,6590
002354.SZ,天娱数科,Success,True,True,513,6590
002222.SZ,福晶科技,Success,True,True,513,6590
002639.SZ,雪人集团,Success,True,True,513,6590
300015.SZ,爱尔眼科,Success,True,True,513,6590
002256.SZ,兆新股份,Success,True,True,513,6590
300061.SZ,旗天科技,Success,True,True,513,6590
300957.SZ,贝泰妮,Success,True,True,513,6590
301266.SZ,宇邦新材,Success,True,True,513,6590
003025.SZ,思进智能,Success,True,True,513,6590
300923.SZ,研奥股份,Success,True,True,513,6590
301212.SZ,联盛化学,Success,True,True,513,6590
301609.SZ,山大电力,Success,True,True,138,6590
300492.SZ,华图山鼎,Success,True,True,513,6591
002449.SZ,国星光电,Success,True,True,513,6591
002052.SZ,同洲电子,Success,True,True,513,6591
300265.SZ,通光线缆,Success,True,True,513,6591
002026.SZ,山东威达,Success,True,True,513,6591
300211.SZ,*ST亿通,Success,True,True,513,6591
301491.SZ,汉桑科技,Success,True,True,128,6590
000807.SZ,云铝股份,Success,True,True,513,6591
002910.SZ,庄园牧场,Success,True,True,513,6591
301016.SZ,雷尔伟,Success,True,True,513,6591
300696.SZ,爱乐达,Success,True,True,513,6591
001336.SZ,楚环科技,Success,True,True,513,6591
301479.SZ,弘景光电,Success,True,True,224,6590
301062.SZ,上海艾录,Success,True,True,513,6591
002812.SZ,恩捷股份,Success,True,True,513,6591
001234.SZ,泰慕士,Success,True,True,513,6591
000905.SZ,厦门港务,Success,True,True,513,6591
002866.SZ,传艺科技,Success,True,True,513,6591
301160.SZ,翔楼新材,Success,True,True,513,6591
002150.SZ,正泰电源,Success,True,True,513,6591
300708.SZ,聚灿光电,Success,True,True,513,6591
300313.SZ,*ST天山,Success,True,True,513,6591
301188.SZ,力诺药包,Success,True,True,513,6591
000428.SZ,华天酒店,Success,True,True,513,6591
000999.SZ,华润三九,Success,True,True,513,6591
002124.SZ,天邦食品,Success,True,True,513,6591
002204.SZ,大连重工,Success,True,True,513,6591
300999.SZ,金龙鱼,Success,True,True,513,6591
300428.SZ,立中集团,Success,True,True,513,6591
300033.SZ,同花顺,Success,True,True,513,6591
000708.SZ,中信特钢,Success,True,True,513,6591
002270.SZ,华明装备,Success,True,True,513,6591
300047.SZ,天源迪科,Success,True,True,513,6591
300971.SZ,博亚精工,Success,True,True,513,6591
300905.SZ,宝丽迪,Success,True,True,513,6591
003003.SZ,天元股份,Success,True,True,513,6591
002298.SZ,中电鑫龙,Success,True,True,513,6591
002683.SZ,广东宏大,Success,True,True,513,6591
301234.SZ,五洲医疗,Success,True,True,513,6591
300873.SZ,海晨股份,Success,True,True,513,6591
301336.SZ,趣睡科技,Success,True,True,513,6591
300807.SZ,天迈科技,Success,True,True,513,6591
300131.SZ,英唐智控,Success,True,True,513,6591
002306.SZ,*ST云网,Success,True,True,513,6591
300145.SZ,南方泵业,Success,True,True,513,6591
002769.SZ,普路通,Success,True,True,513,6591
002372.SZ,伟星新材,Success,True,True,513,6591
301132.SZ,满坤科技,Success,True,True,513,6591
000089.SZ,深圳机场,Success,True,True,513,6591
301529.SZ,福赛科技,Success,True,True,513,6591
001212.SZ,中旗新材,Success,True,True,513,6591
000923.SZ,河钢资源,Success,True,True,513,6591
002585.SZ,双星新材,Success,True,True,513,6591
002840.SZ,华统股份,Success,True,True,513,6591
001266.SZ,宏英智能,Success,True,True,513,6591
000957.SZ,中通客车,Success,True,True,513,6591
300341.SZ,麦克奥迪,Success,True,True,513,6591
000061.SZ,农 产 品,Success,True,True,513,6591
002176.SZ,江特电机,Success,True,True,513,6591
300335.SZ,迪森股份,Success,True,True,513,6591
002102.SZ,能特科技,Success,True,True,513,6592
002519.SZ,银河电子,Success,True,True,513,6592
002074.SZ,国轩高科,Success,True,True,513,6592
300243.SZ,瑞丰高材,Success,True,True,513,6592
300658.SZ,延江股份,Success,True,True,513,4182
300237.SZ,ST美晨,Success,True,True,513,6592
000821.SZ,ST京机,Success,True,True,513,6592
002487.SZ,大金重工,Success,True,True,513,6592
301030.SZ,仕净科技,Success,True,True,513,6592
002936.SZ,郑州银行,Success,True,True,513,6592
000590.SZ,古汉医药,Success,True,True,513,6592
002942.SZ,新农股份,Success,True,True,513,6592
300352.SZ,北信源,Success,True,True,513,6592
300749.SZ,顶固集创,Success,True,True,513,6592
002165.SZ,红 宝 丽,Success,True,True,513,6592
300326.SZ,ST凯利,Success,True,True,513,6591
000006.SZ,深振业Ａ,Success,True,True,513,6592
002111.SZ,威海广泰,Success,True,True,513,6592
002827.SZ,高争民爆,Success,True,True,513,6592
301121.SZ,紫建电子,Success,True,True,513,6592
001201.SZ,东瑞股份,Success,True,True,513,6592
000930.SZ,中粮科技,Success,True,True,513,6592
002596.SZ,海南瑞泽,Success,True,True,513,6592
301155.SZ,海力风电,Success,True,True,513,6592
002853.SZ,皮阿诺,Success,True,True,513,6592
002494.SZ,华斯股份,Success,True,True,513,6592
301023.SZ,奕帆传动,Success,True,True,513,6592
002925.SZ,盈趣科技,Success,True,True,513,6592
002951.SZ,金时科技,Success,True,True,513,6592
301057.SZ,汇隆新材,Success,True,True,513,6592
002067.SZ,景兴纸业,Success,True,True,513,6592
300250.SZ,初灵信息,Success,True,True,513,6592
002408.SZ,齐翔腾达,Success,True,True,513,6592
300224.SZ,正海磁材,Success,True,True,513,6592
300962.SZ,中金辐照,Success,True,True,513,6592
300916.SZ,朗特智能,Success,True,True,513,6592
003010.SZ,若羽臣,Success,True,True,513,6592
002690.SZ,美亚光电,Success,True,True,513,6592
301227.SZ,森鹰窗业,Success,True,True,513,6592
002217.SZ,合力泰,Success,True,True,513,6592
300020.SZ,ST银江,Success,True,True,513,6592
002678.SZ,珠江钢琴,Success,True,True,513,6592
002263.SZ,大东南,Success,True,True,513,6592
300054.SZ,鼎龙股份,Success,True,True,513,6592
300539.SZ,横河精密,Success,True,True,513,6592
300122.SZ,智飞生物,Success,True,True,513,6592
000619.SZ,海螺新材,Success,True,True,513,6592
002315.SZ,焦点科技,Success,True,True,513,6592
300888.SZ,稳健医疗,Success,True,True,513,6592
002361.SZ,神剑股份,Success,True,True,513,6592
300860.SZ,锋尚文化,Success,True,True,513,6592
301325.SZ,曼恩斯特,Success,True,True,513,6592
000685.SZ,中山公用,Success,True,True,513,6592
300814.SZ,中富电路,Success,True,True,513,6592
002389.SZ,航天彩虹,Success,True,True,513,6592
002792.SZ,通宇通讯,Success,True,True,513,6592
000014.SZ,沙河股份,Success,True,True,513,6592
300334.SZ,津膜科技,Success,True,True,513,6592
002518.SZ,科士达,Success,True,True,513,6592
002103.SZ,广博股份,Success,True,True,513,6592
000060.SZ,中金岭南,Success,True,True,513,6592
300340.SZ,科恒股份,Success,True,True,513,6592
002177.SZ,御银股份,Success,True,True,513,6592
001267.SZ,汇绿生态,Success,True,True,513,6592
002841.SZ,视源股份,Success,True,True,513,6592
001213.SZ,中铁特货,Success,True,True,513,6592
301528.SZ,多浦乐,Success,True,True,513,6592
002835.SZ,同为股份,Success,True,True,513,6593
301133.SZ,金钟股份,Success,True,True,513,6592
000088.SZ,盐 田 港,Success,True,True,513,6593
002584.SZ,西陇科学,Success,True,True,513,6593
000922.SZ,佳电股份,Success,True,True,513,6593
002943.SZ,宇晶股份,Success,True,True,513,6593
301045.SZ,天禄科技,Success,True,True,513,6592
002486.SZ,嘉麟杰,Success,True,True,513,6593
000820.SZ,*ST节能,Success,True,True,511,6266
001311.SZ,多利科技,Success,True,True,513,6593
000591.SZ,太阳能,Success,True,True,513,6593
301031.SZ,中熔电气,Success,True,True,513,6593
002937.SZ,兴瑞科技,Success,True,True,513,6593
002001.SZ,新 和 成,Success,True,True,513,6593
300236.SZ,上海新阳,Success,True,True,513,6593
002075.SZ,沙钢股份,Success,True,True,513,6593
300659.SZ,中孚信息,Success,True,True,513,6593
300242.SZ,佳云科技,Success,True,True,513,6593
002682.SZ,龙洲股份,Success,True,True,513,6593
002299.SZ,圣农发展,Success,True,True,513,6593
300904.SZ,威力传动,Success,True,True,513,6593
003002.SZ,壶化股份,Success,True,True,513,6593
000795.SZ,英洛华,Success,True,True,513,6593
301235.SZ,华康洁净,Success,True,True,513,6593
300970.SZ,华绿生物,Success,True,True,513,6593
002271.SZ,东方雨虹,Success,True,True,513,6593
300046.SZ,台基股份,Success,True,True,513,6593
300998.SZ,宁波方正,Success,True,True,513,6593
002205.SZ,国统股份,Success,True,True,513,6593
000709.SZ,河钢股份,Success,True,True,513,6593
300032.SZ,金龙机电,Success,True,True,513,6593
300429.SZ,强力新材,Success,True,True,513,6593
300144.SZ,宋城演艺,Success,True,True,513,6593
002373.SZ,千方科技,Success,True,True,513,6593
002768.SZ,国恩股份,Success,True,True,513,6593
300130.SZ,新国都,Success,True,True,513,6593
002307.SZ,北新路桥,Success,True,True,513,6593
000697.SZ,ST炼石,Success,True,True,513,6593
301337.SZ,亚华电子,Success,True,True,513,6593
002780.SZ,三夫户外,Success,True,True,513,6593
300806.SZ,斯迪克,Success,True,True,513,6593
300872.SZ,天阳科技,Success,True,True,513,6593
002262.SZ,恩华药业,Success,True,True,513,6593
002679.SZ,福建金森,Success,True,True,513,6593
300055.SZ,万邦达,Success,True,True,513,6593
002216.SZ,三全食品,Success,True,True,513,6593
000301.SZ,东方盛虹,Success,True,True,513,6593
300021.SZ,大禹节水,Success,True,True,513,6593
002691.SZ,冀凯股份,Success,True,True,513,6593
300917.SZ,特发服务,Success,True,True,513,6593
003011.SZ,海象新材,Success,True,True,513,6593
000786.SZ,北新建材,Success,True,True,513,6593
301226.SZ,祥明智能,Success,True,True,513,6593
300963.SZ,中洲特材,Success,True,True,513,6593
301252.SZ,同星科技,Success,True,True,513,6593
002793.SZ,罗欣药业,Success,True,True,513,6593
002388.SZ,新亚制程,Success,True,True,513,6593
300815.SZ,玉禾田,Success,True,True,513,6593
300861.SZ,美畅股份,Success,True,True,513,6593
300157.SZ,新锦动力,Success,True,True,513,6593
002360.SZ,同德化工,Success,True,True,513,6593
300123.SZ,亚光科技,Success,True,True,513,6593
300538.SZ,同益股份,Success,True,True,513,6593
300889.SZ,爱克股份,Success,True,True,513,6594
002314.SZ,南山控股,Success,True,True,513,6594
002852.SZ,道道全,Success,True,True,513,6594
002826.SZ,易明医药,Success,True,True,513,6594
301120.SZ,新特电气,Success,True,True,513,6594
002597.SZ,金禾实业,Success,True,True,513,6594
000931.SZ,中 关 村,Success,True,True,513,6594
000007.SZ,全新好,Success,True,True,513,6593
300327.SZ,中颖电子,Success,True,True,513,6594
002110.SZ,三钢闽光,Success,True,True,513,6594
300748.SZ,金力永磁,Success,True,True,513,6594
300353.SZ,东土科技,Success,True,True,513,6594
002164.SZ,宁波东力,Success,True,True,513,6594
002409.SZ,雅克科技,Success,True,True,513,6594
002012.SZ,凯恩股份,Success,True,True,513,6594
300225.SZ,*ST金泰,Success,True,True,513,6594
002066.SZ,瑞泰科技,Success,True,True,513,6594
300251.SZ,光线传媒,Success,True,True,513,6594
001376.SZ,百通能源,Success,True,True,513,6594
002950.SZ,奥美医疗,Success,True,True,513,6594
301056.SZ,森赫股份,Success,True,True,513,6594
002495.SZ,佳隆股份,Success,True,True,513,6594
000833.SZ,粤桂股份,Success,True,True,513,6594
301439.SZ,泓淋电力,Success,True,True,513,6594
000582.SZ,北部湾港,Success,True,True,513,6594
301022.SZ,海泰科,Success,True,True,513,6594
300199.SZ,翰宇药业,Success,True,True,513,6594
300582.SZ,英飞特,Success,True,True,513,6594
301302.SZ,华如科技,Success,True,True,513,6594
300833.SZ,浩洋股份,Success,True,True,513,6593
301376.SZ,致欧科技,Success,True,True,513,6594
300847.SZ,中船汉光,Success,True,True,513,6594
300171.SZ,东富龙,Success,True,True,513,6594
002346.SZ,柘中股份,Success,True,True,513,6594
300105.SZ,龙源技术,Success,True,True,513,6594
001914.SZ,招商积余,Success,True,True,513,6594
002729.SZ,好利科技,Success,True,True,513,6594
002332.SZ,仙琚制药,Success,True,True,513,6594
002244.SZ,滨江集团,Success,True,True,513,6594
300468.SZ,四方精创,Success,True,True,513,6594
300073.SZ,当升科技,Success,True,True,513,6594
002230.SZ,科大讯飞,Success,True,True,513,6594
301687.SZ,新广益,Success,True,True,29,6594
300007.SZ,汉威科技,Success,True,True,513,6594
003037.SZ,三和管桩,Success,True,True,513,6594
300931.SZ,通用电梯,Success,True,True,513,6594
300480.SZ,光力科技,Success,True,True,513,6594
301200.SZ,大族数控,Success,True,True,513,6594
300945.SZ,曼卡龙,Success,True,True,513,6594
003043.SZ,华亚智能,Success,True,True,513,6594
000889.SZ,中嘉博创,Success,True,True,513,6594
002034.SZ,旺能环境,Success,True,True,513,6594
000538.SZ,云南白药,Success,True,True,513,6594
301098.SZ,金埔园林,Success,True,True,513,6594
300203.SZ,聚光科技,Success,True,True,513,6594
300618.SZ,寒锐钴业,Success,True,True,513,6594
002040.SZ,南 京 港,Success,True,True,513,6594
000157.SZ,中联重科,Success,True,True,513,6594
300277.SZ,海联讯,Success,True,True,513,6594
301070.SZ,开勒股份,Success,True,True,513,6594
002976.SZ,瑞玛精密,Success,True,True,513,6594
000815.SZ,美利云,Success,True,True,513,6595
001324.SZ,长青科技,Success,True,True,513,6594
300684.SZ,中石科技,Success,True,True,513,6594
002902.SZ,铭普光磁,Success,True,True,513,6595
301004.SZ,嘉益股份,Success,True,True,513,6595
301172.SZ,君逸数码,Success,True,True,513,6595
000963.SZ,华东医药,Success,True,True,513,6595
001226.SZ,拓山重工,Success,True,True,513,6594
300786.SZ,国林科技,Success,True,True,513,6595
301106.SZ,骏成科技,Success,True,True,513,6594
002800.SZ,天顺股份,Success,True,True,513,6595
000917.SZ,电广传媒,Success,True,True,513,6595
301581.SZ,黄山谷捷,Success,True,True,270,6595
000021.SZ,深科技,Success,True,True,513,6595
300301.SZ,ST长方,Success,True,True,513,6595
002136.SZ,安 纳 达,Success,True,True,513,6595
000055.SZ,方大集团,Success,True,True,513,6595
300375.SZ,鹏翎股份,Success,True,True,513,6595
002142.SZ,宁波银行,Success,True,True,513,6595
002559.SZ,亚威股份,Success,True,True,513,6595
301063.SZ,海锅股份,Success,True,True,513,6595
002965.SZ,祥鑫科技,Success,True,True,513,6595
001337.SZ,四川黄金,Success,True,True,513,6595
300697.SZ,电工合金,Success,True,True,513,6595
002911.SZ,佛燃能源,Success,True,True,513,6595
301017.SZ,漱玉平民,Success,True,True,513,6595
002027.SZ,分众传媒,Success,True,True,513,6595
300210.SZ,森远股份,Success,True,True,513,6595
002053.SZ,云南能投,Success,True,True,513,6595
002448.SZ,中原内配,Success,True,True,513,6595
300264.SZ,佳创视讯,Success,True,True,513,6595
301592.SZ,六九一二,Success,True,True,320,6595
000429.SZ,粤高速Ａ,Success,True,True,513,6595
301189.SZ,奥尼电子,Success,True,True,513,6595
000032.SZ,深桑达Ａ,Success,True,True,513,6595
300709.SZ,精研科技,Success,True,True,513,6595
000998.SZ,隆平高科,Success,True,True,513,6595
002125.SZ,湘潭电化,Success,True,True,513,6595
300366.SZ,ST创意,Success,True,True,513,6595
002151.SZ,北斗星通,Success,True,True,513,6595
002867.SZ,周大生,Success,True,True,513,6595
301161.SZ,唯万密封,Success,True,True,513,6595
000970.SZ,中科三环,Success,True,True,513,6595
300795.SZ,米奥会展,Success,True,True,513,6595
301115.SZ,联检科技,Success,True,True,513,6595
002813.SZ,路畅科技,Success,True,True,513,6595
000659.SZ,珠海中富,Success,True,True,513,6595
300579.SZ,数字认证,Success,True,True,513,6595
300162.SZ,雷曼光电,Success,True,True,513,6595
002355.SZ,兴民智通,Success,True,True,513,6595
002321.SZ,华英农业,Success,True,True,513,6595
300591.SZ,万里马,Success,True,True,513,6595
301311.SZ,昆船智能,Success,True,True,513,6595
300820.SZ,英杰电气,Success,True,True,513,6595
301365.SZ,矩阵股份,Success,True,True,513,6595
300854.SZ,中兰环保,Success,True,True,513,6595
300922.SZ,天秦装备,Success,True,True,513,6595
300088.SZ,长信科技,Success,True,True,513,6595
300493.SZ,润欣科技,Success,True,True,513,6595
301608.SZ,博实结,Success,True,True,373,6595
301213.SZ,观想科技,Success,True,True,513,6113
300956.SZ,英力股份,Success,True,True,513,6595
301267.SZ,华厦眼科,Success,True,True,513,6595
002638.SZ,勤上股份,Success,True,True,513,6595
002223.SZ,鱼跃医疗,Success,True,True,513,6595
300014.SZ,亿纬锂能,Success,True,True,513,6595
002463.SZ,沪电股份,Success,True,True,513,6595
002078.SZ,太阳纸业,Success,True,True,513,6595
300654.SZ,世纪天鸿,Success,True,True,513,6595
300620.SZ,光库科技,Success,True,True,513,6596
001380.SZ,华纬科技,Success,True,True,513,6596
002090.SZ,金智科技,Success,True,True,513,6595
000859.SZ,国风新材,Success,True,True,513,6596
001368.SZ,通达创智,Success,True,True,513,6596
301048.SZ,金鹰重工,Success,True,True,513,6596
002838.SZ,道恩股份,Success,True,True,513,6596
301525.SZ,儒竞科技,Success,True,True,513,6596
002192.SZ,融捷股份,Success,True,True,513,6596
002589.SZ,瑞康医药,Success,True,True,513,6596
301551.SZ,无线传媒,Success,True,True,335,6596
300756.SZ,金马游乐,Success,True,True,513,6596
002561.SZ,徐家汇,Success,True,True,513,6596
000019.SZ,深粮控股,Success,True,True,513,6596
000402.SZ,金 融 街,Success,True,True,513,6596
300722.SZ,新余国科,Success,True,True,513,6596
001282.SZ,三联锻造,Success,True,True,513,6596
300339.SZ,润和软件,Success,True,True,513,6596
002515.SZ,金字火腿,Success,True,True,513,6596
002396.SZ,星网锐捷,Success,True,True,513,6596
300897.SZ,山科智能,Success,True,True,513,6596
000672.SZ,上峰水泥,Success,True,True,513,6596
300149.SZ,睿智医药,Success,True,True,513,6596
300552.SZ,万集科技,Success,True,True,513,6596
002765.SZ,蓝黛科技,Success,True,True,513,6596
300995.SZ,奇德新材,Success,True,True,513,6596
002208.SZ,合肥城建,Success,True,True,513,6596
002613.SZ,北玻股份,Success,True,True,513,6596
300424.SZ,航新科技,Success,True,True,513,6596
002667.SZ,威领股份,Success,True,True,513,6596
300450.SZ,先导智能,Success,True,True,513,6596
002294.SZ,信立泰,Success,True,True,513,6596
300909.SZ,汇创达,Success,True,True,513,6596
301238.SZ,瑞泰新材,Success,True,True,513,6596
000798.SZ,中水渔业,Success,True,True,513,6596
000615.SZ,*ST美谷,Success,True,True,513,6596
300535.SZ,达威股份,Success,True,True,513,6596
300884.SZ,狄耐克,Success,True,True,513,6596
002319.SZ,乐通股份,Success,True,True,513,6596
002702.SZ,海欣食品,Success,True,True,513,6596
000661.SZ,长春高新,Success,True,True,513,6596
300541.SZ,先进数通,Success,True,True,513,6596
301329.SZ,信音电子,Success,True,True,513,6596
002385.SZ,大北农,Success,True,True,513,6596
300818.SZ,耐普矿机,Success,True,True,513,6596
002287.SZ,奇正藏药,Success,True,True,513,6596
301630.SZ,同宇新材,Success,True,True,147,6596
300986.SZ,志特新材,Success,True,True,513,6596
002600.SZ,领益智造,Success,True,True,513,6596
000717.SZ,中南股份,Success,True,True,513,6596
300437.SZ,清水源,Success,True,True,513,6596
002674.SZ,兴业科技,Success,True,True,513,6596
300058.SZ,蓝色光标,Success,True,True,513,6596
300443.SZ,金雷股份,Success,True,True,513,6596
002083.SZ,孚日股份,Success,True,True,513,6596
002498.SZ,汉缆股份,Success,True,True,513,6596
002929.SZ,润建股份,Success,True,True,513,6596
002470.SZ,金正大,Success,True,True,513,6596
000567.SZ,海德股份,Success,True,True,513,6596
300647.SZ,超频三,Success,True,True,513,6596
002404.SZ,嘉欣丝绸,Success,True,True,513,6596
000513.SZ,丽珠集团,Success,True,True,513,6597
300633.SZ,开立医疗,Success,True,True,513,6596
300228.SZ,富瑞特装,Success,True,True,513,6597
300745.SZ,欣锐科技,Success,True,True,513,6597
002572.SZ,索菲亚,Success,True,True,513,6597
002169.SZ,智光电气,Success,True,True,513,6597
000411.SZ,英特集团,Success,True,True,513,6597
300731.SZ,科创新源,Success,True,True,513,6596
002506.SZ,协鑫集成,Success,True,True,513,6597
000096.SZ,广聚能源,Success,True,True,513,6597
301536.SZ,星宸科技,Success,True,True,457,6597
002181.SZ,粤 传 媒,Success,True,True,513,6597
001279.SZ,强邦新材,Success,True,True,329,6597
301159.SZ,三维天地,Success,True,True,513,6597
000948.SZ,南天信息,Success,True,True,513,6597
300948.SZ,冠中生态,Success,True,True,513,6597
301662.SZ,宏工科技,Success,True,True,203,6597
301279.SZ,金道科技,Success,True,True,513,6597
300096.SZ,ST易联众,Success,True,True,513,6597
301616.SZ,浙江华业,Success,True,True,217,6597
002626.SZ,金达威,Success,True,True,513,6597
301291.SZ,明阳电气,Success,True,True,513,6597
000731.SZ,四川美丰,Success,True,True,513,6597
300411.SZ,金盾股份,Success,True,True,513,6597
002652.SZ,扬子新材,Success,True,True,513,6597
002249.SZ,大洋电机,Success,True,True,513,6597
300465.SZ,高伟达,Success,True,True,513,6597
301393.SZ,昊帆生物,Success,True,True,513,6597
000633.SZ,合金投资,Success,True,True,513,6597
300513.SZ,恒实科技,Success,True,True,513,6597
002724.SZ,海洋王,Success,True,True,513,6597
300567.SZ,精测电子,Success,True,True,513,6597
300194.SZ,福安药业,Success,True,True,513,6597
000058.SZ,深 赛 格,Success,True,True,513,6597
300378.SZ,鼎捷数智,Success,True,True,513,6597
300763.SZ,锦浪科技,Success,True,True,513,6597
002554.SZ,惠博普,Success,True,True,513,6597
301197.SZ,工大科雅,Success,True,True,513,6597
002891.SZ,中宠股份,Success,True,True,513,6597
300717.SZ,华信新材,Success,True,True,513,6597
002520.SZ,日发精机,Success,True,True,513,6597
300390.SZ,天华新能,Success,True,True,513,6597
301510.SZ,固高科技,Success,True,True,513,6597
002879.SZ,长缆科技,Success,True,True,513,6597
000818.SZ,航锦科技,Success,True,True,513,6597
300689.SZ,澄天伟业,Success,True,True,513,6597
300292.SZ,吴通控股,Success,True,True,513,6597
301009.SZ,可靠股份,Success,True,True,513,6597
002456.SZ,欧菲光,Success,True,True,513,6597
000541.SZ,佛山照明,Success,True,True,513,6597
300661.SZ,圣邦股份,Success,True,True,513,6597
002039.SZ,黔源电力,Success,True,True,513,6597
002422.SZ,科伦药业,Success,True,True,513,6597
002993.SZ,奥海科技,Success,True,True,513,6597
301095.SZ,广立微,Success,True,True,513,6597
300615.SZ,欣天科技,Success,True,True,513,6597
300798.SZ,锦鸡股份,Success,True,True,513,6597
001238.SZ,浙江正特,Success,True,True,513,6597
300383.SZ,光环新网,Success,True,True,513,6597
301118.SZ,恒光股份,Success,True,True,513,6597
301503.SZ,智迪科技,Success,True,True,513,6597
000909.SZ,ST数源,Success,True,True,513,6597
301577.SZ,美信科技,Success,True,True,497,6597
300770.SZ,新媒股份,Success,True,True,513,6597
002547.SZ,春兴精工,Success,True,True,513,6597
002882.SZ,金龙羽,Success,True,True,513,6597
000995.SZ,皇台酒业,Success,True,True,513,6597
002128.SZ,电投能源,Success,True,True,513,6597
002533.SZ,金杯电工,Success,True,True,513,6597
002445.SZ,中南文化,Success,True,True,513,6598
000552.SZ,甘肃能化,Success,True,True,513,6598
300269.SZ,联建光电,Success,True,True,513,6598
300672.SZ,国科微,Success,True,True,513,6598
000897.SZ,津滨发展,Success,True,True,513,6598
002431.SZ,棕榈股份,Success,True,True,513,6598
002980.SZ,华盛昌,Success,True,True,513,6598
301086.SZ,鸿富瀚,Success,True,True,513,6598
000526.SZ,学大教育,Success,True,True,513,6598
300606.SZ,金太阳,Success,True,True,513,6598
300281.SZ,金明精机,Success,True,True,513,6598
002968.SZ,新大正,Success,True,True,513,6598
002635.SZ,安洁科技,Success,True,True,513,6598
301282.SZ,金禄电子,Success,True,True,513,6598
000722.SZ,湖南发展,Success,True,True,513,6598
300402.SZ,宝色股份,Success,True,True,513,6598
300019.SZ,硅宝科技,Success,True,True,513,6598
002641.SZ,公元股份,Success,True,True,513,6598
000756.SZ,新华制药,Success,True,True,513,6598
300476.SZ,胜宏科技,Success,True,True,513,6598
003029.SZ,吉大正元,Success,True,True,513,6598
300085.SZ,银之杰,Success,True,True,513,6598
301368.SZ,丰立智能,Success,True,True,513,6598
300859.SZ,西域旅游,Success,True,True,513,6598
300187.SZ,永清环保,Success,True,True,513,6598
301380.SZ,挖金客,Success,True,True,513,6598
000620.SZ,盈新发展,Success,True,True,513,6598
300500.SZ,启迪设计,Success,True,True,513,6598
002737.SZ,葵花药业,Success,True,True,513,6598
002743.SZ,富煌钢构,Success,True,True,513,6598
002358.SZ,森源电气,Success,True,True,513,6598
300980.SZ,祥源新材,Success,True,True,513,6598
002606.SZ,大连电瓷,Success,True,True,513,6598
000711.SZ,ST京蓝,Success,True,True,513,6598
002269.SZ,美邦服饰,Success,True,True,513,6598
002672.SZ,东江环保,Success,True,True,513,6598
300445.SZ,康斯特,Success,True,True,513,6598
300968.SZ,格林精密,Success,True,True,513,6598
301259.SZ,艾布鲁,Success,True,True,513,6598
002281.SZ,光迅科技,Success,True,True,513,6598
301636.SZ,泽润新能,Success,True,True,185,6598
002798.SZ,帝欧水华,Success,True,True,513,6598
002383.SZ,合众思壮,Success,True,True,513,6598
300128.SZ,锦富技术,Success,True,True,513,6598
300533.SZ,冰川网络,Success,True,True,513,6598
300882.SZ,万胜智能,Success,True,True,513,6598
300547.SZ,川环科技,Success,True,True,513,6598
000090.SZ,天健集团,Success,True,True,513,6598
002187.SZ,广百股份,Success,True,True,513,6598
002859.SZ,洁美科技,Success,True,True,513,6598
000078.SZ,海王生物,Success,True,True,513,6598
300743.SZ,天地数码,Success,True,True,513,6598
300358.SZ,楚天科技,Success,True,True,513,6598
002574.SZ,明牌珠宝,Success,True,True,513,6598
000417.SZ,合百集团,Success,True,True,513,6598
300737.SZ,科顺股份,Success,True,True,513,6598
002500.SZ,山西证券,Success,True,True,513,6598
002476.SZ,宝莫股份,Success,True,True,513,6598
000561.SZ,烽火电子,Success,True,True,513,6598
300641.SZ,正丹股份,Success,True,True,513,6598
002402.SZ,和而泰,Success,True,True,513,6599
002019.SZ,亿帆医药,Success,True,True,513,6599
001395.SZ,亚联机械,Success,True,True,254,6599
300635.SZ,中达安,Success,True,True,513,6599
000838.SZ,财信发展,Success,True,True,513,6599
002085.SZ,万丰奥威,Success,True,True,513,6599
001309.SZ,德明利,Success,True,True,513,6599
000589.SZ,贵州轮胎,Success,True,True,513,6599
301029.SZ,怡合达,Success,True,True,513,6599
301446.SZ,福事特,Success,True,True,513,6599
300750.SZ,宁德时代,Success,True,True,513,6599
002567.SZ,唐人神,Success,True,True,513,6599
000404.SZ,长虹华意,Success,True,True,513,6599
300724.SZ,捷佳伟创,Success,True,True,513,6599
002513.SZ,蓝丰生化,Success,True,True,513,6599
002108.SZ,沧州明珠,Success,True,True,513,6599
001218.SZ,丽臣实业,Success,True,True,513,6599
000498.SZ,山东路桥,Success,True,True,513,6599
301138.SZ,华研精机,Success,True,True,513,6599
000929.SZ,*ST兰黄,Success,True,True,513,6599
002194.SZ,武汉凡谷,Success,True,True,513,6599
301557.SZ,常友科技,Success,True,True,234,6599
002096.SZ,易普力,Success,True,True,513,6599
301421.SZ,波长光电,Success,True,True,513,6599
002948.SZ,青岛银行,Success,True,True,513,6599
002465.SZ,海格通信,Success,True,True,513,6599
000572.SZ,海马汽车,Success,True,True,513,6599
300652.SZ,雷迪克,Success,True,True,513,6599
300249.SZ,依米康,Success,True,True,513,6599
000506.SZ,招金黄金,Success,True,True,513,6599
001386.SZ,马可波罗,Success,True,True,79,6599
300626.SZ,华瑞股份,Success,True,True,513,6599
002689.SZ,ST远智,Success,True,True,513,6599
002292.SZ,奥飞娱乐,Success,True,True,513,6599
003009.SZ,中天火箭,Success,True,True,513,6599
300993.SZ,玉马科技,Success,True,True,513,6599
002615.SZ,哈尔斯,Success,True,True,513,6599
000702.SZ,正虹科技,Success,True,True,513,6599
300039.SZ,上海凯宝,Success,True,True,513,6599
300422.SZ,博世科,Success,True,True,513,6599
002661.SZ,克明食品,Success,True,True,513,6599
000776.SZ,广发证券,Success,True,True,513,6599
300456.SZ,赛微电子,Success,True,True,513,6599
000600.SZ,建投能源,Success,True,True,513,6599
300520.SZ,科大国创,Success,True,True,513,6599
300891.SZ,惠云钛业,Success,True,True,513,6599
002717.SZ,ST岭南,Success,True,True,513,6599
300554.SZ,三超新材,Success,True,True,513,6599
002378.SZ,章源钨业,Success,True,True,513,6599
002763.SZ,汇洁股份,Success,True,True,513,6599
301348.SZ,蓝箭电子,Success,True,True,513,6599
300879.SZ,大叶股份,Success,True,True,513,6599
002390.SZ,信邦制药,Success,True,True,513,6599
300287.SZ,飞利信,Success,True,True,513,6599
301068.SZ,大地海洋,Success,True,True,513,6599
002058.SZ,*ST威尔,Success,True,True,513,6599
002443.SZ,金洲管道,Success,True,True,513,6599
000554.SZ,泰山石油,Success,True,True,513,6599
300674.SZ,宇信科技,Success,True,True,513,6599
002437.SZ,誉衡药业,Success,True,True,513,6599
000520.SZ,凤凰航运,Success,True,True,513,6599
002986.SZ,宇新股份,Success,True,True,513,6599
301080.SZ,百普赛斯,Success,True,True,513,6599
300600.SZ,国瑞科技,Success,True,True,513,6599
300776.SZ,帝尔激光,Success,True,True,513,6599
002541.SZ,鸿路钢构,Success,True,True,513,6600
000422.SZ,湖北宜化,Success,True,True,513,6600
301182.SZ,凯旺科技,Success,True,True,513,6600
002884.SZ,凌霄泵业,Success,True,True,513,6599
000039.SZ,中集集团,Success,True,True,513,6600
300319.SZ,麦捷科技,Success,True,True,513,6600
300702.SZ,天宇股份,Success,True,True,513,6600
002535.SZ,林州重机,Success,True,True,513,6600
000993.SZ,闽东电力,Success,True,True,513,6600
300385.SZ,雪浪环境,Success,True,True,513,6600
301505.SZ,苏州规划,Success,True,True,513,6600
002818.SZ,富森美,Success,True,True,513,6600
301571.SZ,国科天成,Success,True,True,359,6600
000626.SZ,远大控股,Success,True,True,513,6600
301386.SZ,未来电器,Success,True,True,513,6600
300506.SZ,ST名家汇,Success,True,True,513,6599
002731.SZ,ST萃华,Success,True,True,513,6600
000652.SZ,泰达股份,Success,True,True,513,6600
300572.SZ,安车检测,Success,True,True,513,6600
300169.SZ,天晟新材,Success,True,True,513,6600
002745.SZ,木林森,Success,True,True,513,6600
300181.SZ,佐力药业,Success,True,True,513,6600
300929.SZ,华骐环保,Success,True,True,513,6600
300083.SZ,创世纪,Success,True,True,513,6600
300498.SZ,温氏股份,Success,True,True,513,6600
301603.SZ,乔锋智能,Success,True,True,389,6600
301218.SZ,华是科技,Success,True,True,513,6600
002633.SZ,申科股份,Success,True,True,513,6600
002228.SZ,合兴包装,Success,True,True,513,6600
300404.SZ,博济医药,Success,True,True,513,6600
002647.SZ,*ST仁东,Success,True,True,513,6599
000750.SZ,国海证券,Success,True,True,513,6600
300470.SZ,中密控股,Success,True,True,513,6600
300192.SZ,科德教育,Success,True,True,513,6600
300589.SZ,江龙船艇,Success,True,True,513,6600
301309.SZ,万得凯,Success,True,True,513,6600
300838.SZ,浙江力诺,Success,True,True,513,6600
000635.SZ,英 力 特,Success,True,True,513,6600
301395.SZ,仁信新材,Success,True,True,513,6600
300515.SZ,三德科技,Success,True,True,513,6600
002722.SZ,物产金轮,Success,True,True,513,6600
002339.SZ,积成电子,Success,True,True,513,6600
300561.SZ,*ST汇科,Success,True,True,513,6600
002756.SZ,永兴材料,Success,True,True,513,6600
002620.SZ,ST瑞和,Success,True,True,513,6600
000737.SZ,北方铜业,Success,True,True,513,6600
301297.SZ,富乐德,Success,True,True,513,6600
300417.SZ,南华仪器,Success,True,True,513,6600
002654.SZ,万润科技,Success,True,True,513,6600
300463.SZ,迈克生物,Success,True,True,513,6600
300078.SZ,思创智联,Success,True,True,513,6600
000547.SZ,航天发展,Success,True,True,513,6600
300667.SZ,必创科技,Success,True,True,513,6600
002424.SZ,ST百灵,Success,True,True,513,6600
000882.SZ,华联股份,Success,True,True,513,6600
301488.SZ,豪恩汽电,Success,True,True,513,6600
000533.SZ,顺钠股份,Success,True,True,513,6600
002995.SZ,天地在线,Success,True,True,513,6600
301093.SZ,华兰股份,Success,True,True,513,6600
300613.SZ,富瀚微,Success,True,True,513,6600
300294.SZ,博雅生物,Success,True,True,513,6600
002909.SZ,集泰股份,Success,True,True,513,6600
300396.SZ,迪瑞医疗,Success,True,True,513,6600
301516.SZ,中远通,Success,True,True,513,6600
001259.SZ,利仁科技,Success,True,True,513,6600
301179.SZ,泽宇智能,Success,True,True,513,6601
000968.SZ,蓝焰控股,Success,True,True,513,6601
300765.SZ,新诺威,Success,True,True,513,6601
002149.SZ,西部材料,Success,True,True,513,6601
002552.SZ,宝鼎科技,Success,True,True,513,6601
301191.SZ,菲菱科思,Success,True,True,513,6601
002897.SZ,意华股份,Success,True,True,513,6601
300711.SZ,广哈通信,Success,True,True,513,6601
002526.SZ,山东矿机,Success,True,True,513,6601
000980.SZ,众泰汽车,Success,True,True,513,6601
300151.SZ,昌红科技,Success,True,True,513,6601
002366.SZ,融发核电,Success,True,True,513,6601
300125.SZ,*ST聆达,Success,True,True,513,6601
002312.SZ,川发龙蟒,Success,True,True,513,6601
002709.SZ,天赐材料,Success,True,True,513,6601
301322.SZ,绿通科技,Success,True,True,513,6601
000682.SZ,东方电子,Success,True,True,513,6601
002795.SZ,永和智控,Success,True,True,513,6601
300813.SZ,泰林生物,Success,True,True,513,6601
301356.SZ,天振股份,Success,True,True,513,6600
300867.SZ,圣元环保,Success,True,True,513,6601
002697.SZ,红旗连锁,Success,True,True,513,6601
300911.SZ,亿田智能,Success,True,True,513,6601
003017.SZ,大洋生物,Success,True,True,513,6601
301220.SZ,亚香股份,Success,True,True,513,6601
300965.SZ,恒宇信通,Success,True,True,513,6601
002264.SZ,新 华 都,Success,True,True,513,6601
000768.SZ,中航西飞,Success,True,True,513,6601
300053.SZ,航宇微,Success,True,True,513,6601
300448.SZ,浩云科技,Success,True,True,513,6601
002210.SZ,飞马国际,Success,True,True,513,6601
300027.SZ,华谊兄弟,Success,True,True,513,6601
002956.SZ,西麦食品,Success,True,True,513,6601
301050.SZ,雷电微力,Success,True,True,513,6601
002088.SZ,鲁阳节能,Success,True,True,513,6601
002493.SZ,荣盛石化,Success,True,True,513,6601
301024.SZ,霍普股份,Success,True,True,513,6601
002922.SZ,伊戈尔,Success,True,True,513,6601
002014.SZ,永新股份,Success,True,True,513,6601
000518.SZ,*ST四环,Success,True,True,513,6601
300638.SZ,广和通,Success,True,True,513,6601
300223.SZ,北京君正,Success,True,True,513,6601
002060.SZ,广东建工,Success,True,True,513,6601
300257.SZ,开山股份,Success,True,True,513,6601
000001.SZ,平安银行,Success,True,True,513,6601
300321.SZ,同大股份,Success,True,True,513,6601
002116.SZ,中国海诚,Success,True,True,513,6601
300355.SZ,蒙草生态,Success,True,True,513,6601
002579.SZ,中京电子,Success,True,True,513,6601
002162.SZ,悦心健康,Success,True,True,513,6601
301152.SZ,天力锂能,Success,True,True,513,6601
001206.SZ,依依股份,Success,True,True,513,6601
002820.SZ,桂发祥,Success,True,True,513,6601
301126.SZ,达嘉维康,Success,True,True,513,6601
000937.SZ,冀中能源,Success,True,True,513,6601
002591.SZ,恒大高新,Success,True,True,513,6601
002007.SZ,华兰生物,Success,True,True,513,6601
300230.SZ,永利股份,Success,True,True,513,6601
002468.SZ,申通快递,Success,True,True,513,6601
002073.SZ,软控股份,Success,True,True,513,6601
300244.SZ,迪安诊断,Success,True,True,513,6602
000852.SZ,石化机械,Success,True,True,513,6602
301458.SZ,钧崴电子,Success,True,True,265,6602
002945.SZ,华林证券,Success,True,True,513,6602
301043.SZ,绿岛风,Success,True,True,513,6602
000826.SZ,启迪环境,Success,True,True,513,6602
002480.SZ,新筑股份,Success,True,True,513,6602
001317.SZ,三羊马,Success,True,True,513,6602
301037.SZ,保立佳,Success,True,True,513,6602
002931.SZ,锋龙股份,Success,True,True,513,6602
000597.SZ,东北制药,Success,True,True,513,6602
301141.SZ,中科磁业,Success,True,True,513,6602
002847.SZ,盐津铺子,Success,True,True,513,6602
000950.SZ,重药控股,Success,True,True,513,6602
001215.SZ,千味央厨,Success,True,True,513,6602
002833.SZ,弘亚数控,Success,True,True,513,6602
301135.SZ,瑞德智能,Success,True,True,513,6601
002199.SZ,*ST东晶,Success,True,True,513,6602
002582.SZ,好想你,Success,True,True,513,6602
000012.SZ,南 玻Ａ,Success,True,True,513,6602
000409.SZ,云鼎科技,Success,True,True,513,6602
300729.SZ,乐歌股份,Success,True,True,513,6602
001289.SZ,龙源电力,Success,True,True,513,6602
300332.SZ,天壕能源,Success,True,True,513,6602
002105.SZ,信隆健康,Success,True,True,513,6602
000066.SZ,中国长城,Success,True,True,513,6602
300346.SZ,南大光电,Success,True,True,513,6602
002171.SZ,楚江新材,Success,True,True,513,6602
301331.SZ,恩威医药,Success,True,True,513,6602
000691.SZ,*ST亚太,Success,True,True,513,6602
002786.SZ,银宝山新,Success,True,True,513,6602
300800.SZ,力合科技,Success,True,True,513,6602
301345.SZ,涛涛车业,Success,True,True,513,6602
000679.SZ,大连友谊,Success,True,True,513,6602
300142.SZ,沃森生物,Success,True,True,513,6602
300559.SZ,佳发教育,Success,True,True,513,6602
002375.SZ,亚厦股份,Success,True,True,513,6602
300136.SZ,信维通信,Success,True,True,513,6602
002301.SZ,齐心集团,Success,True,True,513,6602
002277.SZ,友阿股份,Success,True,True,513,6602
300040.SZ,九洲集团,Success,True,True,513,6602
002203.SZ,海亮股份,Success,True,True,513,6602
300034.SZ,钢研高纳,Success,True,True,513,6602
300902.SZ,国安达,Success,True,True,513,6602
003004.SZ,*ST声迅,Success,True,True,513,6602
301233.SZ,盛帮股份,Success,True,True,513,6602
000793.SZ,ST华闻,Success,True,True,513,6602
301628.SZ,强达电路,Success,True,True,315,6602
300976.SZ,达瑞电子,Success,True,True,513,6602
002861.SZ,瀛通通讯,Success,True,True,513,6602
301167.SZ,建研设计,Success,True,True,513,6602
300793.SZ,佳禾智能,Success,True,True,513,6602
001233.SZ,海安集团,Success,True,True,55,6602
300388.SZ,节能国祯,Success,True,True,513,6602
301113.SZ,雅艺科技,Success,True,True,513,6602
002815.SZ,崇达技术,Success,True,True,513,6602
301508.SZ,中机认检,Success,True,True,513,6602
000902.SZ,新洋丰,Success,True,True,513,6602
002889.SZ,东方嘉盛,Success,True,True,513,6602
000034.SZ,神州数码,Success,True,True,513,6602
300314.SZ,戴维医疗,Success,True,True,513,6602
002123.SZ,梦网科技,Success,True,True,513,6602
002538.SZ,司尔特,Success,True,True,513,6602
300360.SZ,炬华科技,Success,True,True,513,6602
002157.SZ,正邦科技,Success,True,True,513,6602
002021.SZ,中捷资源,Success,True,True,513,6602
002055.SZ,ST得润,Success,True,True,513,6361
000559.SZ,万向钱潮,Success,True,True,513,6602
300679.SZ,电连技术,Success,True,True,513,6602
301065.SZ,本立科技,Success,True,True,513,6602
002963.SZ,豪尔赛,Success,True,True,513,6603
000800.SZ,一汽解放,Success,True,True,513,6603
300691.SZ,联合光电,Success,True,True,513,6603
001331.SZ,胜通能源,Success,True,True,513,6362
002917.SZ,金奥博,Success,True,True,513,6603
301011.SZ,华立科技,Success,True,True,513,6603
002251.SZ,步步高,Success,True,True,513,6603
300066.SZ,三川智慧,Success,True,True,513,6603
002225.SZ,濮耐股份,Success,True,True,513,6603
301289.SZ,国缆检测,Success,True,True,513,6602
000729.SZ,燕京啤酒,Success,True,True,513,6603
300409.SZ,道氏技术,Success,True,True,513,6603
300012.SZ,华测检测,Success,True,True,513,6603
003022.SZ,联泓新科,Success,True,True,513,6603
301215.SZ,中汽股份,Success,True,True,513,6603
300950.SZ,德固特,Success,True,True,513,6603
301261.SZ,恒工精密,Success,True,True,513,6603
300597.SZ,吉大通信,Success,True,True,513,6603
301317.SZ,鑫磊股份,Success,True,True,513,6603
300826.SZ,测绘股份,Success,True,True,513,6603
301363.SZ,美好医疗,Success,True,True,513,6603
300852.SZ,四会富仕,Success,True,True,513,6603
300164.SZ,通源石油,Success,True,True,513,6603
002748.SZ,世龙实业,Success,True,True,513,6603
002353.SZ,杰瑞股份,Success,True,True,513,6603
300110.SZ,华仁药业,Success,True,True,513,6603
003816.SZ,中国广核,Success,True,True,513,6603
002327.SZ,富安娜,Success,True,True,513,6603
003031.SZ,中瓷电子,Success,True,True,513,6603
300937.SZ,药易购,Success,True,True,513,6603
300486.SZ,东杰智能,Success,True,True,513,6603
301206.SZ,三元生物,Success,True,True,513,6603
300943.SZ,春晖智控,Success,True,True,513,6603
301272.SZ,英华特,Success,True,True,513,6603
002659.SZ,凯文教育,Success,True,True,513,6603
002242.SZ,九阳股份,Success,True,True,513,6603
300075.SZ,数字政通,Success,True,True,513,6603
002236.SZ,大华股份,Success,True,True,513,6603
300001.SZ,特锐德,Success,True,True,513,6603
300177.SZ,中海达,Success,True,True,513,6603
002340.SZ,格林美,Success,True,True,513,6603
301398.SZ,星源卓镁,Success,True,True,513,6603
000638.SZ,*ST万方,Success,True,True,513,6603
300518.SZ,新迅达,Success,True,True,513,6603
300103.SZ,达刚控股,Success,True,True,513,6603
002334.SZ,英威腾,Success,True,True,513,6603
300584.SZ,海辰药业,Success,True,True,513,6603
300835.SZ,龙磁科技,Success,True,True,513,6603
301370.SZ,国科恒泰,Success,True,True,513,6603
300841.SZ,康华生物,Success,True,True,513,6603
000027.SZ,深圳能源,Success,True,True,513,6603
301587.SZ,中瑞股份,Success,True,True,452,6603
300307.SZ,慈星股份,Success,True,True,513,6603
002130.SZ,沃尔核材,Success,True,True,513,6603
300373.SZ,扬杰科技,Success,True,True,513,6603
300768.SZ,迪普科技,Success,True,True,513,6603
002144.SZ,宏达高科,Success,True,True,513,6603
002872.SZ,ST天圣,Success,True,True,513,6603
000965.SZ,天保基建,Success,True,True,513,6603
300780.SZ,德恩精工,Success,True,True,513,6603
001220.SZ,世盟股份,Success,True,True,7,1543
301100.SZ,风光股份,Success,True,True,513,6603
002806.SZ,华锋股份,Success,True,True,513,6604
000911.SZ,广农糖业,Success,True,True,513,6604
001356.SZ,富岭股份,Success,True,True,256,6604
301076.SZ,新瀚新材,Success,True,True,513,6604
002970.SZ,锐明技术,Success,True,True,513,6604
000813.SZ,德展健康,Success,True,True,513,6604
300682.SZ,朗新科技,Success,True,True,513,6604
001322.SZ,箭牌家居,Success,True,True,513,6603
300299.SZ,富春股份,Success,True,True,513,6604
301002.SZ,崧盛股份,Success,True,True,513,6604
301419.SZ,阿莱德,Success,True,True,513,6604
002032.SZ,苏 泊 尔,Success,True,True,513,6604
002429.SZ,兆驰股份,Success,True,True,513,6604
002998.SZ,优彩资源,Success,True,True,513,6604
300205.SZ,*ST天喻,Success,True,True,513,6604
002046.SZ,国机精工,Success,True,True,513,6604
000151.SZ,中成股份,Success,True,True,513,6604
300271.SZ,华宇软件,Success,True,True,513,6604
